trip_id,waybill_number,origin_terminal,destination,destination_address,route,distance_km,distance_source,expected_tat_hours,base_eta_minutes,departure_hour,day_of_week,is_weekend,is_peak_hour,product_name,quantity_litres,truck_type,truck_capacity_litres,load_utilization,tare_weight_tonnes,gross_weight_tonnes,net_weight_tonnes,loading_temperature_c,fuel_at_departure_litres,customer,actual_duration_minutes,actual_arrival
75d31fbc-6a58-48c5-ad55-0b905f867520,SYN-WB-E02AC64DCF,Sapele Terminal,"Birnin Kebbi, Nigeria","Birnin Kebbi, Nigeria",Sapele Terminal → BIRNIN KEBBI,7200.0,synthetic,144.0,8640.0,9,0,0,1,dual_purpose_kerosene,20000.0,tanker,20000.0,1.0,13.5,29.9,16.4,27.44,253.0,Synthetic Customer - Birnin Kebbi,8640.0,2026-05-24T09:39:29.956114+00:00
853147e8-f5a6-42d9-92b4-701607303e29,SYN-WB-4BC61FE8BE,Gwagwalada Terminal,"Benue, Nigeria","Benue, Nigeria",Gwagwalada Terminal → BENUE,1200.0,synthetic,24.0,1440.0,3,5,1,0,aviation_turbine_kerosene,25000.0,tanker,25000.0,1.0,11.5,32.0,20.5,25.15,130.0,Synthetic Customer - Benue,1440.0,2026-07-19T03:27:29.956114+00:00
1f36f73e-6242-46d3-aa56-7e568bb187b9,SYN-WB-B27A5933F9,PHC Terminal,AKWAIBOM,"Akwa Ibom, Nigeria",PHC Terminal → AKWAIBOM,400.0,synthetic,8.0,480.0,9,0,0,1,polymer_modified_bitumen,25000.0,tanker,35000.0,0.7143,13.0,33.5,20.5,35.98,145.0,Synthetic Customer - Akwa Ibom,480.0,2025-12-01T17:57:29.956114+00:00
cfd113ab-f3c9-49ac-8779-8709d1db4034,SYN-WB-10E9D0B98E,PHC Terminal,"Sokoto, Nigeria","Sokoto, Nigeria",PHC Terminal → SOKOTO,6000.0,synthetic,120.0,7200.0,4,5,1,0,natural_gas,35000.0,tanker,40000.0,0.875,11.0,39.7,28.7,36.7,380.0,Synthetic Customer - Sokoto,7200.0,2025-12-04T04:42:29.956114+00:00
9ca07cf0-c0a3-4ba6-831d-2d8770a449ee,SYN-WB-34209BC6D1,PHC Terminal,"Yola, Nigeria","Yola, Nigeria",PHC Terminal → YOLA,3600.0,synthetic,72.0,4320.0,4,1,0,0,hydraulic_oil,30000.0,tanker,35000.0,0.8571,12.5,37.1,24.6,27.22,470.0,Synthetic Customer - Yola,4320.0,2025-12-12T04:30:29.956114+00:00
97bb1041-3615-4dca-81d4-2255ede87e39,SYN-WB-4FB3157700,PHC Terminal,"Minna, Nigeria","Minna, Nigeria",PHC Terminal → MINNA,3600.0,synthetic,72.0,4320.0,14,0,0,0,marine_gas_oil,20000.0,tanker,35000.0,0.5714,13.5,29.9,16.4,32.8,420.0,Synthetic Customer - Minna,4320.0,2026-03-19T14:12:29.956114+00:00
7caa1a87-6265-48a8-9d13-e9a9a90bfae2,SYN-WB-1003EAAB83,PHC Terminal,AKWAIBOM,AKWAIBOM,PHC Terminal → AKWAIBOM,400.0,synthetic,8.0,480.0,11,1,0,0,grease,20000.0,tanker,20000.0,1.0,13.0,29.4,16.4,37.85,370.0,Synthetic Customer - Akwaibom,480.0,2026-05-05T19:22:29.956114+00:00
ff53066c-84c8-404f-a95e-77c9663df45c,SYN-WB-11B7644B77,Gwagwalada Terminal,"Taraba, Nigeria","Taraba, Nigeria",Gwagwalada Terminal → TARABA,1200.0,synthetic,24.0,1440.0,7,2,0,1,automotive_gas_oil,33000.0,tanker,40000.0,0.825,13.5,40.56,27.06,27.92,227.0,Synthetic Customer - Taraba,1440.0,2026-02-19T07:15:29.956114+00:00
6ea35855-89fb-4732-9d24-af624d2d5c2c,SYN-WB-66780B33AF,Kano Terminal,"Lagos, Nigeria","Lagos, Nigeria",Kano Terminal → LAGOS,3600.0,synthetic,72.0,4320.0,4,3,0,0,cutback_bitumen,20000.0,tanker,20000.0,1.0,11.5,27.9,16.4,29.51,263.0,Synthetic Customer - Lagos,4320.0,2026-06-28T04:50:29.956114+00:00
5694ce1a-8db6-42b5-be9c-6c47105aa6cc,SYN-WB-FC7ABDC5A3,Sapele Terminal,"Mokwa, Nigeria","Mokwa, Nigeria",Sapele Terminal → MOKWA,2400.0,synthetic,48.0,2880.0,2,0,0,0,paraffin_wax,35000.0,tanker,40000.0,0.875,12.0,40.7,28.7,31.53,301.0,Synthetic Customer - Mokwa,2880.0,2025-10-22T02:13:29.956114+00:00
1151ee97-e0a8-4ef6-9e43-4991d255459b,SYN-WB-1E070C6F91,Sapele Terminal,"Zamfara, Nigeria","Zamfara, Nigeria",Sapele Terminal → ZAMFARA,4800.0,synthetic,96.0,5760.0,3,2,0,0,hydraulic_oil,33000.0,tanker,33000.0,1.0,12.5,39.56,27.06,26.07,178.0,Synthetic Customer - Zamfara,5760.0,2026-03-29T03:55:29.956114+00:00
f4950e9a-bef8-4180-9553-aa9a9b23faf2,SYN-WB-1E0C937CFF,PHC Terminal,"Talata Mafara, Nigeria","Talata Mafara, Nigeria",PHC Terminal → TALATA MAFARA,6000.0,synthetic,120.0,7200.0,8,5,1,1,low_pour_fuel_oil,20000.0,tanker,20000.0,1.0,10.5,26.9,16.4,28.81,122.0,Synthetic Customer - Talata Mafara,7200.0,2026-08-06T08:43:29.956114+00:00
8bf5a38b-3279-408c-8558-7e84c5bd0b15,SYN-WB-F58F287CC3,PHC Terminal,"Biu, Nigeria","Biu, Nigeria",PHC Terminal → BIU,3600.0,synthetic,72.0,4320.0,13,0,0,0,transmission_fluid,20000.0,tanker,20000.0,1.0,13.5,29.9,16.4,30.4,191.0,Synthetic Customer - Biu,4320.0,2026-02-12T13:22:29.956114+00:00
5f60fa3f-d5ea-4947-8fb0-f877fe2786e8,SYN-WB-F0083C9DFE,PHC Terminal,"Osun, Nigeria","Osun, Nigeria",PHC Terminal → OSUN,1200.0,synthetic,24.0,1440.0,13,6,1,0,gear_oil,33000.0,tanker,35000.0,0.9429,13.0,40.06,27.06,34.26,366.0,Synthetic Customer - Osun,1440.0,2026-07-20T13:54:29.956114+00:00
8bdfaa08-94ae-4bea-8ee2-68c50bd2ef73,SYN-WB-1E31360D29,Sapele Terminal,"Biu, Nigeria","Biu, Nigeria",Sapele Terminal → BIU,4800.0,synthetic,96.0,5760.0,13,0,0,0,bitumen_80_100,20000.0,tanker,33000.0,0.6061,12.5,28.9,16.4,36.81,122.0,Synthetic Customer - Biu,5760.0,2025-09-05T13:45:29.956114+00:00
34d5bcc7-6586-4806-85c3-f65ffe68e6ed,SYN-WB-BC59DC94FC,Kano Terminal,"Bauchi, Nigeria","Bauchi, Nigeria",Kano Terminal → BAUCHI,500.0,synthetic,10.0,600.0,7,2,0,1,low_pour_fuel_oil,20000.0,tanker,20000.0,1.0,11.5,27.9,16.4,28.45,361.0,Synthetic Customer - Bauchi,600.0,2026-06-24T17:31:29.956114+00:00
25dc209c-a26c-4e0a-bb33-7b1b04916400,SYN-WB-E3D51D2BAF,PHC Terminal,"Epe, Nigeria","Epe, Nigeria",PHC Terminal → EPE,1200.0,synthetic,24.0,1440.0,13,3,0,0,anionic_bitumen_emulsion,35000.0,tanker,40000.0,0.875,13.5,42.2,28.7,25.04,452.0,Synthetic Customer - Epe,1440.0,2026-08-14T13:30:29.956114+00:00
a61b1a6a-aff8-4d3a-afae-9253ff3f094d,SYN-WB-0787772651,Kano Terminal,FUTUA,FUTUA,Kano Terminal → FUTUA,300.0,synthetic,6.0,360.0,1,6,1,0,polymer_modified_bitumen,20000.0,tanker,20000.0,1.0,12.5,28.9,16.4,35.08,294.0,Synthetic Customer - Futua,360.0,2026-01-18T07:28:29.956114+00:00
6ca432a4-7719-445a-8e03-dd86799ad584,SYN-WB-A2566D71F7,Sapele Terminal,"Biu, Nigeria","Biu, Nigeria",Sapele Terminal → BIU,4800.0,synthetic,96.0,5760.0,9,3,0,1,liquefied_petroleum_gas,35000.0,tanker,40000.0,0.875,11.5,40.2,28.7,30.2,142.0,Synthetic Customer - Biu,5760.0,2025-12-08T09:55:29.956114+00:00
80648b08-609e-4e21-af1b-9d834b83e3a3,SYN-WB-C45424ABD2,Sapele Terminal,"Port Harcourt, Nigeria","Port Harcourt, Nigeria",Sapele Terminal → PORT-HAROURT,200.0,synthetic,4.0,240.0,4,3,0,0,anionic_bitumen_emulsion,25000.0,tanker,25000.0,1.0,11.0,31.5,20.5,27.94,450.0,Synthetic Customer - Port Harcourt,240.0,2025-08-28T08:14:29.956114+00:00
06742f77-37d6-4d85-861e-62822eaee465,SYN-WB-686434299F,Sapele Terminal,"Bauchi, Nigeria","Bauchi, Nigeria",Sapele Terminal → BAUCHI,3600.0,synthetic,72.0,4320.0,10,4,0,0,automotive_gas_oil,20000.0,tanker,25000.0,0.8,10.5,26.9,16.4,27.75,430.0,Synthetic Customer - Bauchi,4320.0,2026-06-08T10:31:29.956114+00:00
2f3584f8-7027-4cb5-a7a5-05487af179ed,SYN-WB-AFA625DD87,Sapele Terminal,"Minna, Nigeria","Minna, Nigeria",Sapele Terminal → MINNA,3600.0,synthetic,72.0,4320.0,1,2,0,0,anionic_bitumen_emulsion,40000.0,tanker,40000.0,1.0,12.5,45.3,32.8,37.8,361.0,Synthetic Customer - Minna,4320.0,2026-05-23T01:53:29.956114+00:00
b52395f6-3e6e-4d82-9e15-e85a3393b548,SYN-WB-161CF60EC4,Sapele Terminal,"Kaduna, Nigeria","Kaduna, Nigeria",Sapele Terminal → KADUNA,2400.0,synthetic,48.0,2880.0,1,2,0,0,liquefied_natural_gas,40000.0,tanker,40000.0,1.0,11.0,43.8,32.8,26.82,152.0,Synthetic Customer - Kaduna,2880.0,2026-06-05T01:59:29.956114+00:00
f92d859e-7feb-4a13-81b3-5c4819c370df,SYN-WB-28B219D500,PHC Terminal,"Calabar, Nigeria","Calabar, Nigeria",PHC Terminal → CALABAR,1200.0,synthetic,24.0,1440.0,7,4,0,1,automotive_gas_oil,40000.0,tanker,40000.0,1.0,11.5,44.3,32.8,34.58,398.0,Synthetic Customer - Calabar,1440.0,2026-06-20T07:20:29.956114+00:00
77e75415-9367-49fe-aa4f-07d4597dc5bb,SYN-WB-09D30E9710,Gwagwalada Terminal,"Mubi, Nigeria","Mubi, Nigeria",Gwagwalada Terminal → MUBI,3600.0,synthetic,72.0,4320.0,11,2,0,0,engine_oil,35000.0,tanker,40000.0,0.875,13.0,41.7,28.7,32.45,318.0,Synthetic Customer - Mubi,4320.0,2026-08-01T11:13:29.956114+00:00
ce5cdfae-d2be-41aa-9ea1-938adf19f42e,SYN-WB-86335FD7B0,Gwagwalada Terminal,"Bauchi, Nigeria","Bauchi, Nigeria",Gwagwalada Terminal → BAUCHI,1200.0,synthetic,24.0,1440.0,5,3,0,0,grease,40000.0,tanker,40000.0,1.0,12.5,45.3,32.8,37.44,114.0,Synthetic Customer - Bauchi,1440.0,2025-12-05T05:06:29.956114+00:00
3df32600-bfc0-41ef-852d-31fe30dd211c,SYN-WB-4E0DDE930C,Sapele Terminal,"Kano, Nigeria","Kano, Nigeria",Sapele Terminal → KANO,3600.0,synthetic,72.0,4320.0,4,3,0,0,polymer_modified_bitumen,25000.0,tanker,25000.0,1.0,11.0,31.5,20.5,28.11,430.0,Synthetic Customer - Kano,4320.0,2026-08-09T04:18:29.956114+00:00
1ec58fa3-8749-4f88-903a-820dd0473b2a,SYN-WB-AFC96453F9,Sapele Terminal,"Bauchi, Nigeria","Bauchi, Nigeria",Sapele Terminal → BAUCHI,3600.0,synthetic,72.0,4320.0,7,0,0,1,heavy_fuel_oil,40000.0,tanker,40000.0,1.0,11.5,44.3,32.8,30.27,458.0,Synthetic Customer - Bauchi,4320.0,2026-08-13T07:30:29.956114+00:00
3bbec2ac-54dd-48e6-98f8-c0d65b70ecd7,SYN-WB-22FAB75260,Gwagwalada Terminal,"Sapele, Nigeria","Sapele, Nigeria",Gwagwalada Terminal → SAPELE,2400.0,synthetic,48.0,2880.0,5,4,0,0,liquefied_natural_gas,20000.0,tanker,20000.0,1.0,13.0,29.4,16.4,30.51,482.0,Synthetic Customer - Sapele,2880.0,2026-06-14T05:49:29.956114+00:00
ab1127e4-de9a-4a32-aa2d-f00e64d1fd95,SYN-WB-05002B0D97,Sapele Terminal,"Gusau, Nigeria","Gusau, Nigeria",Sapele Terminal → GUSAU,4800.0,synthetic,96.0,5760.0,12,4,0,0,marine_diesel_oil,25000.0,tanker,25000.0,1.0,11.5,32.0,20.5,31.82,342.0,Synthetic Customer - Gusau,5760.0,2026-06-30T12:27:29.956114+00:00
b10bd711-a640-452c-83e4-6c269f0fee39,SYN-WB-8016CF5470,PHC Terminal,"Ilorin, Nigeria","Ilorin, Nigeria",PHC Terminal → ILORIN,1200.0,synthetic,24.0,1440.0,5,0,0,0,paraffin_wax,20000.0,tanker,20000.0,1.0,10.5,26.9,16.4,26.24,100.0,Synthetic Customer - Ilorin,1440.0,2026-05-12T05:16:29.956114+00:00
fdfe1efe-3882-44b6-9e59-a20f66316a13,SYN-WB-6D6BC7F36D,Sapele Terminal,"Taraba, Nigeria","Taraba, Nigeria",Sapele Terminal → TARABA,3600.0,synthetic,72.0,4320.0,5,6,1,0,base_oil,25000.0,tanker,25000.0,1.0,12.5,33.0,20.5,32.62,466.0,Synthetic Customer - Taraba,4320.0,2026-01-21T05:58:29.956114+00:00
15ecdfcd-b5a5-43bd-a150-8a1cb591a920,SYN-WB-CB0AD4E912,Sapele Terminal,"Oyo, Nigeria","Oyo, Nigeria",Sapele Terminal → OYO,1200.0,synthetic,24.0,1440.0,9,5,1,1,grease,33000.0,tanker,40000.0,0.825,10.5,37.56,27.06,25.09,284.0,Synthetic Customer - Oyo,1440.0,2026-06-28T09:34:29.956114+00:00
bfaa22dc-08bc-490f-a529-47c6ba50e629,SYN-WB-C69E86B737,Kano Terminal,"Zamfara, Nigeria","Zamfara, Nigeria",Kano Terminal → ZAMFARA,1200.0,synthetic,24.0,1440.0,9,2,0,1,aviation_turbine_kerosene,25000.0,tanker,25000.0,1.0,10.5,31.0,20.5,32.1,270.0,Synthetic Customer - Zamfara,1440.0,2026-04-30T09:54:29.956114+00:00
a6d3f733-f30d-41ff-8001-fd3db94da89c,SYN-WB-7AB0316443,Gwagwalada Terminal,"Okene, Nigeria","Okene, Nigeria",Gwagwalada Terminal → OKENE,300.0,synthetic,6.0,360.0,12,3,0,0,paraffin_wax,40000.0,tanker,40000.0,1.0,11.0,43.8,32.8,25.65,227.0,Synthetic Customer - Okene,360.0,2025-10-09T18:53:29.956114+00:00
d1d87d3b-e597-450c-bf5c-fa00d8dd53e8,SYN-WB-DF9D50D68C,Gwagwalada Terminal,"Gusau, Nigeria","Gusau, Nigeria",Gwagwalada Terminal → GUSAU,1200.0,synthetic,24.0,1440.0,10,6,1,0,liquefied_petroleum_gas,25000.0,tanker,35000.0,0.7143,13.0,33.5,20.5,34.66,434.0,Synthetic Customer - Gusau,1440.0,2025-11-10T10:38:29.956114+00:00
a3bbddf4-0330-46d4-9f05-3d1b58f41454,SYN-WB-7904811A58,Kano Terminal,"Biu, Nigeria","Biu, Nigeria",Kano Terminal → BIU,1200.0,synthetic,24.0,1440.0,1,1,0,0,heavy_fuel_oil,20000.0,tanker,20000.0,1.0,12.0,28.4,16.4,31.34,274.0,Synthetic Customer - Biu,1440.0,2025-12-03T01:07:29.956114+00:00
c80ab0e8-b687-423e-88fe-9a3fc1ab1aac,SYN-WB-89C9A36517,PHC Terminal,"Talata Mafara, Nigeria","Talata Mafara, Nigeria",PHC Terminal → TALATA MAFARA,6000.0,synthetic,120.0,7200.0,7,2,0,1,low_pour_fuel_oil,30000.0,tanker,40000.0,0.75,13.5,38.1,24.6,25.66,211.0,Synthetic Customer - Talata Mafara,7200.0,2025-12-08T07:07:29.956114+00:00
ac6542a7-36c7-42e4-a26f-f3888b3ee7d1,SYN-WB-4708460E10,Sapele Terminal,"Uyo, Nigeria","Uyo, Nigeria",Sapele Terminal → UYO,1350.0,synthetic,27.0,1620.0,13,4,0,0,low_pour_fuel_oil,40000.0,tanker,40000.0,1.0,10.5,43.3,32.8,26.43,333.0,Synthetic Customer - Uyo,1620.0,2026-05-16T16:07:29.956114+00:00
7822468e-5c53-444a-87cb-2715398e61de,SYN-WB-1C183F1F7D,PHC Terminal,"Osun, Nigeria","Osun, Nigeria",PHC Terminal → OSUN,1200.0,synthetic,24.0,1440.0,13,1,0,0,base_oil,25000.0,tanker,40000.0,0.625,11.0,31.5,20.5,36.76,281.0,Synthetic Customer - Osun,1440.0,2025-09-03T13:28:29.956114+00:00
6d701aa4-5209-4292-8118-9d44c97eabad,SYN-WB-A51FC03A8E,Gwagwalada Terminal,"Mokwa, Nigeria","Mokwa, Nigeria",Gwagwalada Terminal → MOKWA,2400.0,synthetic,48.0,2880.0,10,2,0,0,aviation_turbine_kerosene,30000.0,tanker,30000.0,1.0,13.0,37.6,24.6,33.52,460.0,Synthetic Customer - Mokwa,2880.0,2026-07-24T10:14:29.956114+00:00
fd194146-84e3-401b-8088-c99bdde85341,SYN-WB-03CB92E424,Kano Terminal,"Birnin Kebbi, Nigeria","Birnin Kebbi, Nigeria",Kano Terminal → BIRNIN KEBBI,2400.0,synthetic,48.0,2880.0,5,6,1,0,liquefied_natural_gas,20000.0,tanker,20000.0,1.0,12.5,28.9,16.4,32.98,323.0,Synthetic Customer - Birnin Kebbi,2880.0,2025-12-09T05:23:29.956114+00:00
50af936d-07e0-4445-b3e7-d5ab0ae68aca,SYN-WB-A18F37050E,Sapele Terminal,"Minna, Nigeria","Minna, Nigeria",Sapele Terminal → MINNA,3600.0,synthetic,72.0,4320.0,14,4,0,0,premium_motor_spirit,40000.0,tanker,40000.0,1.0,11.0,43.8,32.8,34.18,191.0,Synthetic Customer - Minna,4320.0,2026-07-13T14:45:29.956114+00:00
cb5fee7c-f642-4252-b027-9e43bd52f953,SYN-WB-A137371E95,Gwagwalada Terminal,"Nasarawa, Nigeria","Nasarawa, Nigeria",Gwagwalada Terminal → NASARAWA,300.0,synthetic,6.0,360.0,13,1,0,0,marine_gas_oil,33000.0,tanker,40000.0,0.825,12.5,39.56,27.06,26.68,460.0,Synthetic Customer - Nasarawa,360.0,2026-03-17T19:26:29.956114+00:00
5b4f763e-7da9-4b03-8751-c1a63f29beec,SYN-WB-7F3D2F619F,Sapele Terminal,"Mowe, Nigeria","Mowe, Nigeria",Sapele Terminal → MOWE,1200.0,synthetic,24.0,1440.0,9,6,1,1,paraffin_wax,40000.0,tanker,40000.0,1.0,11.0,43.8,32.8,27.02,391.0,Synthetic Customer - Mowe,1440.0,2026-05-11T09:11:29.956114+00:00
28d88a20-c675-4a48-bc55-5887cbaa385e,SYN-WB-25AB56AC80,Kano Terminal,"Enugu, Nigeria","Enugu, Nigeria",Kano Terminal → ENUGU,2400.0,synthetic,48.0,2880.0,9,4,0,1,solvent,25000.0,tanker,35000.0,0.7143,12.0,32.5,20.5,32.75,207.0,Synthetic Customer - Enugu,2880.0,2025-11-16T09:14:29.956114+00:00
34e746bf-2443-48b5-8cc3-78ce623c1e23,SYN-WB-6BE83AF9AB,PHC Terminal,"Calabar, Nigeria","Calabar, Nigeria",PHC Terminal → CALABAR,1200.0,synthetic,24.0,1440.0,11,0,0,0,engine_oil,20000.0,tanker,20000.0,1.0,11.0,27.4,16.4,33.67,134.0,Synthetic Customer - Calabar,1440.0,2025-11-18T11:46:29.956114+00:00
1a571542-5aed-4767-a757-b8cae4b342f9,SYN-WB-3A6EBC7181,Gwagwalada Terminal,"Dutse, Nigeria","Dutse, Nigeria",Gwagwalada Terminal → DUTSE,1200.0,synthetic,24.0,1440.0,9,0,0,1,grease,20000.0,tanker,25000.0,0.8,13.5,29.9,16.4,37.87,292.0,Synthetic Customer - Dutse,1440.0,2025-11-04T09:56:29.956114+00:00
d0edeadb-49be-4c81-a5d3-48bd3a864d04,SYN-WB-0CA21F836A,Sapele Terminal,"Kaiama, Nigeria","Kaiama, Nigeria",Sapele Terminal → KAIAMA,3600.0,synthetic,72.0,4320.0,5,0,0,0,cationic_bitumen_emulsion,20000.0,tanker,25000.0,0.8,12.0,28.4,16.4,30.21,131.0,Synthetic Customer - Kaiama,4320.0,2026-02-19T05:29:29.956114+00:00
8298a159-47cc-4072-ad2f-8e0cf8661bf1,SYN-WB-50FF8E6110,PHC Terminal,"Bauchi, Nigeria","Bauchi, Nigeria",PHC Terminal → BAUCHI,2400.0,synthetic,48.0,2880.0,7,1,0,1,solvent,35000.0,tanker,35000.0,1.0,11.5,40.2,28.7,29.2,157.0,Synthetic Customer - Bauchi,2880.0,2026-04-23T07:02:29.956114+00:00
12d575d1-6259-45ae-baf6-cf98acf8e726,SYN-WB-94C360BD85,PHC Terminal,"Umuahia, Nigeria","Umuahia, Nigeria",PHC Terminal → UMUAHIA,200.0,synthetic,4.0,240.0,10,1,0,0,solvent,30000.0,tanker,35000.0,0.8571,12.0,36.6,24.6,34.86,180.0,Synthetic Customer - Umuahia,240.0,2026-01-20T14:29:29.956114+00:00
e2eea30a-78f3-4aa6-9209-9342c33c1bb6,SYN-WB-41633D4AF4,Gwagwalada Terminal,"Yola, Nigeria","Yola, Nigeria",Gwagwalada Terminal → YOLA,2400.0,synthetic,48.0,2880.0,10,4,0,0,automotive_gas_oil,20000.0,tanker,20000.0,1.0,12.5,28.9,16.4,25.59,478.0,Synthetic Customer - Yola,2880.0,2026-01-04T10:41:29.956114+00:00
a92af7b3-da36-4e30-ab47-562ad71f3494,SYN-WB-86BA43E267,Kano Terminal,"Gusau, Nigeria","Gusau, Nigeria",Kano Terminal → GUSAU,400.0,synthetic,8.0,480.0,8,4,0,1,engine_oil,20000.0,tanker,20000.0,1.0,12.0,28.4,16.4,29.05,359.0,Synthetic Customer - Gusau,480.0,2026-05-22T16:01:29.956114+00:00
8e9bdf34-ee7a-464a-85e3-3fbc0597cb22,SYN-WB-CEFDF7A58E,Gwagwalada Terminal,"Gombe, Nigeria","Gombe, Nigeria",Gwagwalada Terminal → GOMBE,2400.0,synthetic,48.0,2880.0,5,2,0,0,household_kerosene,40000.0,tanker,40000.0,1.0,13.0,45.8,32.8,28.42,449.0,Synthetic Customer - Gombe,2880.0,2026-07-03T05:31:29.956114+00:00
c23b5fc1-38d5-4b1b-8aa5-a0cc542ab17e,SYN-WB-164383136F,Sapele Terminal,"Benue, Nigeria","Benue, Nigeria",Sapele Terminal → BENUE,2400.0,synthetic,48.0,2880.0,5,0,0,0,compressed_natural_gas,20000.0,tanker,25000.0,0.8,13.0,29.4,16.4,25.86,284.0,Synthetic Customer - Benue,2880.0,2026-01-07T05:04:29.956114+00:00
9f102064-71f0-4d3a-b621-8f724009367a,SYN-WB-0C029FAEC8,Kano Terminal,"Mayo-Belwa, Nigeria","Mayo-Belwa, Nigeria",Kano Terminal → MAYO BELWA,2400.0,synthetic,48.0,2880.0,13,6,1,0,natural_gas,20000.0,tanker,20000.0,1.0,10.5,26.9,16.4,29.65,384.0,Synthetic Customer - Mayo-Belwa,2880.0,2026-02-03T13:33:29.956114+00:00
f9a1be83-5205-406b-9dd5-0898fdbffdcf,SYN-WB-A68C21B617,Gwagwalada Terminal,"Ogbomoso, Nigeria","Ogbomoso, Nigeria",Gwagwalada Terminal → OGBOMOSO,3600.0,synthetic,72.0,4320.0,10,2,0,0,bitumen_40_50,40000.0,tanker,40000.0,1.0,10.5,43.3,32.8,26.39,244.0,Synthetic Customer - Ogbomoso,4320.0,2025-08-30T10:48:29.956114+00:00
a0ec55a6-d025-4681-88c9-bcbbb82e4819,SYN-WB-150B46C8D7,PHC Terminal,"Minna, Nigeria","Minna, Nigeria",PHC Terminal → MINNA,3600.0,synthetic,72.0,4320.0,3,5,1,0,engine_oil,33000.0,tanker,35000.0,0.9429,10.5,37.56,27.06,28.4,333.0,Synthetic Customer - Minna,4320.0,2025-12-23T03:32:29.956114+00:00
1f468a74-668b-4e1a-a8df-04701db740d9,SYN-WB-ACAC299036,PHC Terminal,"Ondo, Nigeria","Ondo, Nigeria",PHC Terminal → ONDO,1200.0,synthetic,24.0,1440.0,6,1,0,0,low_pour_fuel_oil,33000.0,tanker,40000.0,0.825,10.5,37.56,27.06,34.37,288.0,Synthetic Customer - Ondo,1440.0,2025-11-05T06:33:29.956114+00:00
a501e6bf-a28f-4452-9cb4-e91ebf05491b,SYN-WB-CA3F7B1C06,PHC Terminal,"Gusau, Nigeria","Gusau, Nigeria",PHC Terminal → GUSAU,4800.0,synthetic,96.0,5760.0,11,5,1,0,aviation_turbine_kerosene,35000.0,tanker,35000.0,1.0,10.5,39.2,28.7,31.36,132.0,Synthetic Customer - Gusau,5760.0,2026-04-01T11:27:29.956114+00:00
64e4e82e-d969-47a0-a838-865e1da665ab,SYN-WB-9FEBCBD239,Sapele Terminal,"Lagos, Nigeria","Lagos, Nigeria",Sapele Terminal → LAGOS,1350.0,synthetic,27.0,1620.0,7,5,1,1,marine_gas_oil,20000.0,tanker,20000.0,1.0,11.5,27.9,16.4,30.19,483.0,Synthetic Customer - Lagos,1620.0,2026-01-25T10:26:29.956114+00:00
d3aa745c-d1f6-4168-899a-335461263b5d,SYN-WB-1C1C1015DA,Sapele Terminal,"Talata Mafara, Nigeria","Talata Mafara, Nigeria",Sapele Terminal → TALATA MAFARA,6000.0,synthetic,120.0,7200.0,12,1,0,0,heavy_fuel_oil,40000.0,tanker,40000.0,1.0,12.5,45.3,32.8,30.67,184.0,Synthetic Customer - Talata Mafara,7200.0,2026-01-11T12:16:29.956114+00:00
73194fcd-7aa8-43a4-8d04-1391c203cbbc,SYN-WB-493A08CFFB,Sapele Terminal,"Osun, Nigeria","Osun, Nigeria",Sapele Terminal → OSUN,1200.0,synthetic,24.0,1440.0,8,4,0,1,liquefied_natural_gas,40000.0,tanker,40000.0,1.0,13.0,45.8,32.8,27.19,280.0,Synthetic Customer - Osun,1440.0,2025-12-20T08:56:29.956114+00:00
44eed65c-6603-41a5-8aff-4773f52b8bde,SYN-WB-04110BF377,Kano Terminal,"Benue, Nigeria","Benue, Nigeria",Kano Terminal → BENUE,2400.0,synthetic,48.0,2880.0,3,0,0,0,heavy_fuel_oil,20000.0,tanker,20000.0,1.0,13.0,29.4,16.4,33.66,144.0,Synthetic Customer - Benue,2880.0,2025-09-03T03:02:29.956114+00:00
b5d41326-32d3-410e-b594-9ab604e42915,SYN-WB-93B07E683D,PHC Terminal,OBURARA,OBURARA,PHC Terminal → OBURARA,1200.0,synthetic,24.0,1440.0,5,2,0,0,base_oil,40000.0,tanker,40000.0,1.0,12.5,45.3,32.8,33.13,232.0,Synthetic Customer - Oburara,1440.0,2026-03-05T05:58:29.956114+00:00
c4df7f1a-b696-42a0-9bda-9bd91f929eed,SYN-WB-6E5BCF2926,Gwagwalada Terminal,"Kwara, Nigeria","Kwara, Nigeria",Gwagwalada Terminal → KWARA,3600.0,synthetic,72.0,4320.0,14,5,1,0,cutback_bitumen,35000.0,tanker,35000.0,1.0,11.0,39.7,28.7,33.16,292.0,Synthetic Customer - Kwara,4320.0,2025-12-23T14:17:29.956114+00:00
c89eb097-d779-4a2a-a60a-af8df4b5c701,SYN-WB-2BF8A09ACC,Sapele Terminal,"Bayelsa, Nigeria","Bayelsa, Nigeria",Sapele Terminal → BAYELSA,300.0,synthetic,6.0,360.0,10,0,0,0,liquefied_petroleum_gas,20000.0,tanker,20000.0,1.0,13.0,29.4,16.4,25.73,171.0,Synthetic Customer - Bayelsa,360.0,2025-11-03T16:36:29.956114+00:00
cb36fc69-a851-404f-8314-4baa580bee05,SYN-WB-CED878EBA4,PHC Terminal,"Ondo, Nigeria","Ondo, Nigeria",PHC Terminal → ONDO,1200.0,synthetic,24.0,1440.0,6,3,0,0,liquefied_petroleum_gas,20000.0,tanker,35000.0,0.5714,13.5,29.9,16.4,33.04,437.0,Synthetic Customer - Ondo,1440.0,2026-05-15T06:18:29.956114+00:00
30312dc9-151b-4367-b7a2-5b05cb50b489,SYN-WB-DA111DBAA0,Sapele Terminal,"Ondo, Nigeria","Ondo, Nigeria",Sapele Terminal → ONDO,300.0,synthetic,6.0,360.0,6,4,0,0,natural_gas,30000.0,tanker,40000.0,0.75,11.0,35.6,24.6,30.47,496.0,Synthetic Customer - Ondo,360.0,2026-06-19T12:54:29.956114+00:00
241c9bd2-e00f-41c3-82fd-55055cad89f1,SYN-WB-ED80075C35,Sapele Terminal,"Kogi, Nigeria","Kogi, Nigeria",Sapele Terminal → KOGI,1200.0,synthetic,24.0,1440.0,9,2,0,1,marine_gas_oil,20000.0,tanker,25000.0,0.8,13.5,29.9,16.4,30.91,306.0,Synthetic Customer - Kogi,1440.0,2025-10-02T09:48:29.956114+00:00
abdbfd12-9e19-43ad-ba70-e0e74ffb7ea1,SYN-WB-3A73B0D606,Sapele Terminal,"Anambra, Nigeria","Anambra, Nigeria",Sapele Terminal → ANAMBRA,1200.0,synthetic,24.0,1440.0,4,6,1,0,base_oil,33000.0,tanker,33000.0,1.0,11.5,38.56,27.06,37.32,365.0,Synthetic Customer - Anambra,1440.0,2025-11-03T04:28:29.956114+00:00
661022f6-0649-423e-9764-0b98d9706364,SYN-WB-91D1DF9156,Sapele Terminal,"Ogun, Nigeria","Ogun, Nigeria",Sapele Terminal → OGUN,1200.0,synthetic,24.0,1440.0,13,5,1,0,liquefied_petroleum_gas,40000.0,tanker,40000.0,1.0,13.0,45.8,32.8,33.94,267.0,Synthetic Customer - Ogun,1440.0,2026-03-15T13:15:29.956114+00:00
2bc4cdc7-e7f5-49ed-834d-e12d06dce606,SYN-WB-323E8DE2E4,Sapele Terminal,"Calabar, Nigeria","Calabar, Nigeria",Sapele Terminal → CALABAR,2400.0,synthetic,48.0,2880.0,10,4,0,0,polymer_modified_bitumen,33000.0,tanker,33000.0,1.0,10.5,37.56,27.06,32.3,318.0,Synthetic Customer - Calabar,2880.0,2026-03-01T10:06:29.956114+00:00
2ced4c2a-0835-42e9-9488-427f7ead12e4,SYN-WB-5FCF474933,Gwagwalada Terminal,"Ogun, Nigeria","Ogun, Nigeria",Gwagwalada Terminal → OGUN,2400.0,synthetic,48.0,2880.0,4,1,0,0,heavy_fuel_oil,20000.0,tanker,25000.0,0.8,12.0,28.4,16.4,27.8,478.0,Synthetic Customer - Ogun,2880.0,2025-10-30T04:03:29.956114+00:00
b78621ac-bd72-4f6f-8619-e292fc94e42b,SYN-WB-FF6A30BBA0,Kano Terminal,"Gombe, Nigeria","Gombe, Nigeria",Kano Terminal → GOMBE,1200.0,synthetic,24.0,1440.0,10,6,1,0,polymer_modified_bitumen,33000.0,tanker,35000.0,0.9429,12.0,39.06,27.06,29.15,212.0,Synthetic Customer - Gombe,1440.0,2026-02-09T10:11:29.956114+00:00
f998cc2f-d601-44ef-897f-c727dc8f9550,SYN-WB-964D72F004,Kano Terminal,"Maiduguri, Nigeria","Maiduguri, Nigeria",Kano Terminal → MAIDUGURI,1200.0,synthetic,24.0,1440.0,12,3,0,0,marine_gas_oil,20000.0,tanker,20000.0,1.0,12.0,28.4,16.4,28.24,134.0,Synthetic Customer - Maiduguri,1440.0,2026-07-10T12:36:29.956114+00:00
03776d28-15c5-4996-a740-52d31fb9669d,SYN-WB-E1F5503E9B,Gwagwalada Terminal,"Talata Mafara, Nigeria","Talata Mafara, Nigeria",Gwagwalada Terminal → TALATA MAFARA,1600.0,synthetic,32.0,1920.0,7,2,0,1,base_oil,25000.0,tanker,25000.0,1.0,10.5,31.0,20.5,29.84,499.0,Synthetic Customer - Talata Mafara,1920.0,2026-01-29T15:11:29.956114+00:00
019133e6-1f79-40b3-8535-d92b310d14c9,SYN-WB-648EB443B5,Gwagwalada Terminal,"Dutse, Nigeria","Dutse, Nigeria",Gwagwalada Terminal → DUTSE,1200.0,synthetic,24.0,1440.0,9,6,1,1,natural_gas,40000.0,tanker,40000.0,1.0,10.5,43.3,32.8,26.99,490.0,Synthetic Customer - Dutse,1440.0,2025-12-29T09:08:29.956114+00:00
5ea87d6b-e8e0-4dcb-8897-d4d3963897b3,SYN-WB-DCF7C52DC5,PHC Terminal,"Aba, Nigeria","Aba, Nigeria",PHC Terminal → ABA,150.0,synthetic,3.0,180.0,6,3,0,0,engine_oil,35000.0,tanker,35000.0,1.0,12.5,41.2,28.7,33.11,217.0,Synthetic Customer - Aba,180.0,2025-12-11T09:53:29.956114+00:00
0a74f9af-8344-4f7a-910a-069e3a544588,SYN-WB-F8D738A2B2,Kano Terminal,"Benue, Nigeria","Benue, Nigeria",Kano Terminal → BENUE,2400.0,synthetic,48.0,2880.0,8,4,0,1,base_oil,20000.0,tanker,20000.0,1.0,12.0,28.4,16.4,27.05,451.0,Synthetic Customer - Benue,2880.0,2026-04-05T08:10:29.956114+00:00
b0bdb555-cb1c-4126-9925-f40fac51b361,SYN-WB-34A6B28C20,PHC Terminal,"Jos, Nigeria","Jos, Nigeria",PHC Terminal → JOS,3600.0,synthetic,72.0,4320.0,14,0,0,0,solvent,25000.0,tanker,25000.0,1.0,12.5,33.0,20.5,33.22,212.0,Synthetic Customer - Jos,4320.0,2026-04-30T14:28:29.956114+00:00
b32f7ef5-0890-4982-ba7b-c15043813280,SYN-WB-27C14E1ACC,Gwagwalada Terminal,"Enugu, Nigeria","Enugu, Nigeria",Gwagwalada Terminal → ENUGU,2400.0,synthetic,48.0,2880.0,4,5,1,0,bitumen_40_50,25000.0,tanker,35000.0,0.7143,11.0,31.5,20.5,33.43,432.0,Synthetic Customer - Enugu,2880.0,2025-08-25T04:49:29.956114+00:00
90c331dd-6861-4374-b6b6-949f4a113040,SYN-WB-1E9397695C,Sapele Terminal,"Enugu, Nigeria","Enugu, Nigeria",Sapele Terminal → ENUGU,1200.0,synthetic,24.0,1440.0,1,2,0,0,bitumen_40_50,25000.0,tanker,25000.0,1.0,11.5,32.0,20.5,36.96,478.0,Synthetic Customer - Enugu,1440.0,2025-10-16T01:34:29.956114+00:00
3c57b291-ea8c-4df9-9e07-3918bcd08e02,SYN-WB-5B1D3B675C,Sapele Terminal,"Taraba, Nigeria","Taraba, Nigeria",Sapele Terminal → TARABA,3600.0,synthetic,72.0,4320.0,10,5,1,0,liquefied_natural_gas,25000.0,tanker,25000.0,1.0,13.0,33.5,20.5,28.94,232.0,Synthetic Customer - Taraba,4320.0,2026-03-03T10:28:29.956114+00:00
aff4847e-edb2-4ce9-b100-efaf947ea7e5,SYN-WB-4365D9CE07,Kano Terminal,"Uyo, Nigeria","Uyo, Nigeria",Kano Terminal → UYO,3600.0,synthetic,72.0,4320.0,13,4,0,0,crumb_rubber_modified_bitumen,20000.0,tanker,35000.0,0.5714,13.0,29.4,16.4,37.34,329.0,Synthetic Customer - Uyo,4320.0,2026-03-09T13:47:29.956114+00:00
1a972c18-a0e3-477a-887a-11fb53ff50ee,SYN-WB-3F7C68FBA1,Gwagwalada Terminal,"Mokwa, Nigeria","Mokwa, Nigeria",Gwagwalada Terminal → MOKWA,2400.0,synthetic,48.0,2880.0,13,6,1,0,bitumen_40_50,25000.0,tanker,25000.0,1.0,12.0,32.5,20.5,30.31,152.0,Synthetic Customer - Mokwa,2880.0,2025-09-02T13:57:29.956114+00:00
555d442f-5071-48e1-bc02-51b6467c9bce,SYN-WB-4D1560AAE5,Kano Terminal,"Yola, Nigeria","Yola, Nigeria",Kano Terminal → YOLA,2400.0,synthetic,48.0,2880.0,6,4,0,0,heavy_fuel_oil,25000.0,tanker,25000.0,1.0,13.5,34.0,20.5,29.71,148.0,Synthetic Customer - Yola,2880.0,2026-01-18T06:02:29.956114+00:00
eefae01c-6085-4db4-bea0-5cc2ca3cc683,SYN-WB-E51E5078D6,Kano Terminal,"Uyo, Nigeria","Uyo, Nigeria",Kano Terminal → UYO,3600.0,synthetic,72.0,4320.0,5,3,0,0,bitumen_40_50,25000.0,tanker,25000.0,1.0,12.0,32.5,20.5,30.86,496.0,Synthetic Customer - Uyo,4320.0,2026-04-05T05:55:29.956114+00:00
795bae12-a66a-4457-b559-f14c5ca539ef,SYN-WB-725C357713,PHC Terminal,"Okene, Nigeria","Okene, Nigeria",PHC Terminal → OKENE,1500.0,synthetic,30.0,1800.0,12,4,0,0,marine_gas_oil,25000.0,tanker,25000.0,1.0,10.5,31.0,20.5,31.01,120.0,Synthetic Customer - Okene,1800.0,2026-02-21T18:51:29.956114+00:00
cd03c422-6a40-47d8-8911-afbc655e2a1d,SYN-WB-CBF68E17C8,Gwagwalada Terminal,"Kano, Nigeria","Kano, Nigeria",Gwagwalada Terminal → KANO,1200.0,synthetic,24.0,1440.0,6,4,0,0,solvent,20000.0,tanker,30000.0,0.6667,13.5,29.9,16.4,36.19,412.0,Synthetic Customer - Kano,1440.0,2026-04-04T06:04:29.956114+00:00
1d4c623c-5dcc-407d-8c6d-ec8efe208281,SYN-WB-876704DA1D,PHC Terminal,"Epe, Nigeria","Epe, Nigeria",PHC Terminal → EPE,1200.0,synthetic,24.0,1440.0,4,4,0,0,automotive_gas_oil,25000.0,tanker,25000.0,1.0,13.0,33.5,20.5,30.08,257.0,Synthetic Customer - Epe,1440.0,2026-05-16T04:55:29.956114+00:00
5dad7801-7f76-40b6-8b49-88a64c2d2e3e,SYN-WB-340482EA9F,Sapele Terminal,"Abeokuta, Nigeria","Abeokuta, Nigeria",Sapele Terminal → ABEOKUTA,1200.0,synthetic,24.0,1440.0,3,4,0,0,heavy_fuel_oil,25000.0,tanker,25000.0,1.0,13.0,33.5,20.5,33.68,463.0,Synthetic Customer - Abeokuta,1440.0,2025-10-18T03:01:29.956114+00:00
fde9bf38-3ceb-48f0-9be2-4d9c0b52207f,SYN-WB-0DE3221107,Sapele Terminal,FUTUA,FUTUA,Sapele Terminal → FUTUA,4800.0,synthetic,96.0,5760.0,8,4,0,1,marine_diesel_oil,33000.0,tanker,33000.0,1.0,12.5,39.56,27.06,25.18,197.0,Synthetic Customer - Futua,5760.0,2025-10-28T08:34:29.956114+00:00
37545166-2856-4256-8a1f-183593c7d051,SYN-WB-11A5D4F17E,Gwagwalada Terminal,"Yola, Nigeria","Yola, Nigeria",Gwagwalada Terminal → YOLA,2400.0,synthetic,48.0,2880.0,7,5,1,1,bitumen_60_70,35000.0,tanker,40000.0,0.875,13.0,41.7,28.7,28.47,401.0,Synthetic Customer - Yola,2880.0,2026-07-27T07:37:29.956114+00:00
4f80d56f-99c3-44fd-b4ed-a750b69a3c86,SYN-WB-260B869A50,Sapele Terminal,"Jos, Nigeria","Jos, Nigeria",Sapele Terminal → JOS,3600.0,synthetic,72.0,4320.0,3,2,0,0,base_oil,40000.0,tanker,40000.0,1.0,11.5,44.3,32.8,37.48,111.0,Synthetic Customer - Jos,4320.0,2026-05-09T03:59:29.956114+00:00
31467741-9fe3-4617-83bc-4c2ddfaaef2d,SYN-WB-B816E6C1BF,Sapele Terminal,"Enugu, Nigeria","Enugu, Nigeria",Sapele Terminal → ENUGU,1200.0,synthetic,24.0,1440.0,2,3,0,0,premium_motor_spirit,20000.0,tanker,20000.0,1.0,11.5,27.9,16.4,33.98,310.0,Synthetic Customer - Enugu,1440.0,2025-12-19T02:03:29.956114+00:00
de4948bb-ddef-4fa0-aa47-59acab78ab2c,SYN-WB-82CCDB6D6F,Sapele Terminal,"Abia, Nigeria","Abia, Nigeria",Sapele Terminal → ABIA,250.0,synthetic,5.0,300.0,0,2,0,0,solvent,20000.0,tanker,20000.0,1.0,13.0,29.4,16.4,33.94,414.0,Synthetic Customer - Abia,300.0,2025-12-03T05:33:29.956114+00:00
53945f70-4a37-4ff7-b124-e2bc087c7813,SYN-WB-F76249731E,Gwagwalada Terminal,"Sokoto, Nigeria","Sokoto, Nigeria",Gwagwalada Terminal → SOKOTO,2400.0,synthetic,48.0,2880.0,14,5,1,0,aviation_turbine_kerosene,33000.0,tanker,40000.0,0.825,10.5,37.56,27.06,26.24,379.0,Synthetic Customer - Sokoto,2880.0,2025-09-15T14:32:29.956114+00:00
c0789149-2259-4b29-b87f-6646591a18d4,SYN-WB-E9AFC40304,Kano Terminal,"Biu, Nigeria","Biu, Nigeria",Kano Terminal → BIU,1200.0,synthetic,24.0,1440.0,13,4,0,0,cutback_bitumen,25000.0,tanker,25000.0,1.0,11.0,31.5,20.5,35.27,257.0,Synthetic Customer - Biu,1440.0,2026-05-30T13:05:29.956114+00:00
c87b4d31-e186-4e14-a0bf-2070c9f67d99,SYN-WB-0B1D367011,PHC Terminal,"Birnin Kebbi, Nigeria","Birnin Kebbi, Nigeria",PHC Terminal → BIRNIN KEBBI,7200.0,synthetic,144.0,8640.0,9,6,1,1,marine_diesel_oil,35000.0,tanker,35000.0,1.0,11.0,39.7,28.7,33.75,134.0,Synthetic Customer - Birnin Kebbi,8640.0,2025-11-29T09:45:29.956114+00:00
e50f0883-287d-4c1f-a0ff-f1ee1516eb6f,SYN-WB-A4E12EF0E5,Kano Terminal,"Jalingo, Nigeria","Jalingo, Nigeria",Kano Terminal → JALINGO,2400.0,synthetic,48.0,2880.0,6,4,0,0,solvent,20000.0,tanker,20000.0,1.0,10.5,26.9,16.4,30.49,472.0,Synthetic Customer - Jalingo,2880.0,2026-04-19T06:42:29.956114+00:00
c74bc5ab-3f61-4d80-a2e6-4521545b0afa,SYN-WB-3291E67811,Gwagwalada Terminal,"Maiduguri, Nigeria","Maiduguri, Nigeria",Gwagwalada Terminal → MAIDUGURI,2400.0,synthetic,48.0,2880.0,6,1,0,0,liquefied_natural_gas,30000.0,tanker,30000.0,1.0,13.5,38.1,24.6,31.23,154.0,Synthetic Customer - Maiduguri,2880.0,2026-02-12T06:10:29.956114+00:00
42e9051f-ccc2-4562-a4b4-3533cc395fe4,SYN-WB-E32F1CBC23,Kano Terminal,"Okene, Nigeria","Okene, Nigeria",Kano Terminal → OKENE,1450.0,synthetic,29.0,1740.0,7,3,0,1,hydraulic_oil,35000.0,tanker,35000.0,1.0,12.0,40.7,28.7,29.14,342.0,Synthetic Customer - Okene,1740.0,2026-05-22T12:08:29.956114+00:00
7a467a75-5142-4f68-84fa-ad59f45e9ace,SYN-WB-ED9AE8680B,Sapele Terminal,"Ondo, Nigeria","Ondo, Nigeria",Sapele Terminal → ONDO,300.0,synthetic,6.0,360.0,14,6,1,0,automotive_gas_oil,25000.0,tanker,33000.0,0.7576,10.5,31.0,20.5,30.13,145.0,Synthetic Customer - Ondo,360.0,2026-05-10T20:25:29.956114+00:00
60449e47-d718-4ef7-a725-e59fe7f7220f,SYN-WB-FE4F00E1B1,PHC Terminal,"Ogbomoso, Nigeria","Ogbomoso, Nigeria",PHC Terminal → OGBOMOSO,1500.0,synthetic,30.0,1800.0,8,6,1,1,heavy_fuel_oil,33000.0,tanker,40000.0,0.825,11.0,38.06,27.06,30.2,224.0,Synthetic Customer - Ogbomoso,1800.0,2025-12-22T14:58:29.956114+00:00
4be630c8-56d2-40d7-a61b-d9f4c3eb5864,SYN-WB-A847269946,PHC Terminal,"Ondo, Nigeria","Ondo, Nigeria",PHC Terminal → ONDO,1200.0,synthetic,24.0,1440.0,11,1,0,0,hydraulic_oil,20000.0,tanker,35000.0,0.5714,12.5,28.9,16.4,33.91,298.0,Synthetic Customer - Ondo,1440.0,2025-08-27T11:50:29.956114+00:00
442048e9-4d91-4f7c-a853-3a60bec5b07e,SYN-WB-8013866987,PHC Terminal,"Umuahia, Nigeria","Umuahia, Nigeria",PHC Terminal → UMUAHIA,200.0,synthetic,4.0,240.0,13,4,0,0,bitumen_60_70,25000.0,tanker,40000.0,0.625,13.5,34.0,20.5,35.89,368.0,Synthetic Customer - Umuahia,240.0,2025-08-29T17:14:29.956114+00:00
e7dc3d60-4198-479e-a4e8-16bdafe95b37,SYN-WB-F1FB70418F,Kano Terminal,"Jos, Nigeria","Jos, Nigeria",Kano Terminal → JOS,1200.0,synthetic,24.0,1440.0,12,2,0,0,liquefied_petroleum_gas,20000.0,tanker,20000.0,1.0,12.0,28.4,16.4,37.69,431.0,Synthetic Customer - Jos,1440.0,2026-05-28T12:49:29.956114+00:00
5a0a0630-7741-4dc1-8e34-d8c719d30137,SYN-WB-B0984F6E61,PHC Terminal,"Ebonyi, Nigeria","Ebonyi, Nigeria",PHC Terminal → EBONYI,1200.0,synthetic,24.0,1440.0,11,4,0,0,aviation_turbine_kerosene,20000.0,tanker,35000.0,0.5714,10.5,26.9,16.4,37.83,100.0,Synthetic Customer - Ebonyi,1440.0,2025-08-23T11:10:29.956114+00:00
99d44988-c8ad-4aa3-bcc5-1a8213c4bdd8,SYN-WB-DEFED76D10,Gwagwalada Terminal,"Mubi, Nigeria","Mubi, Nigeria",Gwagwalada Terminal → MUBI,3600.0,synthetic,72.0,4320.0,2,5,1,0,aviation_turbine_kerosene,20000.0,tanker,35000.0,0.5714,12.5,28.9,16.4,36.34,399.0,Synthetic Customer - Mubi,4320.0,2026-03-24T02:55:29.956114+00:00
bbe1fce7-b725-45a5-8a6c-ad59aad8f48e,SYN-WB-F4E42CD9C7,Gwagwalada Terminal,"Anambra, Nigeria","Anambra, Nigeria",Gwagwalada Terminal → ANAMBRA,1200.0,synthetic,24.0,1440.0,9,3,0,1,transmission_fluid,35000.0,tanker,35000.0,1.0,11.0,39.7,28.7,28.49,174.0,Synthetic Customer - Anambra,1440.0,2025-12-19T09:52:29.956114+00:00
5145785c-b128-4512-a5ad-fcc3e95bbad9,SYN-WB-156393D8B0,Kano Terminal,"Jalingo, Nigeria","Jalingo, Nigeria",Kano Terminal → JALINGO,2400.0,synthetic,48.0,2880.0,3,3,0,0,paraffin_wax,20000.0,tanker,20000.0,1.0,11.0,27.4,16.4,35.05,443.0,Synthetic Customer - Jalingo,2880.0,2026-07-11T03:43:29.956114+00:00
196d5950-5dce-4bae-b67c-66db8c1d1e12,SYN-WB-B83741A34E,PHC Terminal,"Ilorin, Nigeria","Ilorin, Nigeria",PHC Terminal → ILORIN,1200.0,synthetic,24.0,1440.0,3,4,0,0,transmission_fluid,20000.0,tanker,20000.0,1.0,11.5,27.9,16.4,30.99,333.0,Synthetic Customer - Ilorin,1440.0,2026-02-21T03:42:29.956114+00:00
1a90b6e1-715a-46ac-9501-febc0c0f0b12,SYN-WB-B33FCABB2E,Gwagwalada Terminal,"Ilorin, Nigeria","Ilorin, Nigeria",Gwagwalada Terminal → ILORIN,3600.0,synthetic,72.0,4320.0,5,0,0,0,bitumen_80_100,33000.0,tanker,40000.0,0.825,12.5,39.56,27.06,32.63,278.0,Synthetic Customer - Ilorin,4320.0,2025-10-16T05:42:29.956114+00:00
0fe6b6f1-dead-4dc8-a56d-98eead9e8cf9,SYN-WB-CB1CBAF2C9,PHC Terminal,"Jebba, Nigeria","Jebba, Nigeria",PHC Terminal → JEBBA,2400.0,synthetic,48.0,2880.0,2,6,1,0,automotive_gas_oil,20000.0,tanker,40000.0,0.5,12.5,28.9,16.4,26.69,303.0,Synthetic Customer - Jebba,2880.0,2025-09-16T02:49:29.956114+00:00
e1d60cec-116f-4554-bb6d-72a16db840cf,SYN-WB-7F5F7CAA3C,Sapele Terminal,"Kaduna, Nigeria","Kaduna, Nigeria",Sapele Terminal → KADUNA,2400.0,synthetic,48.0,2880.0,3,2,0,0,liquefied_petroleum_gas,40000.0,tanker,40000.0,1.0,13.0,45.8,32.8,31.37,228.0,Synthetic Customer - Kaduna,2880.0,2025-12-05T03:13:29.956114+00:00
a34414d3-ce81-4489-9def-ce87ea3d3553,SYN-WB-D0F1798F5D,Kano Terminal,"Zamfara, Nigeria","Zamfara, Nigeria",Kano Terminal → ZAMFARA,1200.0,synthetic,24.0,1440.0,8,5,1,1,engine_oil,35000.0,tanker,35000.0,1.0,12.5,41.2,28.7,30.39,175.0,Synthetic Customer - Zamfara,1440.0,2026-03-08T08:53:29.956114+00:00
26aa515e-2a1b-420b-b49b-309ac7aec4ac,SYN-WB-F1D3557C19,PHC Terminal,"Epe, Nigeria","Epe, Nigeria",PHC Terminal → EPE,1200.0,synthetic,24.0,1440.0,1,6,1,0,aviation_turbine_kerosene,35000.0,tanker,35000.0,1.0,11.0,39.7,28.7,33.71,310.0,Synthetic Customer - Epe,1440.0,2025-09-29T01:37:29.956114+00:00
e5fb4d33-0f2e-4b55-a9f0-af2926888ae5,SYN-WB-74B280F99E,Sapele Terminal,"Bayelsa, Nigeria","Bayelsa, Nigeria",Sapele Terminal → BAYELSA,300.0,synthetic,6.0,360.0,6,4,0,0,engine_oil,30000.0,tanker,33000.0,0.9091,13.0,37.6,24.6,30.82,213.0,Synthetic Customer - Bayelsa,360.0,2025-09-12T12:02:29.956114+00:00
474e5940-61ed-4e48-8c2d-319f92d7bf88,SYN-WB-12824BD361,PHC Terminal,"Ogun, Nigeria","Ogun, Nigeria",PHC Terminal → OGUN,1200.0,synthetic,24.0,1440.0,9,0,0,1,heavy_fuel_oil,40000.0,tanker,40000.0,1.0,11.0,43.8,32.8,28.0,261.0,Synthetic Customer - Ogun,1440.0,2026-05-12T09:06:29.956114+00:00
4c586f4e-5b7f-42c8-982a-5440e1992890,SYN-WB-EAFE62B644,Gwagwalada Terminal,"Jigawa, Nigeria","Jigawa, Nigeria",Gwagwalada Terminal → JIGAWA,1200.0,synthetic,24.0,1440.0,10,4,0,0,automotive_gas_oil,35000.0,tanker,40000.0,0.875,11.0,39.7,28.7,33.78,220.0,Synthetic Customer - Jigawa,1440.0,2026-04-18T10:03:29.956114+00:00
2cbb04cc-7e5e-4eb4-b0e9-e6ba232f67e4,SYN-WB-FB103579C8,Gwagwalada Terminal,"Ondo, Nigeria","Ondo, Nigeria",Gwagwalada Terminal → ONDO,2400.0,synthetic,48.0,2880.0,9,3,0,1,polymer_modified_bitumen,30000.0,tanker,30000.0,1.0,13.5,38.1,24.6,35.8,380.0,Synthetic Customer - Ondo,2880.0,2026-07-25T09:49:29.956114+00:00
b2320248-4999-4c6a-b893-d7ee47bf4c49,SYN-WB-CF1C44E755,Gwagwalada Terminal,"Enugu, Nigeria","Enugu, Nigeria",Gwagwalada Terminal → ENUGU,2400.0,synthetic,48.0,2880.0,6,4,0,0,marine_gas_oil,35000.0,tanker,35000.0,1.0,12.5,41.2,28.7,35.46,173.0,Synthetic Customer - Enugu,2880.0,2026-08-02T06:39:29.956114+00:00
51622f39-e5b3-4a90-9419-481b0ea35c64,SYN-WB-4D493B40EE,Gwagwalada Terminal,"Katsina, Nigeria","Katsina, Nigeria",Gwagwalada Terminal → KATSINA,2400.0,synthetic,48.0,2880.0,14,5,1,0,bitumen_40_50,35000.0,tanker,35000.0,1.0,11.5,40.2,28.7,29.21,460.0,Synthetic Customer - Katsina,2880.0,2025-12-01T14:54:29.956114+00:00
0ea101e8-40a6-40bb-8fd1-2d10662dfde0,SYN-WB-3C7AA0A8E1,PHC Terminal,"Uyo, Nigeria","Uyo, Nigeria",PHC Terminal → UYO,400.0,synthetic,8.0,480.0,1,3,0,0,base_oil,20000.0,tanker,20000.0,1.0,13.5,29.9,16.4,29.07,282.0,Synthetic Customer - Uyo,480.0,2025-09-18T09:00:29.956114+00:00
9e1cc671-3989-4be3-bb59-5d7d2a2428a8,SYN-WB-CF68D74BCF,Kano Terminal,"Kaduna, Nigeria","Kaduna, Nigeria",Kano Terminal → KADUNA,300.0,synthetic,6.0,360.0,1,4,0,0,marine_diesel_oil,25000.0,tanker,25000.0,1.0,12.0,32.5,20.5,33.44,189.0,Synthetic Customer - Kaduna,360.0,2026-06-12T07:57:29.956114+00:00
9215ea21-cd78-4fda-a883-637838255d12,SYN-WB-0861E707CE,Gwagwalada Terminal,"Yola, Nigeria","Yola, Nigeria",Gwagwalada Terminal → YOLA,2400.0,synthetic,48.0,2880.0,12,0,0,0,hydraulic_oil,30000.0,tanker,40000.0,0.75,13.5,38.1,24.6,26.93,434.0,Synthetic Customer - Yola,2880.0,2026-07-01T12:17:29.956114+00:00
e8bd7390-2f3c-454a-8fb8-7b82efb5d53e,SYN-WB-549A9C3E7F,PHC Terminal,"Damaturu, Nigeria","Damaturu, Nigeria",PHC Terminal → DAMATURU,6000.0,synthetic,120.0,7200.0,9,5,1,1,compressed_natural_gas,25000.0,tanker,25000.0,1.0,12.0,32.5,20.5,28.14,244.0,Synthetic Customer - Damaturu,7200.0,2026-02-26T09:42:29.956114+00:00
9dca6c83-8972-4cca-9027-90a33d08f1b7,SYN-WB-045C69BDA6,Sapele Terminal,"Maiduguri, Nigeria","Maiduguri, Nigeria",Sapele Terminal → MAIDUGURI,6000.0,synthetic,120.0,7200.0,12,5,1,0,low_pour_fuel_oil,25000.0,tanker,25000.0,1.0,12.5,33.0,20.5,36.82,175.0,Synthetic Customer - Maiduguri,7200.0,2026-06-11T12:40:29.956114+00:00
fa2c062f-5c58-4b42-b887-a079b17a94d9,SYN-WB-4853D8AF75,Sapele Terminal,"Biu, Nigeria","Biu, Nigeria",Sapele Terminal → BIU,4800.0,synthetic,96.0,5760.0,12,3,0,0,crumb_rubber_modified_bitumen,20000.0,tanker,40000.0,0.5,11.0,27.4,16.4,35.57,293.0,Synthetic Customer - Biu,5760.0,2025-12-15T12:15:29.956114+00:00
528a205e-cf88-42f9-9db6-734fc2a41d61,SYN-WB-80FFCCCBC7,Kano Terminal,"Gwagwalada, Nigeria","Gwagwalada, Nigeria",Kano Terminal → GWAGWALADA,1200.0,synthetic,24.0,1440.0,4,2,0,0,crumb_rubber_modified_bitumen,20000.0,tanker,20000.0,1.0,13.0,29.4,16.4,36.08,452.0,Synthetic Customer - Gwagwalada,1440.0,2026-06-18T04:44:29.956114+00:00
579029b6-8b9d-4454-a555-6619b10c1255,SYN-WB-8258BC5ED8,Gwagwalada Terminal,"Mayo-Belwa, Nigeria","Mayo-Belwa, Nigeria",Gwagwalada Terminal → MAYO BELWA,2400.0,synthetic,48.0,2880.0,9,2,0,1,crumb_rubber_modified_bitumen,20000.0,tanker,35000.0,0.5714,12.5,28.9,16.4,31.65,259.0,Synthetic Customer - Mayo-Belwa,2880.0,2025-09-05T09:08:29.956114+00:00
e2d1fb78-57f3-4619-a4a3-0c080c9fd345,SYN-WB-287C8A2D23,Sapele Terminal,"Lagos, Nigeria","Lagos, Nigeria",Sapele Terminal → LAGOS,1350.0,synthetic,27.0,1620.0,12,1,0,0,solvent,20000.0,tanker,20000.0,1.0,12.5,28.9,16.4,36.66,443.0,Synthetic Customer - Lagos,1620.0,2026-04-22T15:06:29.956114+00:00
a269681a-feb6-421f-b57c-6cb31f430aec,SYN-WB-955BC43A6B,Sapele Terminal,"Yola, Nigeria","Yola, Nigeria",Sapele Terminal → YOLA,4800.0,synthetic,96.0,5760.0,9,3,0,1,anionic_bitumen_emulsion,30000.0,tanker,40000.0,0.75,12.5,37.1,24.6,25.63,244.0,Synthetic Customer - Yola,5760.0,2026-08-17T09:39:29.956114+00:00
b8d7618b-f125-4de2-a08c-2a2782016551,SYN-WB-5F4C4FF2AB,Sapele Terminal,"Kontagora, Nigeria","Kontagora, Nigeria",Sapele Terminal → KONTAGORA,4800.0,synthetic,96.0,5760.0,10,4,0,0,gear_oil,20000.0,tanker,20000.0,1.0,11.0,27.4,16.4,35.36,258.0,Synthetic Customer - Kontagora,5760.0,2026-01-13T10:40:29.956114+00:00
ed66e1d3-b2b3-46b3-a7b3-4a382e686567,SYN-WB-1C290C2344,Gwagwalada Terminal,"Jos, Nigeria","Jos, Nigeria",Gwagwalada Terminal → JOS,1200.0,synthetic,24.0,1440.0,10,2,0,0,cutback_bitumen,35000.0,tanker,35000.0,1.0,11.5,40.2,28.7,35.92,402.0,Synthetic Customer - Jos,1440.0,2025-08-21T10:21:29.956114+00:00
7f51d9c5-7340-47ee-a340-ce714b0c07db,SYN-WB-CE3B5C455E,Gwagwalada Terminal,"Aba, Nigeria","Aba, Nigeria",Gwagwalada Terminal → ABA,3600.0,synthetic,72.0,4320.0,2,6,1,0,heavy_fuel_oil,33000.0,tanker,40000.0,0.825,11.0,38.06,27.06,28.93,214.0,Synthetic Customer - Aba,4320.0,2025-12-24T02:01:29.956114+00:00
49ec25db-a8bd-401b-b06a-96cb7f1a58f3,SYN-WB-2670047219,Kano Terminal,"Katsina, Nigeria","Katsina, Nigeria",Kano Terminal → KATSINA,1200.0,synthetic,24.0,1440.0,7,3,0,1,liquefied_natural_gas,35000.0,tanker,35000.0,1.0,11.0,39.7,28.7,36.06,494.0,Synthetic Customer - Katsina,1440.0,2025-11-14T07:50:29.956114+00:00
b6f32d30-ab2f-4243-8cfb-19089fc1bcd6,SYN-WB-F41CD4DEB7,Sapele Terminal,"Imo, Nigeria","Imo, Nigeria",Sapele Terminal → IMO,1200.0,synthetic,24.0,1440.0,6,1,0,0,compressed_natural_gas,30000.0,tanker,33000.0,0.9091,11.0,35.6,24.6,37.45,405.0,Synthetic Customer - Imo,1440.0,2026-04-22T06:44:29.956114+00:00
9d53e88d-b15a-4083-ae31-e8bafe98ef81,SYN-WB-A685B7A95D,Sapele Terminal,"Gusau, Nigeria","Gusau, Nigeria",Sapele Terminal → GUSAU,4800.0,synthetic,96.0,5760.0,8,3,0,1,aviation_turbine_kerosene,20000.0,tanker,20000.0,1.0,12.0,28.4,16.4,29.39,447.0,Synthetic Customer - Gusau,5760.0,2025-10-27T08:26:29.956114+00:00
39aba4e7-6292-41af-a8fa-8088e83e819b,SYN-WB-F64F4B4918,Gwagwalada Terminal,"Talata Mafara, Nigeria","Talata Mafara, Nigeria",Gwagwalada Terminal → TALATA MAFARA,1600.0,synthetic,32.0,1920.0,5,2,0,0,bitumen_80_100,20000.0,tanker,20000.0,1.0,13.5,29.9,16.4,37.88,207.0,Synthetic Customer - Talata Mafara,1920.0,2026-06-04T13:06:29.956114+00:00
c63a99e7-715a-4971-9291-7b904f905ae1,SYN-WB-20A8449AC8,Sapele Terminal,"Yola, Nigeria","Yola, Nigeria",Sapele Terminal → YOLA,4800.0,synthetic,96.0,5760.0,1,3,0,0,hydraulic_oil,25000.0,tanker,25000.0,1.0,13.5,34.0,20.5,30.99,382.0,Synthetic Customer - Yola,5760.0,2025-10-27T01:45:29.956114+00:00
150480ce-47e8-4821-bcd2-48e83d7a4a55,SYN-WB-3CECCABEFD,PHC Terminal,"Gusau, Nigeria","Gusau, Nigeria",PHC Terminal → GUSAU,4800.0,synthetic,96.0,5760.0,13,0,0,0,bitumen_60_70,30000.0,tanker,40000.0,0.75,11.5,36.1,24.6,32.36,305.0,Synthetic Customer - Gusau,5760.0,2026-08-14T13:00:29.956114+00:00
e01ad30b-8f05-4be4-aeeb-97d02330e04f,SYN-WB-38C77A9C72,Kano Terminal,"Sapele, Nigeria","Sapele, Nigeria",Kano Terminal → SAPELE,3600.0,synthetic,72.0,4320.0,5,1,0,0,heavy_fuel_oil,20000.0,tanker,20000.0,1.0,12.0,28.4,16.4,26.18,378.0,Synthetic Customer - Sapele,4320.0,2025-10-17T05:38:29.956114+00:00
9f7d7d00-c39a-41b1-9bad-579474c616d0,SYN-WB-E8204F3B40,PHC Terminal,"Enugu, Nigeria","Enugu, Nigeria",PHC Terminal → ENUGU,400.0,synthetic,8.0,480.0,3,1,0,0,base_oil,25000.0,tanker,25000.0,1.0,13.5,34.0,20.5,27.0,283.0,Synthetic Customer - Enugu,480.0,2026-01-13T11:06:29.956114+00:00
7aea4e8e-0a0e-41f2-b6dc-746abc99c63f,SYN-WB-00C8F0783D,PHC Terminal,OBURARA,OBURARA,PHC Terminal → OBURARA,1200.0,synthetic,24.0,1440.0,12,5,1,0,automotive_gas_oil,33000.0,tanker,40000.0,0.825,12.5,39.56,27.06,37.36,151.0,Synthetic Customer - Oburara,1440.0,2026-07-05T12:50:29.956114+00:00
fa290067-860e-4683-bf74-a9596ae2206b,SYN-WB-CEDE3A800D,PHC Terminal,"Ado-Ekiti, Nigeria","Ado-Ekiti, Nigeria",PHC Terminal → ADO-EKITI,1550.0,synthetic,31.0,1860.0,13,3,0,0,crumb_rubber_modified_bitumen,40000.0,tanker,40000.0,1.0,10.5,43.3,32.8,37.57,385.0,Synthetic Customer - Ado-Ekiti,1860.0,2026-02-06T20:04:29.956114+00:00
111de62b-ccda-46d5-9444-e1dfbd530e64,SYN-WB-E2FD2BA787,PHC Terminal,"Lagos, Nigeria","Lagos, Nigeria",PHC Terminal → LAGOS,1500.0,synthetic,30.0,1800.0,8,1,0,1,polymer_modified_bitumen,20000.0,tanker,20000.0,1.0,11.5,27.9,16.4,27.99,156.0,Synthetic Customer - Lagos,1800.0,2026-04-22T14:14:29.956114+00:00
7aa58783-09fb-48d9-8b6f-a484efaed104,SYN-WB-7E2339E341,PHC Terminal,"Okene, Nigeria","Okene, Nigeria",PHC Terminal → OKENE,1500.0,synthetic,30.0,1800.0,15,1,0,0,automotive_gas_oil,20000.0,tanker,40000.0,0.5,10.5,26.9,16.4,27.79,468.0,Synthetic Customer - Okene,1800.0,2025-11-05T21:01:29.956114+00:00
7520b15d-8890-4901-ae73-574a6a0d6972,SYN-WB-596918D62F,Sapele Terminal,"Bayelsa, Nigeria","Bayelsa, Nigeria",Sapele Terminal → BAYELSA,300.0,synthetic,6.0,360.0,15,1,0,0,liquefied_petroleum_gas,33000.0,tanker,33000.0,1.0,11.5,38.56,27.06,26.17,367.0,Synthetic Customer - Bayelsa,360.0,2026-02-24T21:11:29.956114+00:00
5afae167-4111-4816-9c05-33513baf7e85,SYN-WB-EE1DACB418,PHC Terminal,"Lagos, Nigeria","Lagos, Nigeria",PHC Terminal → LAGOS,1500.0,synthetic,30.0,1800.0,2,3,0,0,marine_gas_oil,35000.0,tanker,35000.0,1.0,12.5,41.2,28.7,34.09,216.0,Synthetic Customer - Lagos,1800.0,2026-07-17T08:58:29.956114+00:00
abee6d9f-2a81-4578-9169-83644ae97a94,SYN-WB-B986FB8709,PHC Terminal,"Enugu, Nigeria","Enugu, Nigeria",PHC Terminal → ENUGU,400.0,synthetic,8.0,480.0,4,5,1,0,aviation_turbine_kerosene,20000.0,tanker,20000.0,1.0,12.5,28.9,16.4,32.1,156.0,Synthetic Customer - Enugu,480.0,2026-06-06T12:58:29.956114+00:00
9235c4c5-450b-4b7d-8a68-ec3f92857569,SYN-WB-86C02EFDEA,Sapele Terminal,"Kogi, Nigeria","Kogi, Nigeria",Sapele Terminal → KOGI,1200.0,synthetic,24.0,1440.0,0,6,1,0,bitumen_80_100,20000.0,tanker,20000.0,1.0,10.5,26.9,16.4,35.6,324.0,Synthetic Customer - Kogi,1440.0,2026-04-13T00:40:29.956114+00:00
38478fda-6bca-461d-b244-fff9d20b911b,SYN-WB-FA777899D0,PHC Terminal,"Ondo, Nigeria","Ondo, Nigeria",PHC Terminal → ONDO,1200.0,synthetic,24.0,1440.0,12,6,1,0,gear_oil,35000.0,tanker,40000.0,0.875,13.5,42.2,28.7,34.25,383.0,Synthetic Customer - Ondo,1440.0,2026-08-10T12:08:29.956114+00:00
fe8539bf-bdcb-4433-97f1-17369d9e649c,SYN-WB-17FE5E7483,Sapele Terminal,"Damaturu, Nigeria","Damaturu, Nigeria",Sapele Terminal → DAMATURU,6000.0,synthetic,120.0,7200.0,11,0,0,0,bitumen_80_100,20000.0,tanker,40000.0,0.5,11.0,27.4,16.4,31.28,459.0,Synthetic Customer - Damaturu,7200.0,2026-01-03T11:34:29.956114+00:00
2caeff95-3116-4f9e-9281-720d090acf05,SYN-WB-5231DCE405,PHC Terminal,"Ado-Ekiti, Nigeria","Ado-Ekiti, Nigeria",PHC Terminal → ADO-EKITI,1550.0,synthetic,31.0,1860.0,9,4,0,1,premium_motor_spirit,25000.0,tanker,25000.0,1.0,11.5,32.0,20.5,32.12,130.0,Synthetic Customer - Ado-Ekiti,1860.0,2026-08-01T16:05:29.956114+00:00
06928a21-ef98-4017-a6aa-40525c913847,SYN-WB-48BD77914D,Gwagwalada Terminal,"Kwara, Nigeria","Kwara, Nigeria",Gwagwalada Terminal → KWARA,3600.0,synthetic,72.0,4320.0,0,5,1,0,marine_gas_oil,33000.0,tanker,40000.0,0.825,10.5,37.56,27.06,30.59,121.0,Synthetic Customer - Kwara,4320.0,2026-06-02T00:14:29.956114+00:00
a4f614c2-a447-4582-a95e-3152fdfe4426,SYN-WB-8947FB27BC,Kano Terminal,"Maiduguri, Nigeria","Maiduguri, Nigeria",Kano Terminal → MAIDUGURI,1200.0,synthetic,24.0,1440.0,4,1,0,0,bitumen_80_100,20000.0,tanker,20000.0,1.0,13.0,29.4,16.4,37.84,369.0,Synthetic Customer - Maiduguri,1440.0,2025-10-01T04:44:29.956114+00:00
c322781d-501b-4c44-8c2a-39779dfe262d,SYN-WB-EED1C0DD37,PHC Terminal,"Mayo-Belwa, Nigeria","Mayo-Belwa, Nigeria",PHC Terminal → MAYO BELWA,3600.0,synthetic,72.0,4320.0,6,5,1,0,liquefied_petroleum_gas,25000.0,tanker,25000.0,1.0,11.5,32.0,20.5,25.42,391.0,Synthetic Customer - Mayo-Belwa,4320.0,2025-11-18T06:38:29.956114+00:00
b69c35b6-16be-48c8-9e88-119f8160e9e5,SYN-WB-3F32C5357D,Sapele Terminal,FUTUA,FUTUA,Sapele Terminal → FUTUA,4800.0,synthetic,96.0,5760.0,13,0,0,0,liquefied_natural_gas,25000.0,tanker,25000.0,1.0,13.5,34.0,20.5,30.84,341.0,Synthetic Customer - Futua,5760.0,2025-08-29T13:08:29.956114+00:00
ee7324e7-eaad-42f7-9a83-cc5d04dfc301,SYN-WB-DEEF000A79,Kano Terminal,"Birnin Kebbi, Nigeria","Birnin Kebbi, Nigeria",Kano Terminal → BIRNIN KEBBI,2400.0,synthetic,48.0,2880.0,6,6,1,0,grease,25000.0,tanker,25000.0,1.0,12.0,32.5,20.5,35.02,402.0,Synthetic Customer - Birnin Kebbi,2880.0,2025-12-02T06:58:29.956114+00:00
6771a645-3648-4ec5-9fde-6ed4dc095be6,SYN-WB-3525000FB5,Kano Terminal,"Gwagwalada, Nigeria","Gwagwalada, Nigeria",Kano Terminal → GWAGWALADA,1200.0,synthetic,24.0,1440.0,3,2,0,0,premium_motor_spirit,25000.0,tanker,25000.0,1.0,11.5,32.0,20.5,36.88,114.0,Synthetic Customer - Gwagwalada,1440.0,2025-11-13T03:28:29.956114+00:00
6e861059-dfaf-4445-b187-a2412881ae1e,SYN-WB-584AD797AE,Kano Terminal,"Jalingo, Nigeria","Jalingo, Nigeria",Kano Terminal → JALINGO,2400.0,synthetic,48.0,2880.0,8,5,1,1,bitumen_80_100,35000.0,tanker,35000.0,1.0,12.5,41.2,28.7,36.93,203.0,Synthetic Customer - Jalingo,2880.0,2026-04-27T08:39:29.956114+00:00
0639cc99-9890-4064-91d2-67e59e0194c9,SYN-WB-A574449C9C,Sapele Terminal,"Ilorin, Nigeria","Ilorin, Nigeria",Sapele Terminal → ILORIN,1450.0,synthetic,29.0,1740.0,6,4,0,0,premium_motor_spirit,25000.0,tanker,25000.0,1.0,12.5,33.0,20.5,27.48,329.0,Synthetic Customer - Ilorin,1740.0,2026-07-25T11:05:29.956114+00:00
2aefaa2f-fa01-44b6-b6ac-9e44443c4526,SYN-WB-E75A09ECB3,Gwagwalada Terminal,"Bida, Nigeria","Bida, Nigeria",Gwagwalada Terminal → BIDA,1200.0,synthetic,24.0,1440.0,9,0,0,1,household_kerosene,20000.0,tanker,20000.0,1.0,10.5,26.9,16.4,28.57,336.0,Synthetic Customer - Bida,1440.0,2025-09-09T09:46:29.956114+00:00
575e8614-88df-4086-85c3-7f309a4dfd0c,SYN-WB-F3B3F65701,PHC Terminal,"Anambra, Nigeria","Anambra, Nigeria",PHC Terminal → ANAMBRA,400.0,synthetic,8.0,480.0,6,2,0,0,automotive_gas_oil,33000.0,tanker,40000.0,0.825,12.5,39.56,27.06,33.86,223.0,Synthetic Customer - Anambra,480.0,2025-09-10T14:08:29.956114+00:00
329e94bd-4fdb-46f9-8f90-f52d55b55f89,SYN-WB-D4699B75D3,Gwagwalada Terminal,"Kano, Nigeria","Kano, Nigeria",Gwagwalada Terminal → KANO,1200.0,synthetic,24.0,1440.0,8,3,0,1,natural_gas,30000.0,tanker,35000.0,0.8571,11.5,36.1,24.6,36.03,324.0,Synthetic Customer - Kano,1440.0,2026-08-14T08:50:29.956114+00:00
c3928857-77ed-4393-815f-c3b444a989de,SYN-WB-14A356607E,Gwagwalada Terminal,"Mayo-Belwa, Nigeria","Mayo-Belwa, Nigeria",Gwagwalada Terminal → MAYO BELWA,2400.0,synthetic,48.0,2880.0,5,5,1,0,polymer_modified_bitumen,25000.0,tanker,35000.0,0.7143,13.5,34.0,20.5,25.05,312.0,Synthetic Customer - Mayo-Belwa,2880.0,2026-05-04T05:39:29.956114+00:00
5fe34335-436c-4fa5-9a98-93671ab20520,SYN-WB-EB3DEB9C4A,PHC Terminal,"Katsina, Nigeria","Katsina, Nigeria",PHC Terminal → KATSINA,4800.0,synthetic,96.0,5760.0,13,4,0,0,bitumen_60_70,40000.0,tanker,40000.0,1.0,11.5,44.3,32.8,34.72,122.0,Synthetic Customer - Katsina,5760.0,2026-04-14T13:48:29.956114+00:00
5734dd34-1389-4577-93cb-d4711b9d0a29,SYN-WB-72BC8FF805,Kano Terminal,"Port Harcourt, Nigeria","Port Harcourt, Nigeria",Kano Terminal → PHC,4800.0,synthetic,96.0,5760.0,4,4,0,0,bitumen_40_50,25000.0,tanker,25000.0,1.0,13.0,33.5,20.5,36.11,250.0,Synthetic Customer - Port Harcourt,5760.0,2025-11-25T04:20:29.956114+00:00
521233f6-cf00-4fdd-ab1f-1879e1d05a07,SYN-WB-757FFA3201,Sapele Terminal,"Ogun, Nigeria","Ogun, Nigeria",Sapele Terminal → OGUN,1200.0,synthetic,24.0,1440.0,12,2,0,0,bitumen_80_100,40000.0,tanker,40000.0,1.0,11.0,43.8,32.8,30.16,222.0,Synthetic Customer - Ogun,1440.0,2025-10-16T12:47:29.956114+00:00
812b12c5-bcef-4537-b4a1-b8c75c4010f5,SYN-WB-F73C0ADC63,Sapele Terminal,"Bayelsa, Nigeria","Bayelsa, Nigeria",Sapele Terminal → BAYELSA,300.0,synthetic,6.0,360.0,8,3,0,1,premium_motor_spirit,35000.0,tanker,40000.0,0.875,13.0,41.7,28.7,27.35,406.0,Synthetic Customer - Bayelsa,360.0,2026-05-14T14:08:29.956114+00:00
4e699916-ce19-4242-a340-5f64a9aed9bb,SYN-WB-33977EB462,Sapele Terminal,"Abia, Nigeria","Abia, Nigeria",Sapele Terminal → ABIA,250.0,synthetic,5.0,300.0,9,0,0,1,automotive_gas_oil,25000.0,tanker,40000.0,0.625,11.5,32.0,20.5,33.19,321.0,Synthetic Customer - Abia,300.0,2025-12-22T14:15:29.956114+00:00
5e9e933d-5446-4799-b0d5-52a5139b1c95,SYN-WB-6C3CB3B746,Kano Terminal,"Sapele, Nigeria","Sapele, Nigeria",Kano Terminal → SAPELE,3600.0,synthetic,72.0,4320.0,4,5,1,0,paraffin_wax,20000.0,tanker,20000.0,1.0,13.0,29.4,16.4,31.0,279.0,Synthetic Customer - Sapele,4320.0,2026-02-10T04:09:29.956114+00:00
35ccc5ce-cfae-464d-af78-f638ba5ae8c0,SYN-WB-F49A15CD65,Sapele Terminal,"Mowe, Nigeria","Mowe, Nigeria",Sapele Terminal → MOWE,1200.0,synthetic,24.0,1440.0,10,1,0,0,crumb_rubber_modified_bitumen,20000.0,tanker,20000.0,1.0,11.0,27.4,16.4,32.23,124.0,Synthetic Customer - Mowe,1440.0,2025-09-17T10:09:29.956114+00:00
2284397a-b303-40b0-b5fc-190b0b3c52a4,SYN-WB-24285C3A17,Sapele Terminal,"Talata Mafara, Nigeria","Talata Mafara, Nigeria",Sapele Terminal → TALATA MAFARA,6000.0,synthetic,120.0,7200.0,12,1,0,0,low_pour_fuel_oil,40000.0,tanker,40000.0,1.0,11.5,44.3,32.8,33.23,317.0,Synthetic Customer - Talata Mafara,7200.0,2025-10-19T12:58:29.956114+00:00
5a76a619-6d80-47d6-853e-c375e05b488e,SYN-WB-2FBC6D2C22,PHC Terminal,YENOGOA,YENOGOA,PHC Terminal → YENOGOA,250.0,synthetic,5.0,300.0,5,0,0,0,base_oil,33000.0,tanker,35000.0,0.9429,12.5,39.56,27.06,35.26,257.0,Synthetic Customer - Yenagoa,300.0,2026-05-18T10:23:29.956114+00:00
3830fa26-9cac-478a-a5a8-e42c4c1b51aa,SYN-WB-6F19FE70DB,Sapele Terminal,"Taraba, Nigeria","Taraba, Nigeria",Sapele Terminal → TARABA,3600.0,synthetic,72.0,4320.0,4,0,0,0,polymer_modified_bitumen,20000.0,tanker,20000.0,1.0,12.5,28.9,16.4,31.92,217.0,Synthetic Customer - Taraba,4320.0,2026-02-05T04:12:29.956114+00:00
0b22d69a-6e92-4e89-a5e9-ade1a34ecd81,SYN-WB-843A735B29,Gwagwalada Terminal,"Benue, Nigeria","Benue, Nigeria",Gwagwalada Terminal → BENUE,1200.0,synthetic,24.0,1440.0,11,3,0,0,household_kerosene,20000.0,tanker,20000.0,1.0,11.5,27.9,16.4,34.89,323.0,Synthetic Customer - Benue,1440.0,2025-12-19T11:55:29.956114+00:00
48a9b866-72d9-41c7-a340-8e06262ed5cb,SYN-WB-4992944ECB,Gwagwalada Terminal,"Mubi, Nigeria","Mubi, Nigeria",Gwagwalada Terminal → MUBI,3600.0,synthetic,72.0,4320.0,12,4,0,0,gear_oil,20000.0,tanker,30000.0,0.6667,13.0,29.4,16.4,25.33,475.0,Synthetic Customer - Mubi,4320.0,2026-07-06T12:54:29.956114+00:00
c74f7b6d-75dd-4c02-9748-fae1254a6c19,SYN-WB-4B5C5A8BE5,PHC Terminal,FUTUA,FUTUA,PHC Terminal → FUTUA,3600.0,synthetic,72.0,4320.0,4,4,0,0,hydraulic_oil,20000.0,tanker,20000.0,1.0,10.5,26.9,16.4,36.94,309.0,Synthetic Customer - Futua,4320.0,2025-10-27T04:12:29.956114+00:00
325d3b6d-8d85-4782-9ac4-fcd6b07ced57,SYN-WB-2801C37F85,Gwagwalada Terminal,"Katsina, Nigeria","Katsina, Nigeria",Gwagwalada Terminal → KATSINA,2400.0,synthetic,48.0,2880.0,5,0,0,0,dual_purpose_kerosene,35000.0,tanker,35000.0,1.0,12.5,41.2,28.7,34.27,444.0,Synthetic Customer - Katsina,2880.0,2026-01-14T05:03:29.956114+00:00
40ef101f-fc0b-488d-9c78-7739df7fad2e,SYN-WB-2D9FA2CDF8,Gwagwalada Terminal,"Benue, Nigeria","Benue, Nigeria",Gwagwalada Terminal → BENUE,1200.0,synthetic,24.0,1440.0,7,0,0,1,solvent,25000.0,tanker,35000.0,0.7143,11.0,31.5,20.5,32.92,187.0,Synthetic Customer - Benue,1440.0,2025-10-07T07:13:29.956114+00:00
fe57fdc0-e1e6-497c-8b18-0b6dfaf4412a,SYN-WB-A42CF5D595,Sapele Terminal,"Kogi, Nigeria","Kogi, Nigeria",Sapele Terminal → KOGI,1200.0,synthetic,24.0,1440.0,2,6,1,0,hydraulic_oil,25000.0,tanker,25000.0,1.0,13.5,34.0,20.5,33.61,377.0,Synthetic Customer - Kogi,1440.0,2025-08-25T02:10:29.956114+00:00
2ba7c7d6-e603-439a-8502-758629348809,SYN-WB-99DF446366,Gwagwalada Terminal,"Gusau, Nigeria","Gusau, Nigeria",Gwagwalada Terminal → GUSAU,1200.0,synthetic,24.0,1440.0,4,2,0,0,natural_gas,30000.0,tanker,40000.0,0.75,11.0,35.6,24.6,28.19,347.0,Synthetic Customer - Gusau,1440.0,2026-07-09T04:27:29.956114+00:00
eb8cc4cf-c62c-4f53-9eea-d1ac031b69d2,SYN-WB-3557ED5CB1,Gwagwalada Terminal,"Kano, Nigeria","Kano, Nigeria",Gwagwalada Terminal → KANO,1200.0,synthetic,24.0,1440.0,2,3,0,0,crumb_rubber_modified_bitumen,30000.0,tanker,30000.0,1.0,10.5,35.1,24.6,32.13,234.0,Synthetic Customer - Kano,1440.0,2026-03-06T02:49:29.956114+00:00
d3bac7c3-0897-42a4-bfb5-8199b8c40dc9,SYN-WB-27172AFB5B,Kano Terminal,FUTUA,FUTUA,Kano Terminal → FUTUA,300.0,synthetic,6.0,360.0,12,0,0,0,aviation_turbine_kerosene,25000.0,tanker,25000.0,1.0,12.5,33.0,20.5,32.11,473.0,Synthetic Customer - Futua,360.0,2026-04-20T18:40:29.956114+00:00
4b75e875-ca7a-4011-b849-f64ae2538324,SYN-WB-7CF0AFB04D,Sapele Terminal,"Mokwa, Nigeria","Mokwa, Nigeria",Sapele Terminal → MOKWA,2400.0,synthetic,48.0,2880.0,7,4,0,1,bitumen_80_100,40000.0,tanker,40000.0,1.0,10.5,43.3,32.8,28.93,234.0,Synthetic Customer - Mokwa,2880.0,2025-11-23T07:32:29.956114+00:00
4c28e617-54e9-4730-b600-6845bcd9d4a2,SYN-WB-1F04C9676F,PHC Terminal,"Ogun, Nigeria","Ogun, Nigeria",PHC Terminal → OGUN,1200.0,synthetic,24.0,1440.0,13,3,0,0,base_oil,40000.0,tanker,40000.0,1.0,12.0,44.8,32.8,26.19,213.0,Synthetic Customer - Ogun,1440.0,2026-05-08T13:41:29.956114+00:00
4ecbb881-12b7-4f87-af7c-a5056397435b,SYN-WB-C76CEDC08D,PHC Terminal,"Yola, Nigeria","Yola, Nigeria",PHC Terminal → YOLA,3600.0,synthetic,72.0,4320.0,1,1,0,0,premium_motor_spirit,20000.0,tanker,20000.0,1.0,11.5,27.9,16.4,37.47,449.0,Synthetic Customer - Yola,4320.0,2026-07-17T01:30:29.956114+00:00
b9d94879-c1e1-425d-8e2e-005352a0a0dc,SYN-WB-6C2628C9BE,Sapele Terminal,"Bauchi, Nigeria","Bauchi, Nigeria",Sapele Terminal → BAUCHI,3600.0,synthetic,72.0,4320.0,5,6,1,0,dual_purpose_kerosene,20000.0,tanker,40000.0,0.5,13.5,29.9,16.4,32.78,185.0,Synthetic Customer - Bauchi,4320.0,2026-01-14T05:52:29.956114+00:00
8510dd82-2123-4d81-9371-84157cfd3b77,SYN-WB-9F2C5C13F9,PHC Terminal,"Taraba, Nigeria","Taraba, Nigeria",PHC Terminal → TARABA,2400.0,synthetic,48.0,2880.0,2,2,0,0,engine_oil,35000.0,tanker,40000.0,0.875,13.0,41.7,28.7,28.55,481.0,Synthetic Customer - Taraba,2880.0,2026-03-27T02:29:29.956114+00:00
e760c513-1d13-491f-99d6-bafca91d37bc,SYN-WB-7E364B2D58,Kano Terminal,"Lagos, Nigeria","Lagos, Nigeria",Kano Terminal → LAGOS,3600.0,synthetic,72.0,4320.0,3,3,0,0,bitumen_80_100,20000.0,tanker,20000.0,1.0,13.0,29.4,16.4,36.08,389.0,Synthetic Customer - Lagos,4320.0,2026-07-12T03:56:29.956114+00:00
f8d27f20-e6bb-4c92-a4a7-eca9535ce939,SYN-WB-8793C2C105,Sapele Terminal,"Kano, Nigeria","Kano, Nigeria",Sapele Terminal → KANO,3600.0,synthetic,72.0,4320.0,7,3,0,1,premium_motor_spirit,25000.0,tanker,40000.0,0.625,11.5,32.0,20.5,33.0,445.0,Synthetic Customer - Kano,4320.0,2026-07-12T07:27:29.956114+00:00
8a47eb64-60f8-49a3-8865-00d1f9a749fd,SYN-WB-F92396CF42,PHC Terminal,"Yola, Nigeria","Yola, Nigeria",PHC Terminal → YOLA,3600.0,synthetic,72.0,4320.0,5,6,1,0,bitumen_40_50,35000.0,tanker,35000.0,1.0,10.5,39.2,28.7,28.42,170.0,Synthetic Customer - Yola,4320.0,2026-04-08T05:10:29.956114+00:00
022e3571-f79b-4ba6-ae97-d3a345592c88,SYN-WB-B521906541,Sapele Terminal,"Sokoto, Nigeria","Sokoto, Nigeria",Sapele Terminal → SOKOTO,6000.0,synthetic,120.0,7200.0,12,2,0,0,marine_gas_oil,40000.0,tanker,40000.0,1.0,11.0,43.8,32.8,35.59,157.0,Synthetic Customer - Sokoto,7200.0,2025-09-29T12:17:29.956114+00:00
08c9303b-e097-494c-8c39-9da2a53e1569,SYN-WB-BB398395B1,PHC Terminal,"Uyo, Nigeria","Uyo, Nigeria",PHC Terminal → UYO,400.0,synthetic,8.0,480.0,5,0,0,0,liquefied_natural_gas,40000.0,tanker,40000.0,1.0,11.0,43.8,32.8,29.01,305.0,Synthetic Customer - Uyo,480.0,2026-03-30T13:56:29.956114+00:00
07e0efef-eb06-4072-85f8-1855bb420a02,SYN-WB-37FAB3A0CD,Gwagwalada Terminal,"Ogbomoso, Nigeria","Ogbomoso, Nigeria",Gwagwalada Terminal → OGBOMOSO,3600.0,synthetic,72.0,4320.0,2,4,0,0,engine_oil,20000.0,tanker,20000.0,1.0,13.5,29.9,16.4,25.75,236.0,Synthetic Customer - Ogbomoso,4320.0,2025-11-03T02:34:29.956114+00:00
7a40f233-8554-43dc-a456-8a32283175c1,SYN-WB-41AD66073C,Gwagwalada Terminal,"Ilorin, Nigeria","Ilorin, Nigeria",Gwagwalada Terminal → ILORIN,3600.0,synthetic,72.0,4320.0,12,4,0,0,bitumen_60_70,33000.0,tanker,35000.0,0.9429,11.5,38.56,27.06,36.63,205.0,Synthetic Customer - Ilorin,4320.0,2026-02-23T12:23:29.956114+00:00
1786a0ac-5c93-4ee5-9059-121db28f659b,SYN-WB-D733166CEC,Gwagwalada Terminal,"Jos, Nigeria","Jos, Nigeria",Gwagwalada Terminal → JOS,1200.0,synthetic,24.0,1440.0,6,1,0,0,crumb_rubber_modified_bitumen,25000.0,tanker,35000.0,0.7143,12.0,32.5,20.5,37.55,323.0,Synthetic Customer - Jos,1440.0,2025-11-26T06:25:29.956114+00:00
16d63768-df8e-4415-8f19-1aa3fd362dbf,SYN-WB-3B6C2F0FCE,Gwagwalada Terminal,"Ilorin, Nigeria","Ilorin, Nigeria",Gwagwalada Terminal → ILORIN,3600.0,synthetic,72.0,4320.0,8,5,1,1,aviation_turbine_kerosene,30000.0,tanker,35000.0,0.8571,10.5,35.1,24.6,34.99,202.0,Synthetic Customer - Ilorin,4320.0,2026-04-14T08:47:29.956114+00:00
89c73671-41a1-4086-a6f1-d7c37050e445,SYN-WB-061F79AD1D,Sapele Terminal,"Maiduguri, Nigeria","Maiduguri, Nigeria",Sapele Terminal → MAIDUGURI,6000.0,synthetic,120.0,7200.0,13,5,1,0,liquefied_petroleum_gas,30000.0,tanker,40000.0,0.75,11.0,35.6,24.6,36.59,488.0,Synthetic Customer - Maiduguri,7200.0,2026-01-22T13:05:29.956114+00:00
4594d494-e88b-4153-b90d-6a79fa9e656d,SYN-WB-6643FEC611,Sapele Terminal,"Yola, Nigeria","Yola, Nigeria",Sapele Terminal → YOLA,4800.0,synthetic,96.0,5760.0,1,0,0,0,dual_purpose_kerosene,20000.0,tanker,20000.0,1.0,13.5,29.9,16.4,34.58,197.0,Synthetic Customer - Yola,5760.0,2025-12-05T01:58:29.956114+00:00
6f2155b4-e07d-4ffc-a9bf-ce07ce303eb6,SYN-WB-4AC0009E18,Gwagwalada Terminal,"Ogun, Nigeria","Ogun, Nigeria",Gwagwalada Terminal → OGUN,2400.0,synthetic,48.0,2880.0,4,4,0,0,paraffin_wax,20000.0,tanker,25000.0,0.8,13.5,29.9,16.4,33.9,412.0,Synthetic Customer - Ogun,2880.0,2025-12-14T04:21:29.956114+00:00
a220b09e-1604-4a14-917a-2c5f1278b56e,SYN-WB-BCE226DA33,Gwagwalada Terminal,"Benue, Nigeria","Benue, Nigeria",Gwagwalada Terminal → BENUE,1200.0,synthetic,24.0,1440.0,10,1,0,0,bitumen_40_50,25000.0,tanker,25000.0,1.0,12.0,32.5,20.5,35.39,436.0,Synthetic Customer - Benue,1440.0,2026-06-03T10:45:29.956114+00:00
d6a9f4db-4eda-4580-a663-2c7677ca7988,SYN-WB-0C5ACDE4DA,Gwagwalada Terminal,"Kano, Nigeria","Kano, Nigeria",Gwagwalada Terminal → KANO,1200.0,synthetic,24.0,1440.0,1,6,1,0,base_oil,25000.0,tanker,40000.0,0.625,12.5,33.0,20.5,30.04,490.0,Synthetic Customer - Kano,1440.0,2026-04-06T01:42:29.956114+00:00
9d99cec7-2ca3-4aa8-9db4-e8f1064a69be,SYN-WB-C386AA976A,Sapele Terminal,AKWAIBOM,AKWAIBOM,Sapele Terminal → AKWAIBOM,1200.0,synthetic,24.0,1440.0,7,4,0,1,dual_purpose_kerosene,20000.0,tanker,20000.0,1.0,12.5,28.9,16.4,34.49,260.0,Synthetic Customer - Akwaibom,1440.0,2025-10-04T07:42:29.956114+00:00
28a518fc-c9e7-410d-8646-f3439d55b9ea,SYN-WB-077C32FD0E,PHC Terminal,"Kaduna, Nigeria","Kaduna, Nigeria",PHC Terminal → KADUNA,2400.0,synthetic,48.0,2880.0,5,6,1,0,anionic_bitumen_emulsion,25000.0,tanker,35000.0,0.7143,13.0,33.5,20.5,32.9,295.0,Synthetic Customer - Kaduna,2880.0,2026-02-03T05:39:29.956114+00:00
ecfdd132-7af7-4f7e-8c6f-2f5b9007f940,SYN-WB-B123B08052,Gwagwalada Terminal,"Lagos, Nigeria","Lagos, Nigeria",Gwagwalada Terminal → LAGOS,3600.0,synthetic,72.0,4320.0,8,3,0,1,household_kerosene,33000.0,tanker,40000.0,0.825,11.5,38.56,27.06,28.62,498.0,Synthetic Customer - Lagos,4320.0,2025-11-16T08:43:29.956114+00:00
d2b9483a-4187-4acb-9033-1a9619a64562,SYN-WB-3754DB281D,PHC Terminal,"Enugu, Nigeria","Enugu, Nigeria",PHC Terminal → ENUGU,400.0,synthetic,8.0,480.0,11,0,0,0,grease,33000.0,tanker,35000.0,0.9429,12.0,39.06,27.06,29.87,178.0,Synthetic Customer - Enugu,480.0,2026-03-16T19:44:29.956114+00:00
725c4480-d3d2-49f7-95de-64d7185bcfd9,SYN-WB-8FAB75CB15,PHC Terminal,"Epe, Nigeria","Epe, Nigeria",PHC Terminal → EPE,1200.0,synthetic,24.0,1440.0,1,6,1,0,compressed_natural_gas,20000.0,tanker,20000.0,1.0,13.5,29.9,16.4,32.11,475.0,Synthetic Customer - Epe,1440.0,2025-09-01T01:12:29.956114+00:00
fe4b9053-8e7c-4fb7-91d0-a8d55102315f,SYN-WB-EC071CF729,Kano Terminal,"Maiduguri, Nigeria","Maiduguri, Nigeria",Kano Terminal → MAIDUGURI,1200.0,synthetic,24.0,1440.0,11,5,1,0,cationic_bitumen_emulsion,20000.0,tanker,20000.0,1.0,10.5,26.9,16.4,37.31,110.0,Synthetic Customer - Maiduguri,1440.0,2026-05-31T11:41:29.956114+00:00
c2427b4a-5049-449d-bc63-3a611aba8532,SYN-WB-172EED50F2,PHC Terminal,"Biu, Nigeria","Biu, Nigeria",PHC Terminal → BIU,3600.0,synthetic,72.0,4320.0,6,6,1,0,crumb_rubber_modified_bitumen,20000.0,tanker,20000.0,1.0,11.5,27.9,16.4,37.07,432.0,Synthetic Customer - Biu,4320.0,2026-02-25T06:59:29.956114+00:00
4045cea2-5c0b-4751-82c8-5bc2a743d72f,SYN-WB-D159530CC2,Kano Terminal,"Damaturu, Nigeria","Damaturu, Nigeria",Kano Terminal → DAMATURU,1200.0,synthetic,24.0,1440.0,4,0,0,0,liquefied_petroleum_gas,20000.0,tanker,20000.0,1.0,13.0,29.4,16.4,37.37,256.0,Synthetic Customer - Damaturu,1440.0,2026-08-04T04:50:29.956114+00:00
5f0a0ed1-fbe8-4d66-b7b7-803b2f897cc3,SYN-WB-BFDBDCD376,PHC Terminal,"Dutse, Nigeria","Dutse, Nigeria",PHC Terminal → DUTSE,4800.0,synthetic,96.0,5760.0,12,0,0,0,base_oil,33000.0,tanker,40000.0,0.825,11.0,38.06,27.06,27.89,214.0,Synthetic Customer - Dutse,5760.0,2025-10-24T12:46:29.956114+00:00
ee46d291-9133-48ae-9782-129e9caa064b,SYN-WB-C785529C71,Sapele Terminal,"Nasarawa, Nigeria","Nasarawa, Nigeria",Sapele Terminal → NASARAWA,3600.0,synthetic,72.0,4320.0,7,1,0,1,bitumen_60_70,25000.0,tanker,25000.0,1.0,11.0,31.5,20.5,26.33,358.0,Synthetic Customer - Nasarawa,4320.0,2025-11-14T07:03:29.956114+00:00
4a8e03bf-9882-4bee-a38a-feefe7396366,SYN-WB-30EF55EF58,Gwagwalada Terminal,"Aba, Nigeria","Aba, Nigeria",Gwagwalada Terminal → ABA,3600.0,synthetic,72.0,4320.0,2,1,0,0,base_oil,25000.0,tanker,25000.0,1.0,11.5,32.0,20.5,26.0,391.0,Synthetic Customer - Aba,4320.0,2026-06-12T02:44:29.956114+00:00
27101452-26be-4b87-b10b-6416202fa37f,SYN-WB-A35185531F,Gwagwalada Terminal,"Port Harcourt, Nigeria","Port Harcourt, Nigeria",Gwagwalada Terminal → PHC,3600.0,synthetic,72.0,4320.0,0,1,0,0,gear_oil,30000.0,tanker,30000.0,1.0,12.0,36.6,24.6,29.02,479.0,Synthetic Customer - Port Harcourt,4320.0,2025-12-19T00:24:29.956114+00:00
ca38e7ca-83a8-4e82-814a-a60989d683cd,SYN-WB-F0376251BA,Gwagwalada Terminal,"Benue, Nigeria","Benue, Nigeria",Gwagwalada Terminal → BENUE,1200.0,synthetic,24.0,1440.0,7,4,0,1,cutback_bitumen,30000.0,tanker,30000.0,1.0,10.5,35.1,24.6,32.84,271.0,Synthetic Customer - Benue,1440.0,2026-07-11T07:38:29.956114+00:00
57d99c40-3ad7-4479-99d4-d430b8e891b2,SYN-WB-A7B0487BC7,Sapele Terminal,"Borno, Nigeria","Borno, Nigeria",Sapele Terminal → BORNO,4800.0,synthetic,96.0,5760.0,13,5,1,0,anionic_bitumen_emulsion,40000.0,tanker,40000.0,1.0,11.5,44.3,32.8,36.0,242.0,Synthetic Customer - Borno,5760.0,2025-10-08T13:22:29.956114+00:00
7eea9fa9-8fba-4b3f-a0f7-41c77d5cc66c,SYN-WB-975E0CD334,Gwagwalada Terminal,"Bida, Nigeria","Bida, Nigeria",Gwagwalada Terminal → BIDA,1200.0,synthetic,24.0,1440.0,8,3,0,1,marine_diesel_oil,30000.0,tanker,40000.0,0.75,11.0,35.6,24.6,35.42,196.0,Synthetic Customer - Bida,1440.0,2026-06-12T08:36:29.956114+00:00
77c81b81-14e2-4c74-b985-ab6c99151a47,SYN-WB-8A8D0217B3,Kano Terminal,"Dutse, Nigeria","Dutse, Nigeria",Kano Terminal → DUTSE,200.0,synthetic,4.0,240.0,12,1,0,0,transmission_fluid,20000.0,tanker,20000.0,1.0,11.5,27.9,16.4,25.66,393.0,Synthetic Customer - Dutse,240.0,2026-03-31T16:17:29.956114+00:00
8db9a392-771d-4db5-8ff2-166985174c10,SYN-WB-97B1FAA737,PHC Terminal,"Jebba, Nigeria","Jebba, Nigeria",PHC Terminal → JEBBA,2400.0,synthetic,48.0,2880.0,12,3,0,0,natural_gas,20000.0,tanker,20000.0,1.0,11.0,27.4,16.4,31.16,103.0,Synthetic Customer - Jebba,2880.0,2026-02-21T12:23:29.956114+00:00
f7e03f1a-696c-43aa-8c73-636c6c4eae2c,SYN-WB-320980B228,Sapele Terminal,"Lagos, Nigeria","Lagos, Nigeria",Sapele Terminal → LAGOS,1350.0,synthetic,27.0,1620.0,7,4,0,1,heavy_fuel_oil,20000.0,tanker,40000.0,0.5,11.5,27.9,16.4,29.88,449.0,Synthetic Customer - Lagos,1620.0,2026-01-10T10:47:29.956114+00:00
9dab098d-d73c-4e55-a06a-142bbd2abe16,SYN-WB-48E02EA827,PHC Terminal,"Bida, Nigeria","Bida, Nigeria",PHC Terminal → BIDA,4800.0,synthetic,96.0,5760.0,9,3,0,1,base_oil,40000.0,tanker,40000.0,1.0,13.5,46.3,32.8,36.7,189.0,Synthetic Customer - Bida,5760.0,2025-10-13T09:23:29.956114+00:00
1ff9506d-efe9-4bfd-9f02-0985b600cfc1,SYN-WB-F26752920F,Sapele Terminal,"Osun, Nigeria","Osun, Nigeria",Sapele Terminal → OSUN,1200.0,synthetic,24.0,1440.0,6,2,0,0,bitumen_60_70,30000.0,tanker,33000.0,0.9091,11.5,36.1,24.6,28.53,327.0,Synthetic Customer - Osun,1440.0,2025-12-11T06:41:29.956114+00:00
05a1439a-1652-44fb-9d02-16adb0997a4b,SYN-WB-F22E3C903F,Kano Terminal,"Dutse, Nigeria","Dutse, Nigeria",Kano Terminal → DUTSE,200.0,synthetic,4.0,240.0,11,5,1,0,bitumen_60_70,20000.0,tanker,20000.0,1.0,10.5,26.9,16.4,33.29,485.0,Synthetic Customer - Dutse,240.0,2025-08-23T15:48:29.956114+00:00
04c38e8a-1e69-4164-a21a-2af95fe8fe6b,SYN-WB-D7FB7F17FC,Sapele Terminal,"Abia, Nigeria","Abia, Nigeria",Sapele Terminal → ABIA,250.0,synthetic,5.0,300.0,7,4,0,1,solvent,25000.0,tanker,25000.0,1.0,11.0,31.5,20.5,36.67,282.0,Synthetic Customer - Abia,300.0,2025-08-29T12:34:29.956114+00:00
84341a1a-9c8e-4965-aa7d-11cf8af70b7f,SYN-WB-1024B108F9,Gwagwalada Terminal,"Umuahia, Nigeria","Umuahia, Nigeria",Gwagwalada Terminal → UMUAHIA,2400.0,synthetic,48.0,2880.0,10,6,1,0,heavy_fuel_oil,25000.0,tanker,25000.0,1.0,13.0,33.5,20.5,31.85,441.0,Synthetic Customer - Umuahia,2880.0,2026-06-09T10:17:29.956114+00:00
879cb2ca-1be6-4c32-ab17-442cb8775a37,SYN-WB-0CDF911FF9,Sapele Terminal,"Ebonyi, Nigeria","Ebonyi, Nigeria",Sapele Terminal → EBONYI,1200.0,synthetic,24.0,1440.0,3,0,0,0,anionic_bitumen_emulsion,25000.0,tanker,25000.0,1.0,11.0,31.5,20.5,30.09,176.0,Synthetic Customer - Ebonyi,1440.0,2026-07-21T03:22:29.956114+00:00
5dbdc1fe-b4db-4434-8028-a6d6ebf60635,SYN-WB-9FEB26B071,PHC Terminal,"Bida, Nigeria","Bida, Nigeria",PHC Terminal → BIDA,4800.0,synthetic,96.0,5760.0,1,2,0,0,household_kerosene,20000.0,tanker,20000.0,1.0,12.5,28.9,16.4,26.57,159.0,Synthetic Customer - Bida,5760.0,2026-05-10T01:56:29.956114+00:00
dcf885ee-712c-45ac-93c4-826f143ea6a7,SYN-WB-1519B681BE,PHC Terminal,"Benue, Nigeria","Benue, Nigeria",PHC Terminal → BENUE,1200.0,synthetic,24.0,1440.0,14,2,0,0,liquefied_natural_gas,20000.0,tanker,20000.0,1.0,13.0,29.4,16.4,36.24,492.0,Synthetic Customer - Benue,1440.0,2025-12-04T14:34:29.956114+00:00
f89e82cb-6189-49f3-bea2-b5683e2bc4cc,SYN-WB-5B0A9750FA,PHC Terminal,"Bida, Nigeria","Bida, Nigeria",PHC Terminal → BIDA,4800.0,synthetic,96.0,5760.0,14,4,0,0,hydraulic_oil,20000.0,tanker,20000.0,1.0,11.5,27.9,16.4,33.51,300.0,Synthetic Customer - Bida,5760.0,2026-02-17T14:43:29.956114+00:00
77233c25-62be-49eb-8bb7-75049d90ff3f,SYN-WB-7F023FD6D5,Kano Terminal,"Mubi, Nigeria","Mubi, Nigeria",Kano Terminal → MUBI,2400.0,synthetic,48.0,2880.0,10,5,1,0,hydraulic_oil,25000.0,tanker,25000.0,1.0,10.5,31.0,20.5,37.55,158.0,Synthetic Customer - Mubi,2880.0,2026-05-25T10:11:29.956114+00:00
6d79b5d3-5cf1-4d15-9a70-86be0b23bb62,SYN-WB-3B4B0F51ED,Gwagwalada Terminal,"Ogbomoso, Nigeria","Ogbomoso, Nigeria",Gwagwalada Terminal → OGBOMOSO,3600.0,synthetic,72.0,4320.0,1,2,0,0,paraffin_wax,20000.0,tanker,20000.0,1.0,10.5,26.9,16.4,26.23,326.0,Synthetic Customer - Ogbomoso,4320.0,2026-04-25T01:23:29.956114+00:00
4869313d-0d73-4006-a065-91c531cb934a,SYN-WB-C93171530B,Gwagwalada Terminal,"Mayo-Belwa, Nigeria","Mayo-Belwa, Nigeria",Gwagwalada Terminal → MAYO BELWA,2400.0,synthetic,48.0,2880.0,2,5,1,0,base_oil,30000.0,tanker,40000.0,0.75,10.5,35.1,24.6,32.37,226.0,Synthetic Customer - Mayo-Belwa,2880.0,2026-05-04T02:25:29.956114+00:00
7d971931-094e-4fa5-8bce-b369f3eb6f2a,SYN-WB-E432D1DCA3,PHC Terminal,"Gombe, Nigeria","Gombe, Nigeria",PHC Terminal → GOMBE,3600.0,synthetic,72.0,4320.0,4,0,0,0,paraffin_wax,20000.0,tanker,20000.0,1.0,11.0,27.4,16.4,36.65,422.0,Synthetic Customer - Gombe,4320.0,2026-07-16T04:19:29.956114+00:00
dfdb4027-2a7a-45d6-b6a3-bc97ecb7b303,SYN-WB-42DD21964C,Sapele Terminal,"Calabar, Nigeria","Calabar, Nigeria",Sapele Terminal → CALABAR,2400.0,synthetic,48.0,2880.0,12,5,1,0,transmission_fluid,40000.0,tanker,40000.0,1.0,11.5,44.3,32.8,36.02,414.0,Synthetic Customer - Calabar,2880.0,2026-06-15T12:29:29.956114+00:00
a02e5887-8184-4889-9258-ddd92400f8ee,SYN-WB-076B5C4AED,Sapele Terminal,RIVERS,RIVERS,Sapele Terminal → RIVERS,300.0,synthetic,6.0,360.0,8,5,1,1,low_pour_fuel_oil,20000.0,tanker,20000.0,1.0,12.5,28.9,16.4,37.58,454.0,Synthetic Customer - Rivers,360.0,2026-06-13T14:02:29.956114+00:00
e1bb0d57-4f3d-4349-921f-92eed864e4a9,SYN-WB-263E9F74AC,Gwagwalada Terminal,"Minna, Nigeria","Minna, Nigeria",Gwagwalada Terminal → MINNA,300.0,synthetic,6.0,360.0,11,1,0,0,natural_gas,25000.0,tanker,35000.0,0.7143,11.0,31.5,20.5,25.52,411.0,Synthetic Customer - Minna,360.0,2026-08-04T17:23:29.956114+00:00
d543575b-467f-46f7-ac64-4b9c19e3b4ad,SYN-WB-6B75C5A529,Gwagwalada Terminal,"Kano, Nigeria","Kano, Nigeria",Gwagwalada Terminal → KANO,1200.0,synthetic,24.0,1440.0,7,1,0,1,cationic_bitumen_emulsion,20000.0,tanker,20000.0,1.0,12.0,28.4,16.4,36.01,309.0,Synthetic Customer - Kano,1440.0,2026-01-21T07:51:29.956114+00:00
1bcb4f72-bf1a-40c8-a7ba-bd9aa25dd205,SYN-WB-0C573EDF7A,Sapele Terminal,"Abuja, Nigeria","Abuja, Nigeria",Sapele Terminal → ABUJA,2400.0,synthetic,48.0,2880.0,11,2,0,0,automotive_gas_oil,20000.0,tanker,40000.0,0.5,13.0,29.4,16.4,26.54,303.0,Synthetic Customer - Abuja,2880.0,2026-05-08T11:34:29.956114+00:00
c3ca0fdf-1efc-4bdb-b8c6-ba08a724821c,SYN-WB-721C477DD8,Sapele Terminal,"Borno, Nigeria","Borno, Nigeria",Sapele Terminal → BORNO,4800.0,synthetic,96.0,5760.0,13,2,0,0,liquefied_natural_gas,35000.0,tanker,40000.0,0.875,10.5,39.2,28.7,33.5,176.0,Synthetic Customer - Borno,5760.0,2026-03-15T13:02:29.956114+00:00
e7286d74-c8b2-4edc-8362-1b98ba479776,SYN-WB-07B0EEEA57,PHC Terminal,"Minna, Nigeria","Minna, Nigeria",PHC Terminal → MINNA,3600.0,synthetic,72.0,4320.0,3,0,0,0,compressed_natural_gas,25000.0,tanker,25000.0,1.0,11.0,31.5,20.5,31.09,251.0,Synthetic Customer - Minna,4320.0,2025-09-11T03:59:29.956114+00:00
a1f2594d-f73c-4731-929a-423d309b8caf,SYN-WB-2E878F71A7,Gwagwalada Terminal,"Umuahia, Nigeria","Umuahia, Nigeria",Gwagwalada Terminal → UMUAHIA,2400.0,synthetic,48.0,2880.0,10,2,0,0,transmission_fluid,20000.0,tanker,35000.0,0.5714,13.0,29.4,16.4,32.39,328.0,Synthetic Customer - Umuahia,2880.0,2026-01-02T10:01:29.956114+00:00
425572e8-9cd4-49f3-91c5-cb8af0c0dc2c,SYN-WB-0BB57C8E2E,Gwagwalada Terminal,"Enugu, Nigeria","Enugu, Nigeria",Gwagwalada Terminal → ENUGU,2400.0,synthetic,48.0,2880.0,13,0,0,0,automotive_gas_oil,20000.0,tanker,40000.0,0.5,12.5,28.9,16.4,31.74,359.0,Synthetic Customer - Enugu,2880.0,2025-12-31T13:35:29.956114+00:00
f3890bc5-42fc-4076-96b3-0297b0e2494c,SYN-WB-102DB77406,Sapele Terminal,"Katsina, Nigeria","Katsina, Nigeria",Sapele Terminal → KATSINA,4800.0,synthetic,96.0,5760.0,5,0,0,0,compressed_natural_gas,20000.0,tanker,40000.0,0.5,13.0,29.4,16.4,37.62,115.0,Synthetic Customer - Katsina,5760.0,2026-07-17T05:40:29.956114+00:00
348d1380-1711-49c0-a76c-7a877c480e31,SYN-WB-08A25B2CCC,PHC Terminal,"Epe, Nigeria","Epe, Nigeria",PHC Terminal → EPE,1200.0,synthetic,24.0,1440.0,0,5,1,0,cationic_bitumen_emulsion,20000.0,tanker,20000.0,1.0,13.5,29.9,16.4,30.36,478.0,Synthetic Customer - Epe,1440.0,2026-05-31T00:51:29.956114+00:00
518510fa-81bb-4bc0-aac5-109c58110b5d,SYN-WB-FED8100585,PHC Terminal,"Taraba, Nigeria","Taraba, Nigeria",PHC Terminal → TARABA,2400.0,synthetic,48.0,2880.0,10,6,1,0,cutback_bitumen,20000.0,tanker,25000.0,0.8,12.0,28.4,16.4,29.14,191.0,Synthetic Customer - Taraba,2880.0,2026-06-02T10:02:29.956114+00:00
c8a00f9e-275f-4368-8442-18ababa817d8,SYN-WB-A666109EA7,PHC Terminal,"Gusau, Nigeria","Gusau, Nigeria",PHC Terminal → GUSAU,4800.0,synthetic,96.0,5760.0,2,3,0,0,marine_gas_oil,30000.0,tanker,35000.0,0.8571,10.5,35.1,24.6,37.33,333.0,Synthetic Customer - Gusau,5760.0,2026-01-26T02:53:29.956114+00:00
631323f0-08a4-44d5-8c44-992d8795246f,SYN-WB-2B93789EFE,Kano Terminal,"Zamfara, Nigeria","Zamfara, Nigeria",Kano Terminal → ZAMFARA,1200.0,synthetic,24.0,1440.0,3,6,1,0,bitumen_40_50,20000.0,tanker,20000.0,1.0,13.0,29.4,16.4,33.17,468.0,Synthetic Customer - Zamfara,1440.0,2026-04-27T03:38:29.956114+00:00
e335fcf9-b889-4d9f-98c9-e1da3c06ea04,SYN-WB-5F33BEDFA1,Gwagwalada Terminal,"Mowe, Nigeria","Mowe, Nigeria",Gwagwalada Terminal → MOWE,2400.0,synthetic,48.0,2880.0,10,2,0,0,heavy_fuel_oil,20000.0,tanker,30000.0,0.6667,13.0,29.4,16.4,34.04,161.0,Synthetic Customer - Mowe,2880.0,2025-10-24T10:18:29.956114+00:00
18aea4f3-40f6-4db1-b460-b9b4ab38da28,SYN-WB-122CE5F432,Kano Terminal,"Yola, Nigeria","Yola, Nigeria",Kano Terminal → YOLA,2400.0,synthetic,48.0,2880.0,12,6,1,0,marine_diesel_oil,25000.0,tanker,25000.0,1.0,11.0,31.5,20.5,27.49,384.0,Synthetic Customer - Yola,2880.0,2026-07-14T12:16:29.956114+00:00
91355c33-b166-481c-ac02-6adbe3b01ed8,SYN-WB-47D389692E,PHC Terminal,"Bida, Nigeria","Bida, Nigeria",PHC Terminal → BIDA,4800.0,synthetic,96.0,5760.0,8,2,0,1,solvent,25000.0,tanker,35000.0,0.7143,11.0,31.5,20.5,32.64,357.0,Synthetic Customer - Bida,5760.0,2026-01-25T08:20:29.956114+00:00
27a7b9a8-fe8d-4557-9602-83762bcd40fc,SYN-WB-D0A1D54C87,Sapele Terminal,"Calabar, Nigeria","Calabar, Nigeria",Sapele Terminal → CALABAR,2400.0,synthetic,48.0,2880.0,14,2,0,0,bitumen_60_70,25000.0,tanker,25000.0,1.0,11.0,31.5,20.5,26.29,396.0,Synthetic Customer - Calabar,2880.0,2026-05-01T14:02:29.956114+00:00
29e836b3-31cb-4893-a7ea-baf37a3b700b,SYN-WB-DBA5665131,PHC Terminal,"Uyo, Nigeria","Uyo, Nigeria",PHC Terminal → UYO,400.0,synthetic,8.0,480.0,11,1,0,0,engine_oil,20000.0,tanker,20000.0,1.0,12.5,28.9,16.4,36.47,448.0,Synthetic Customer - Uyo,480.0,2026-04-14T19:45:29.956114+00:00
c2223c29-31f5-41b1-bc20-7c52af61d9d5,SYN-WB-1CFCB5773A,Sapele Terminal,"Jebba, Nigeria","Jebba, Nigeria",Sapele Terminal → JEBBA,2400.0,synthetic,48.0,2880.0,1,2,0,0,household_kerosene,20000.0,tanker,20000.0,1.0,13.5,29.9,16.4,26.33,199.0,Synthetic Customer - Jebba,2880.0,2025-11-21T01:18:29.956114+00:00
285c1c2e-2465-4e10-bd2b-00f14421831f,SYN-WB-5ADA14CF25,PHC Terminal,"Taraba, Nigeria","Taraba, Nigeria",PHC Terminal → TARABA,2400.0,synthetic,48.0,2880.0,8,1,0,1,natural_gas,25000.0,tanker,35000.0,0.7143,11.0,31.5,20.5,29.9,319.0,Synthetic Customer - Taraba,2880.0,2026-01-15T08:36:29.956114+00:00
be7b1b21-b2a5-4264-82e1-46b3770c0ee8,SYN-WB-E65F1C3A68,PHC Terminal,"Minna, Nigeria","Minna, Nigeria",PHC Terminal → MINNA,3600.0,synthetic,72.0,4320.0,7,5,1,1,base_oil,20000.0,tanker,20000.0,1.0,11.5,27.9,16.4,32.52,383.0,Synthetic Customer - Minna,4320.0,2026-04-14T07:45:29.956114+00:00
14192ec8-8b77-4a79-a991-95a4cc8baffa,SYN-WB-611276D134,Gwagwalada Terminal,"Bida, Nigeria","Bida, Nigeria",Gwagwalada Terminal → BIDA,1200.0,synthetic,24.0,1440.0,14,3,0,0,cationic_bitumen_emulsion,30000.0,tanker,30000.0,1.0,11.5,36.1,24.6,25.28,293.0,Synthetic Customer - Bida,1440.0,2026-05-29T14:15:29.956114+00:00
6d01279c-fe86-46d5-a548-95b042989aa7,SYN-WB-1DCF7494EC,PHC Terminal,"Ilorin, Nigeria","Ilorin, Nigeria",PHC Terminal → ILORIN,1200.0,synthetic,24.0,1440.0,3,6,1,0,marine_gas_oil,33000.0,tanker,35000.0,0.9429,11.5,38.56,27.06,30.67,129.0,Synthetic Customer - Ilorin,1440.0,2026-05-25T03:01:29.956114+00:00
848777b4-e18a-46a9-884a-94435429f8db,SYN-WB-5D4346D913,Sapele Terminal,AKWAIBOM,"Akwa Ibom, Nigeria",Sapele Terminal → AKWAIBOM,1200.0,synthetic,24.0,1440.0,4,1,0,0,natural_gas,20000.0,tanker,40000.0,0.5,12.0,28.4,16.4,28.88,344.0,Synthetic Customer - Akwa Ibom,1440.0,2025-10-15T04:27:29.956114+00:00
3b653735-423a-4d9c-b92b-a06414fa8fc2,SYN-WB-CF252C8E01,Sapele Terminal,"Mowe, Nigeria","Mowe, Nigeria",Sapele Terminal → MOWE,1200.0,synthetic,24.0,1440.0,12,2,0,0,solvent,25000.0,tanker,33000.0,0.7576,12.5,33.0,20.5,33.31,242.0,Synthetic Customer - Mowe,1440.0,2026-01-15T12:25:29.956114+00:00
e86278f5-6fc0-42ed-9159-72ad91f54e37,SYN-WB-BD9EBFED69,Gwagwalada Terminal,"Osogbo, Nigeria","Osogbo, Nigeria",Gwagwalada Terminal → OSOGBO,3600.0,synthetic,72.0,4320.0,10,4,0,0,aviation_turbine_kerosene,25000.0,tanker,40000.0,0.625,13.0,33.5,20.5,36.8,150.0,Synthetic Customer - Osogbo,4320.0,2026-04-13T10:53:29.956114+00:00
bf8e7f9f-8ad6-4932-abbc-7df872828b2b,SYN-WB-05A58E5704,PHC Terminal,AKWAIBOM,"Uyo, Nigeria",PHC Terminal → AKWAIBOM,400.0,synthetic,8.0,480.0,8,1,0,1,engine_oil,35000.0,tanker,35000.0,1.0,12.5,41.2,28.7,27.0,269.0,Synthetic Customer - Uyo,480.0,2026-08-04T16:58:29.956114+00:00
6f0d3ebd-8f21-49f4-926f-b52103d7ffd3,SYN-WB-10C7AA6E7F,PHC Terminal,"Ado-Ekiti, Nigeria","Ado-Ekiti, Nigeria",PHC Terminal → ADO-EKITI,1550.0,synthetic,31.0,1860.0,0,3,0,0,grease,33000.0,tanker,35000.0,0.9429,13.0,40.06,27.06,29.42,314.0,Synthetic Customer - Ado-Ekiti,1860.0,2026-05-29T07:38:29.956114+00:00
920920eb-f138-4200-b11c-74f810786301,SYN-WB-52F4B624BC,Gwagwalada Terminal,"Port Harcourt, Nigeria","Port Harcourt, Nigeria",Gwagwalada Terminal → PHC,3600.0,synthetic,72.0,4320.0,9,1,0,1,hydraulic_oil,30000.0,tanker,30000.0,1.0,11.0,35.6,24.6,33.93,467.0,Synthetic Customer - Port Harcourt,4320.0,2026-01-16T09:28:29.956114+00:00
2419f5c3-20ca-4321-995e-7c87cef4cdf9,SYN-WB-BC7680AE62,PHC Terminal,"Aba, Nigeria","Aba, Nigeria",PHC Terminal → ABA,150.0,synthetic,3.0,180.0,13,0,0,0,base_oil,20000.0,tanker,20000.0,1.0,11.5,27.9,16.4,33.51,392.0,Synthetic Customer - Aba,180.0,2025-10-06T16:24:29.956114+00:00
ccee6f24-c164-4a7b-b297-39a55f60e7cb,SYN-WB-55E8713C46,PHC Terminal,"Benue, Nigeria","Benue, Nigeria",PHC Terminal → BENUE,1200.0,synthetic,24.0,1440.0,0,4,0,0,automotive_gas_oil,20000.0,tanker,20000.0,1.0,10.5,26.9,16.4,31.22,135.0,Synthetic Customer - Benue,1440.0,2026-05-09T00:49:29.956114+00:00
f8a70464-25ed-4be1-b77d-dc425c5cc9a1,SYN-WB-FB814A8B40,Kano Terminal,"Jos, Nigeria","Jos, Nigeria",Kano Terminal → JOS,1200.0,synthetic,24.0,1440.0,1,5,1,0,hydraulic_oil,25000.0,tanker,25000.0,1.0,10.5,31.0,20.5,37.99,444.0,Synthetic Customer - Jos,1440.0,2026-03-29T01:41:29.956114+00:00
483f63bb-d588-42d2-aaca-53ded91f01d5,SYN-WB-3D0D5D1EA8,Gwagwalada Terminal,"Maiduguri, Nigeria","Maiduguri, Nigeria",Gwagwalada Terminal → MAIDUGURI,2400.0,synthetic,48.0,2880.0,6,4,0,0,bitumen_60_70,40000.0,tanker,40000.0,1.0,13.5,46.3,32.8,27.07,459.0,Synthetic Customer - Maiduguri,2880.0,2025-11-16T06:21:29.956114+00:00
54578223-9716-4125-a1fd-9f1697399758,SYN-WB-C15B282859,Gwagwalada Terminal,"Talata Mafara, Nigeria","Talata Mafara, Nigeria",Gwagwalada Terminal → TALATA MAFARA,1600.0,synthetic,32.0,1920.0,11,4,0,0,cutback_bitumen,25000.0,tanker,40000.0,0.625,11.5,32.0,20.5,25.67,222.0,Synthetic Customer - Talata Mafara,1920.0,2025-08-30T19:39:29.956114+00:00
31ecabab-938a-4729-bfa7-4f626f3c33bd,SYN-WB-C667BD5C93,Gwagwalada Terminal,"Talata Mafara, Nigeria","Talata Mafara, Nigeria",Gwagwalada Terminal → TALATA MAFARA,1600.0,synthetic,32.0,1920.0,10,5,1,0,bitumen_40_50,25000.0,tanker,25000.0,1.0,12.5,33.0,20.5,32.24,249.0,Synthetic Customer - Talata Mafara,1920.0,2025-11-02T18:30:29.956114+00:00
e78b5016-6c72-4087-93e2-56c210bc9fce,SYN-WB-44B5804B80,PHC Terminal,"Anambra, Nigeria","Anambra, Nigeria",PHC Terminal → ANAMBRA,400.0,synthetic,8.0,480.0,9,1,0,1,transmission_fluid,20000.0,tanker,20000.0,1.0,11.0,27.4,16.4,28.57,330.0,Synthetic Customer - Anambra,480.0,2026-08-04T17:40:29.956114+00:00
14f2f5c5-61a0-45e6-8ae1-637d560c5a6e,SYN-WB-9E20B2567D,PHC Terminal,OBURARA,OBURARA,PHC Terminal → OBURARA,1200.0,synthetic,24.0,1440.0,2,4,0,0,premium_motor_spirit,25000.0,tanker,25000.0,1.0,10.5,31.0,20.5,30.94,500.0,Synthetic Customer - Oburara,1440.0,2026-03-14T02:32:29.956114+00:00
9ad6fd32-cae0-42a8-ba2f-0443dd847275,SYN-WB-990E4082E0,Sapele Terminal,"Calabar, Nigeria","Calabar, Nigeria",Sapele Terminal → CALABAR,2400.0,synthetic,48.0,2880.0,1,1,0,0,crumb_rubber_modified_bitumen,33000.0,tanker,33000.0,1.0,11.0,38.06,27.06,28.22,479.0,Synthetic Customer - Calabar,2880.0,2026-06-25T01:13:29.956114+00:00
2907f519-ad3d-4029-9d0b-82ef5dd7d077,SYN-WB-ACE02FD130,Sapele Terminal,"Taraba, Nigeria","Taraba, Nigeria",Sapele Terminal → TARABA,3600.0,synthetic,72.0,4320.0,6,5,1,0,automotive_gas_oil,20000.0,tanker,25000.0,0.8,10.5,26.9,16.4,37.5,400.0,Synthetic Customer - Taraba,4320.0,2026-08-04T06:04:29.956114+00:00
9a1698bc-e535-4b46-a555-e42823270eaf,SYN-WB-5EDC69A44A,Kano Terminal,"Lagos, Nigeria","Lagos, Nigeria",Kano Terminal → LAGOS,3600.0,synthetic,72.0,4320.0,6,6,1,0,low_pour_fuel_oil,35000.0,tanker,35000.0,1.0,12.0,40.7,28.7,29.38,195.0,Synthetic Customer - Lagos,4320.0,2026-06-10T06:53:29.956114+00:00
8c341f8d-56c7-4fe8-80f2-7b3c22dca0c6,SYN-WB-D65EC91EE7,Sapele Terminal,"Kaduna, Nigeria","Kaduna, Nigeria",Sapele Terminal → KADUNA,2400.0,synthetic,48.0,2880.0,3,1,0,0,marine_diesel_oil,20000.0,tanker,40000.0,0.5,11.0,27.4,16.4,28.06,485.0,Synthetic Customer - Kaduna,2880.0,2025-11-20T03:09:29.956114+00:00
3e883706-e9e3-4cd9-87cf-9a9686af9f36,SYN-WB-FF5A0DFCBA,Sapele Terminal,"Kaiama, Nigeria","Kaiama, Nigeria",Sapele Terminal → KAIAMA,3600.0,synthetic,72.0,4320.0,5,2,0,0,transmission_fluid,20000.0,tanker,20000.0,1.0,13.5,29.9,16.4,27.78,386.0,Synthetic Customer - Kaiama,4320.0,2026-07-18T05:12:29.956114+00:00
48372c2c-9e7b-46c3-b74c-80873015ed68,SYN-WB-194B3AECA4,Sapele Terminal,"Abuja, Nigeria","Abuja, Nigeria",Sapele Terminal → ABUJA,2400.0,synthetic,48.0,2880.0,7,4,0,1,dual_purpose_kerosene,35000.0,tanker,40000.0,0.875,10.5,39.2,28.7,37.99,468.0,Synthetic Customer - Abuja,2880.0,2026-06-07T07:09:29.956114+00:00
4bb80005-28b0-4107-94f9-baaa71973e1a,SYN-WB-F9B8624CD0,PHC Terminal,OBURARA,OBURARA,PHC Terminal → OBURARA,1200.0,synthetic,24.0,1440.0,2,4,0,0,low_pour_fuel_oil,20000.0,tanker,35000.0,0.5714,11.5,27.9,16.4,35.24,141.0,Synthetic Customer - Oburara,1440.0,2026-07-04T02:50:29.956114+00:00
0f02bd72-ebc7-4832-971e-9b8064be1f5f,SYN-WB-955DFF285F,Kano Terminal,"Sokoto, Nigeria","Sokoto, Nigeria",Kano Terminal → SOKOTO,2400.0,synthetic,48.0,2880.0,10,3,0,0,natural_gas,20000.0,tanker,20000.0,1.0,13.5,29.9,16.4,31.77,368.0,Synthetic Customer - Sokoto,2880.0,2026-06-13T10:33:29.956114+00:00
45734cd4-6b55-452e-9d9c-55fd369155d0,SYN-WB-697070CB0D,PHC Terminal,"Zamfara, Nigeria","Zamfara, Nigeria",PHC Terminal → ZAMFARA,4800.0,synthetic,96.0,5760.0,6,6,1,0,anionic_bitumen_emulsion,30000.0,tanker,40000.0,0.75,13.5,38.1,24.6,34.46,327.0,Synthetic Customer - Zamfara,5760.0,2026-02-12T06:14:29.956114+00:00
04364b57-157b-433d-9da3-957674ee0e20,SYN-WB-C6E3751D86,Kano Terminal,"Gwagwalada, Nigeria","Gwagwalada, Nigeria",Kano Terminal → GWAGWALADA,1200.0,synthetic,24.0,1440.0,0,1,0,0,solvent,35000.0,tanker,35000.0,1.0,10.5,39.2,28.7,26.34,492.0,Synthetic Customer - Gwagwalada,1440.0,2025-10-15T00:22:29.956114+00:00
3e90a3b6-64e2-4bb6-9dda-34d1aea2849a,SYN-WB-85D3E54515,Sapele Terminal,"Mokwa, Nigeria","Mokwa, Nigeria",Sapele Terminal → MOKWA,2400.0,synthetic,48.0,2880.0,1,1,0,0,dual_purpose_kerosene,40000.0,tanker,40000.0,1.0,13.5,46.3,32.8,28.29,296.0,Synthetic Customer - Mokwa,2880.0,2026-01-22T01:56:29.956114+00:00
e658c578-badb-4140-b164-3bacda0c8d78,SYN-WB-2FEB4D67C9,Gwagwalada Terminal,"Enugu, Nigeria","Enugu, Nigeria",Gwagwalada Terminal → ENUGU,2400.0,synthetic,48.0,2880.0,6,5,1,0,solvent,20000.0,tanker,40000.0,0.5,12.5,28.9,16.4,34.97,476.0,Synthetic Customer - Enugu,2880.0,2025-10-06T06:38:29.956114+00:00
2a5f3f47-8e59-4ec0-85ab-196263d76e40,SYN-WB-68F147D2E9,Sapele Terminal,"Ekiti, Nigeria","Ekiti, Nigeria",Sapele Terminal → EKITI,1300.0,synthetic,26.0,1560.0,13,6,1,0,marine_diesel_oil,30000.0,tanker,33000.0,0.9091,10.5,35.1,24.6,27.17,197.0,Synthetic Customer - Ekiti,1560.0,2026-06-22T15:41:29.956114+00:00
dc7edc44-6df4-4b50-b104-51fb7639d910,SYN-WB-684EBA1A64,Gwagwalada Terminal,"Anambra, Nigeria","Anambra, Nigeria",Gwagwalada Terminal → ANAMBRA,1200.0,synthetic,24.0,1440.0,4,3,0,0,cutback_bitumen,30000.0,tanker,40000.0,0.75,13.0,37.6,24.6,31.66,471.0,Synthetic Customer - Anambra,1440.0,2025-09-05T04:08:29.956114+00:00
78973c27-1e0b-433a-8edd-744cdba808dc,SYN-WB-CA823FB894,Sapele Terminal,AKWAIBOM,"Akwa Ibom, Nigeria",Sapele Terminal → AKWAIBOM,1200.0,synthetic,24.0,1440.0,5,6,1,0,automotive_gas_oil,33000.0,tanker,33000.0,1.0,11.5,38.56,27.06,30.29,275.0,Synthetic Customer - Akwa Ibom,1440.0,2026-07-27T05:30:29.956114+00:00
ee0de64a-8585-4471-b587-9751dfda9f63,SYN-WB-1A77276285,PHC Terminal,YENOGOA,YENOGOA,PHC Terminal → YENOGOA,250.0,synthetic,5.0,300.0,14,2,0,0,bitumen_40_50,20000.0,tanker,20000.0,1.0,11.5,27.9,16.4,32.79,258.0,Synthetic Customer - Yenogoa,300.0,2026-01-14T19:15:29.956114+00:00
64fd1bcf-713c-4df6-bc07-f396766b6fa9,SYN-WB-22A64E0DCC,PHC Terminal,"Jigawa, Nigeria","Jigawa, Nigeria",PHC Terminal → JIGAWA,3600.0,synthetic,72.0,4320.0,6,1,0,0,bitumen_40_50,20000.0,tanker,40000.0,0.5,10.5,26.9,16.4,25.04,395.0,Synthetic Customer - Jigawa,4320.0,2026-05-29T06:18:29.956114+00:00
9f760fea-75a0-46bd-a0d3-79ffea29d463,SYN-WB-5082AB7AB1,Kano Terminal,"Maiduguri, Nigeria","Maiduguri, Nigeria",Kano Terminal → MAIDUGURI,1200.0,synthetic,24.0,1440.0,4,3,0,0,grease,35000.0,tanker,35000.0,1.0,13.0,41.7,28.7,37.65,411.0,Synthetic Customer - Maiduguri,1440.0,2025-09-12T04:25:29.956114+00:00
cad04f27-2b15-474c-95a3-102b957f9f4a,SYN-WB-F26B122DA0,Sapele Terminal,"Ekiti, Nigeria","Ado-Ekiti, Nigeria",Sapele Terminal → EKITI,1300.0,synthetic,26.0,1560.0,10,3,0,0,household_kerosene,20000.0,tanker,40000.0,0.5,11.5,27.9,16.4,36.15,264.0,Synthetic Customer - Ado-Ekiti,1560.0,2026-06-26T12:25:29.956114+00:00
a3bd930e-2339-45ed-a8d5-99b3560e6731,SYN-WB-B3D06089D5,Kano Terminal,"Bauchi, Nigeria","Bauchi, Nigeria",Kano Terminal → BAUCHI,500.0,synthetic,10.0,600.0,13,1,0,0,cutback_bitumen,35000.0,tanker,35000.0,1.0,10.5,39.2,28.7,31.4,147.0,Synthetic Customer - Bauchi,600.0,2026-02-24T23:15:29.956114+00:00
e1c43860-642d-48ea-b06c-6600db07e2de,SYN-WB-F0AED5A4F8,PHC Terminal,"Kaiama, Nigeria","Kaiama, Nigeria",PHC Terminal → KAIAMA,2700.0,synthetic,54.0,3240.0,11,3,0,0,marine_gas_oil,20000.0,tanker,20000.0,1.0,12.0,28.4,16.4,32.94,119.0,Synthetic Customer - Kaiama,3240.0,2026-04-18T17:32:29.956114+00:00
0c4195ba-d380-48ca-ade4-69862a78f15c,SYN-WB-C77E909A01,Gwagwalada Terminal,"Taraba, Nigeria","Taraba, Nigeria",Gwagwalada Terminal → TARABA,1200.0,synthetic,24.0,1440.0,12,5,1,0,household_kerosene,40000.0,tanker,40000.0,1.0,10.5,43.3,32.8,32.35,437.0,Synthetic Customer - Taraba,1440.0,2026-03-01T12:53:29.956114+00:00
22f60fbe-6cf4-4340-90e4-785335f51a71,SYN-WB-1172289EB0,Gwagwalada Terminal,"Dutse, Nigeria","Dutse, Nigeria",Gwagwalada Terminal → DUTSE,1200.0,synthetic,24.0,1440.0,12,1,0,0,household_kerosene,40000.0,tanker,40000.0,1.0,11.5,44.3,32.8,28.78,419.0,Synthetic Customer - Dutse,1440.0,2026-06-24T12:09:29.956114+00:00
c44074eb-86ed-4f6f-9c38-ad044707814d,SYN-WB-4A73486620,Gwagwalada Terminal,"Bauchi, Nigeria","Bauchi, Nigeria",Gwagwalada Terminal → BAUCHI,1200.0,synthetic,24.0,1440.0,6,0,0,0,engine_oil,20000.0,tanker,40000.0,0.5,12.5,28.9,16.4,34.16,123.0,Synthetic Customer - Bauchi,1440.0,2026-05-26T06:11:29.956114+00:00
4669cf2a-8781-477b-9263-898997245836,SYN-WB-5E54F9872C,PHC Terminal,"Kaduna, Nigeria","Kaduna, Nigeria",PHC Terminal → KADUNA,2400.0,synthetic,48.0,2880.0,0,1,0,0,heavy_fuel_oil,25000.0,tanker,25000.0,1.0,13.5,34.0,20.5,36.02,146.0,Synthetic Customer - Kaduna,2880.0,2026-03-12T00:27:29.956114+00:00
efa9d26f-32f4-4c3b-a5dd-c26005a073c7,SYN-WB-0B68E9135B,PHC Terminal,"Calabar, Nigeria","Calabar, Nigeria",PHC Terminal → CALABAR,1200.0,synthetic,24.0,1440.0,1,5,1,0,household_kerosene,25000.0,tanker,25000.0,1.0,13.0,33.5,20.5,35.53,102.0,Synthetic Customer - Calabar,1440.0,2025-11-23T01:38:29.956114+00:00
bea381b2-9d47-422b-900f-8567c660ff59,SYN-WB-BACB9EA079,Gwagwalada Terminal,"Kaduna, Nigeria","Kaduna, Nigeria",Gwagwalada Terminal → KADUNA,300.0,synthetic,6.0,360.0,12,3,0,0,natural_gas,35000.0,tanker,40000.0,0.875,11.0,39.7,28.7,36.59,212.0,Synthetic Customer - Kaduna,360.0,2026-01-01T18:44:29.956114+00:00
e53ef7d2-e7cc-449a-9489-57bb44b81d1e,SYN-WB-036EB9F1DC,Gwagwalada Terminal,"Birnin Kebbi, Nigeria","Birnin Kebbi, Nigeria",Gwagwalada Terminal → BIRNIN KEBBI,2400.0,synthetic,48.0,2880.0,5,4,0,0,cationic_bitumen_emulsion,20000.0,tanker,25000.0,0.8,13.0,29.4,16.4,32.64,425.0,Synthetic Customer - Birnin Kebbi,2880.0,2026-08-16T05:20:29.956114+00:00
12bb7ad1-263c-445e-87f8-dc6215597d87,SYN-WB-200566246B,Gwagwalada Terminal,"Ilorin, Nigeria","Ilorin, Nigeria",Gwagwalada Terminal → ILORIN,3600.0,synthetic,72.0,4320.0,8,6,1,1,bitumen_80_100,25000.0,tanker,25000.0,1.0,12.0,32.5,20.5,35.5,381.0,Synthetic Customer - Ilorin,4320.0,2026-05-20T08:00:29.956114+00:00
f9618456-320d-44ee-b2da-8f9310881bfa,SYN-WB-18F588B6E4,Gwagwalada Terminal,"Okene, Nigeria","Okene, Nigeria",Gwagwalada Terminal → OKENE,300.0,synthetic,6.0,360.0,2,3,0,0,grease,35000.0,tanker,35000.0,1.0,11.0,39.7,28.7,26.52,275.0,Synthetic Customer - Okene,360.0,2025-11-06T08:18:29.956114+00:00
ca0ffab9-e322-4f48-bab1-880413386fa0,SYN-WB-DE647776D0,PHC Terminal,"Zamfara, Nigeria","Zamfara, Nigeria",PHC Terminal → ZAMFARA,4800.0,synthetic,96.0,5760.0,15,5,1,0,natural_gas,20000.0,tanker,40000.0,0.5,13.5,29.9,16.4,29.39,447.0,Synthetic Customer - Zamfara,5760.0,2025-11-19T15:02:29.956114+00:00
d550ebae-5cc0-4175-b7c7-be0abfbf4bb7,SYN-WB-FB332C64EB,PHC Terminal,"Aba, Nigeria","Taraba, Nigeria",PHC Terminal → ABA,150.0,synthetic,3.0,180.0,8,3,0,1,compressed_natural_gas,20000.0,tanker,20000.0,1.0,12.0,28.4,16.4,25.55,155.0,Synthetic Customer - Taraba,180.0,2026-08-13T11:50:29.956114+00:00
38f2a5c6-038c-4c6e-8da2-f2e21ec26f88,SYN-WB-A35FEBF06C,Sapele Terminal,"Biu, Nigeria","Biu, Nigeria",Sapele Terminal → BIU,4800.0,synthetic,96.0,5760.0,0,0,0,0,transmission_fluid,30000.0,tanker,33000.0,0.9091,12.5,37.1,24.6,32.58,124.0,Synthetic Customer - Biu,5760.0,2026-05-01T00:53:29.956114+00:00
f321b5f9-f989-4ed3-8b70-9574b9bb5106,SYN-WB-D027B809CD,Sapele Terminal,"Ebonyi, Nigeria","Ebonyi, Nigeria",Sapele Terminal → EBONYI,1200.0,synthetic,24.0,1440.0,14,6,1,0,engine_oil,25000.0,tanker,25000.0,1.0,13.5,34.0,20.5,31.2,165.0,Synthetic Customer - Ebonyi,1440.0,2026-02-09T14:11:29.956114+00:00
f8cab1ef-486b-48da-8d3d-787440805762,SYN-WB-939B6ACF26,Gwagwalada Terminal,"Zamfara, Nigeria","Zamfara, Nigeria",Gwagwalada Terminal → ZAMFARA,1200.0,synthetic,24.0,1440.0,10,4,0,0,aviation_turbine_kerosene,25000.0,tanker,35000.0,0.7143,12.0,32.5,20.5,30.38,115.0,Synthetic Customer - Zamfara,1440.0,2025-11-08T10:52:29.956114+00:00
0c834f33-10a7-4a28-948b-e0fc2420966c,SYN-WB-6FD9FB7077,Gwagwalada Terminal,"Nasarawa, Nigeria","Nasarawa, Nigeria",Gwagwalada Terminal → NASARAWA,300.0,synthetic,6.0,360.0,11,2,0,0,dual_purpose_kerosene,40000.0,tanker,40000.0,1.0,12.0,44.8,32.8,36.18,144.0,Synthetic Customer - Nasarawa,360.0,2025-12-03T17:04:29.956114+00:00
e31645b1-2d83-48e5-a751-ee62b44aea1c,SYN-WB-DC1A4C0ED7,Gwagwalada Terminal,"Kaduna, Nigeria","Kaduna, Nigeria",Gwagwalada Terminal → KADUNA,300.0,synthetic,6.0,360.0,4,2,0,0,anionic_bitumen_emulsion,25000.0,tanker,25000.0,1.0,11.5,32.0,20.5,26.96,334.0,Synthetic Customer - Kaduna,360.0,2026-06-17T10:34:29.956114+00:00
edbbb82c-8965-43fe-9b62-952395dcafc1,SYN-WB-38591D48CB,PHC Terminal,"Jigawa, Nigeria","Jigawa, Nigeria",PHC Terminal → JIGAWA,3600.0,synthetic,72.0,4320.0,13,1,0,0,bitumen_80_100,20000.0,tanker,20000.0,1.0,11.5,27.9,16.4,25.1,482.0,Synthetic Customer - Jigawa,4320.0,2025-12-05T13:43:29.956114+00:00
a044b8b8-37d1-4818-8cdd-3d41b503ae05,SYN-WB-1F363218F0,Kano Terminal,"Dutse, Nigeria","Dutse, Nigeria",Kano Terminal → DUTSE,200.0,synthetic,4.0,240.0,10,2,0,0,polymer_modified_bitumen,20000.0,tanker,20000.0,1.0,11.0,27.4,16.4,25.48,130.0,Synthetic Customer - Dutse,240.0,2026-01-21T14:44:29.956114+00:00
fa765153-f9de-461e-82fe-97e1a623c605,SYN-WB-0B556E067F,Sapele Terminal,"Gombe, Nigeria","Gombe, Nigeria",Sapele Terminal → GOMBE,6000.0,synthetic,120.0,7200.0,11,5,1,0,gear_oil,40000.0,tanker,40000.0,1.0,12.5,45.3,32.8,32.9,186.0,Synthetic Customer - Gombe,7200.0,2026-05-21T11:51:29.956114+00:00
62ba5e19-2fcb-4879-abfb-d445bf938be4,SYN-WB-1BBA774D0F,Gwagwalada Terminal,"Ogun, Nigeria","Ogun, Nigeria",Gwagwalada Terminal → OGUN,2400.0,synthetic,48.0,2880.0,10,6,1,0,base_oil,30000.0,tanker,35000.0,0.8571,13.5,38.1,24.6,30.81,348.0,Synthetic Customer - Ogun,2880.0,2026-02-03T10:38:29.956114+00:00
757fc426-d0ec-4e4e-b101-6115865f6c45,SYN-WB-95C1BFFEAA,Sapele Terminal,"Epe, Nigeria","Epe, Nigeria",Sapele Terminal → EPE,1200.0,synthetic,24.0,1440.0,11,3,0,0,low_pour_fuel_oil,25000.0,tanker,33000.0,0.7576,12.5,33.0,20.5,29.43,291.0,Synthetic Customer - Epe,1440.0,2026-02-06T11:44:29.956114+00:00
a0bae065-2a88-4442-b6d7-1077df9985f8,SYN-WB-2BD83082FD,Sapele Terminal,"Jalingo, Nigeria","Jalingo, Nigeria",Sapele Terminal → JALINGO,3600.0,synthetic,72.0,4320.0,2,5,1,0,cutback_bitumen,25000.0,tanker,25000.0,1.0,12.5,33.0,20.5,35.59,194.0,Synthetic Customer - Jalingo,4320.0,2026-02-24T02:01:29.956114+00:00
438d9c59-dff2-4c96-b0b6-a39bde40d7cb,SYN-WB-6E80981662,Kano Terminal,"Yola, Nigeria","Yola, Nigeria",Kano Terminal → YOLA,2400.0,synthetic,48.0,2880.0,0,6,1,0,polymer_modified_bitumen,20000.0,tanker,20000.0,1.0,13.0,29.4,16.4,35.84,232.0,Synthetic Customer - Yola,2880.0,2025-10-21T00:35:29.956114+00:00
26ea51d8-cd6c-40c2-b480-c9dcdabe0e6a,SYN-WB-BA0ABC6D74,Gwagwalada Terminal,"Okene, Nigeria","Okene, Nigeria",Gwagwalada Terminal → OKENE,300.0,synthetic,6.0,360.0,1,2,0,0,liquefied_petroleum_gas,20000.0,tanker,35000.0,0.5714,12.5,28.9,16.4,34.92,494.0,Synthetic Customer - Okene,360.0,2026-05-13T07:01:29.956114+00:00
b2ce1ce3-6065-41da-9ffb-afd33a9edefe,SYN-WB-482068A4BB,PHC Terminal,"Jos, Nigeria","Jos, Nigeria",PHC Terminal → JOS,3600.0,synthetic,72.0,4320.0,12,1,0,0,natural_gas,20000.0,tanker,20000.0,1.0,11.0,27.4,16.4,31.77,312.0,Synthetic Customer - Jos,4320.0,2026-04-03T12:36:29.956114+00:00
74798e4d-fff1-4213-93ef-cc2e2be9bd5f,SYN-WB-3963B3BFF1,Gwagwalada Terminal,"Jigawa, Nigeria","Jigawa, Nigeria",Gwagwalada Terminal → JIGAWA,1200.0,synthetic,24.0,1440.0,0,1,0,0,transmission_fluid,35000.0,tanker,35000.0,1.0,11.5,40.2,28.7,28.0,416.0,Synthetic Customer - Jigawa,1440.0,2026-06-03T00:12:29.956114+00:00
ac980eca-f77b-4752-86fc-68b7c7cb7e68,SYN-WB-0C756CA8A5,Kano Terminal,"Benue, Nigeria","Benue, Nigeria",Kano Terminal → BENUE,2400.0,synthetic,48.0,2880.0,13,4,0,0,dual_purpose_kerosene,20000.0,tanker,20000.0,1.0,11.5,27.9,16.4,25.35,325.0,Synthetic Customer - Benue,2880.0,2026-02-01T13:47:29.956114+00:00
bf97a50f-453d-4b73-bdf4-2306383026b2,SYN-WB-DF1A816189,Sapele Terminal,"Biu, Nigeria","Biu, Nigeria",Sapele Terminal → BIU,4800.0,synthetic,96.0,5760.0,4,3,0,0,cutback_bitumen,20000.0,tanker,25000.0,0.8,10.5,26.9,16.4,37.15,325.0,Synthetic Customer - Biu,5760.0,2026-03-16T04:48:29.956114+00:00
a8622bb7-01c6-41f7-a718-47a9f1f5f3fd,SYN-WB-33EEDEEFE7,Sapele Terminal,"Mokwa, Nigeria","Mokwa, Nigeria",Sapele Terminal → MOKWA,2400.0,synthetic,48.0,2880.0,11,1,0,0,household_kerosene,25000.0,tanker,40000.0,0.625,10.5,31.0,20.5,35.79,202.0,Synthetic Customer - Mokwa,2880.0,2026-03-05T11:09:29.956114+00:00
dc941690-7690-45da-9481-0c37181226eb,SYN-WB-3AF073CEC8,Sapele Terminal,"Mubi, Nigeria","Mubi, Nigeria",Sapele Terminal → MUBI,6000.0,synthetic,120.0,7200.0,6,4,0,0,household_kerosene,30000.0,tanker,40000.0,0.75,11.0,35.6,24.6,36.15,173.0,Synthetic Customer - Mubi,7200.0,2026-08-12T06:43:29.956114+00:00
48381193-1fe8-413d-b62e-6fadf206e3d2,SYN-WB-7972C76074,Kano Terminal,"Jos, Nigeria","Jos, Nigeria",Kano Terminal → JOS,1200.0,synthetic,24.0,1440.0,8,4,0,1,natural_gas,20000.0,tanker,20000.0,1.0,11.5,27.9,16.4,31.17,313.0,Synthetic Customer - Jos,1440.0,2025-09-06T08:59:29.956114+00:00
7ac90b4d-d3d4-4bf8-b544-0964f3baeed5,SYN-WB-ECB3734A1E,PHC Terminal,"Ondo, Nigeria","Ondo, Nigeria",PHC Terminal → ONDO,1200.0,synthetic,24.0,1440.0,14,2,0,0,marine_gas_oil,20000.0,tanker,20000.0,1.0,13.0,29.4,16.4,36.59,334.0,Synthetic Customer - Ondo,1440.0,2026-07-30T14:09:29.956114+00:00
854a9db3-64ad-452a-a83e-e9135ce3127d,SYN-WB-AB95B6EF91,PHC Terminal,"Calabar, Nigeria","Calabar, Nigeria",PHC Terminal → CALABAR,1200.0,synthetic,24.0,1440.0,8,1,0,1,solvent,20000.0,tanker,20000.0,1.0,12.5,28.9,16.4,34.04,229.0,Synthetic Customer - Calabar,1440.0,2025-10-22T08:17:29.956114+00:00
8e14fad1-1dba-4221-bf17-6b7b508be372,SYN-WB-75B74420D7,PHC Terminal,"Jalingo, Nigeria","Jalingo, Nigeria",PHC Terminal → JALINGO,3600.0,synthetic,72.0,4320.0,7,0,0,1,aviation_turbine_kerosene,20000.0,tanker,25000.0,0.8,12.5,28.9,16.4,25.19,423.0,Synthetic Customer - Jalingo,4320.0,2025-10-30T07:41:29.956114+00:00
43cd8df4-e768-49d3-8317-0c087b73712a,SYN-WB-D7D1EFA224,Kano Terminal,"Benue, Nigeria","Benue, Nigeria",Kano Terminal → BENUE,2400.0,synthetic,48.0,2880.0,5,2,0,0,marine_gas_oil,25000.0,tanker,25000.0,1.0,13.5,34.0,20.5,37.05,414.0,Synthetic Customer - Benue,2880.0,2026-08-14T05:42:29.956114+00:00
cf166bc1-75a1-47b2-84bd-4d198d7ca3f8,SYN-WB-33222F1CD0,Sapele Terminal,"Gombe, Nigeria","Gombe, Nigeria",Sapele Terminal → GOMBE,6000.0,synthetic,120.0,7200.0,6,3,0,0,crumb_rubber_modified_bitumen,20000.0,tanker,33000.0,0.6061,11.5,27.9,16.4,32.33,184.0,Synthetic Customer - Gombe,7200.0,2026-03-31T06:10:29.956114+00:00
af1e83f2-9fc4-49aa-b9c5-447664157edf,SYN-WB-D6DB6AE224,PHC Terminal,"Bauchi, Nigeria","Bauchi, Nigeria",PHC Terminal → BAUCHI,2400.0,synthetic,48.0,2880.0,0,5,1,0,cationic_bitumen_emulsion,20000.0,tanker,20000.0,1.0,11.0,27.4,16.4,32.47,433.0,Synthetic Customer - Bauchi,2880.0,2026-08-17T00:43:29.956114+00:00
afc78b5f-ada2-4b03-a07f-b331588670fe,SYN-WB-4391FFFEDE,Sapele Terminal,"Dutse, Nigeria","Dutse, Nigeria",Sapele Terminal → DUTSE,4800.0,synthetic,96.0,5760.0,8,2,0,1,cutback_bitumen,40000.0,tanker,40000.0,1.0,12.5,45.3,32.8,27.11,415.0,Synthetic Customer - Dutse,5760.0,2026-04-19T08:46:29.956114+00:00
917fc3b9-da5c-4e96-a027-fc875a751ed1,SYN-WB-D63052C583,Gwagwalada Terminal,"Mayo-Belwa, Nigeria","Mayo-Belwa, Nigeria",Gwagwalada Terminal → MAYO BELWA,2400.0,synthetic,48.0,2880.0,1,3,0,0,marine_gas_oil,20000.0,tanker,20000.0,1.0,10.5,26.9,16.4,33.62,437.0,Synthetic Customer - Mayo-Belwa,2880.0,2026-01-03T01:50:29.956114+00:00
d45d034f-a504-4d24-8b3d-38b2d3353b0c,SYN-WB-343FF6AAEE,Gwagwalada Terminal,"Port Harcourt, Nigeria","Port Harcourt, Nigeria",Gwagwalada Terminal → PHC,3600.0,synthetic,72.0,4320.0,8,1,0,1,crumb_rubber_modified_bitumen,20000.0,tanker,40000.0,0.5,13.5,29.9,16.4,27.38,477.0,Synthetic Customer - Port Harcourt,4320.0,2026-04-24T08:08:29.956114+00:00
e11e0db3-8cc6-4a47-a853-43a1aa653efd,SYN-WB-7311AAB670,PHC Terminal,"Ebonyi, Nigeria","Ebonyi, Nigeria",PHC Terminal → EBONYI,1200.0,synthetic,24.0,1440.0,4,4,0,0,low_pour_fuel_oil,20000.0,tanker,20000.0,1.0,12.0,28.4,16.4,25.45,136.0,Synthetic Customer - Ebonyi,1440.0,2025-10-11T04:10:29.956114+00:00
4a400f51-85aa-4077-8d11-eba90c272489,SYN-WB-909DFD8594,Gwagwalada Terminal,"Jebba, Nigeria","Jebba, Nigeria",Gwagwalada Terminal → JEBBA,2400.0,synthetic,48.0,2880.0,1,4,0,0,base_oil,30000.0,tanker,30000.0,1.0,12.5,37.1,24.6,35.19,480.0,Synthetic Customer - Jebba,2880.0,2025-09-14T01:00:29.956114+00:00
3e66420d-3fee-4f4e-9f5d-608ca02c05c5,SYN-WB-F05419B3DA,Gwagwalada Terminal,"Gombe, Nigeria","Gombe, Nigeria",Gwagwalada Terminal → GOMBE,2400.0,synthetic,48.0,2880.0,2,6,1,0,aviation_turbine_kerosene,20000.0,tanker,30000.0,0.6667,11.5,27.9,16.4,32.01,470.0,Synthetic Customer - Gombe,2880.0,2026-02-03T02:00:29.956114+00:00
58743093-a6a1-40cf-a87c-dd0c52462db8,SYN-WB-CB6F445BF8,PHC Terminal,"Ogbomoso, Nigeria","Ogbomoso, Nigeria",PHC Terminal → OGBOMOSO,1500.0,synthetic,30.0,1800.0,8,0,0,1,engine_oil,25000.0,tanker,35000.0,0.7143,12.0,32.5,20.5,35.96,408.0,Synthetic Customer - Ogbomoso,1800.0,2026-01-13T14:30:29.956114+00:00
00d135d7-6d55-4adf-ad9f-bf605f5ab583,SYN-WB-A5EAFBD131,PHC Terminal,"Gombe, Nigeria","Gombe, Nigeria",PHC Terminal → GOMBE,3600.0,synthetic,72.0,4320.0,2,1,0,0,base_oil,30000.0,tanker,35000.0,0.8571,13.0,37.6,24.6,29.96,342.0,Synthetic Customer - Gombe,4320.0,2025-10-03T02:36:29.956114+00:00
3bd936f1-8181-41bc-91be-f76e98e54280,SYN-WB-F65B1C65C0,PHC Terminal,"Calabar, Nigeria","Calabar, Nigeria",PHC Terminal → CALABAR,1200.0,synthetic,24.0,1440.0,2,3,0,0,heavy_fuel_oil,25000.0,tanker,25000.0,1.0,12.0,32.5,20.5,33.39,296.0,Synthetic Customer - Calabar,1440.0,2026-01-02T02:56:29.956114+00:00
63077170-c184-4279-8434-3bce88e15e24,SYN-WB-9DC29D39BF,Kano Terminal,"Anambra, Nigeria","Anambra, Nigeria",Kano Terminal → ANAMBRA,3600.0,synthetic,72.0,4320.0,7,5,1,1,automotive_gas_oil,20000.0,tanker,20000.0,1.0,13.0,29.4,16.4,32.69,131.0,Synthetic Customer - Anambra,4320.0,2026-05-12T07:29:29.956114+00:00
ab883222-d7f3-4a3e-b142-05e6c7dfeea3,SYN-WB-FCDF28FBE7,Sapele Terminal,"Ebonyi, Nigeria","Ebonyi, Nigeria",Sapele Terminal → EBONYI,1200.0,synthetic,24.0,1440.0,2,6,1,0,dual_purpose_kerosene,33000.0,tanker,33000.0,1.0,10.5,37.56,27.06,27.7,350.0,Synthetic Customer - Ebonyi,1440.0,2026-06-01T02:18:29.956114+00:00
998b39a7-9e9d-4556-a088-4a3b65681ea7,SYN-WB-DEF541AE1A,Sapele Terminal,"Abuja, Nigeria","Abuja, Nigeria",Sapele Terminal → ABUJA,2400.0,synthetic,48.0,2880.0,2,5,1,0,marine_diesel_oil,20000.0,tanker,40000.0,0.5,13.0,29.4,16.4,37.06,154.0,Synthetic Customer - Abuja,2880.0,2026-05-18T02:11:29.956114+00:00
3108d251-f2ee-46a4-bc1a-f967001a5fde,SYN-WB-C6F56FB2A6,Kano Terminal,"Enugu, Nigeria","Enugu, Nigeria",Kano Terminal → ENUGU,2400.0,synthetic,48.0,2880.0,11,3,0,0,compressed_natural_gas,20000.0,tanker,20000.0,1.0,12.5,28.9,16.4,27.76,303.0,Synthetic Customer - Enugu,2880.0,2026-04-18T11:28:29.956114+00:00
81b80cec-565e-48cc-9a30-82e0727fc443,SYN-WB-060C46F09D,Sapele Terminal,"Osun, Nigeria","Osun, Nigeria",Sapele Terminal → OSUN,1200.0,synthetic,24.0,1440.0,14,6,1,0,polymer_modified_bitumen,20000.0,tanker,20000.0,1.0,13.5,29.9,16.4,35.7,157.0,Synthetic Customer - Osun,1440.0,2025-10-27T14:14:29.956114+00:00
f980bb21-6fc3-4c28-a787-a088e60badc6,SYN-WB-422133A8E0,Gwagwalada Terminal,"Sokoto, Nigeria","Sokoto, Nigeria",Gwagwalada Terminal → SOKOTO,2400.0,synthetic,48.0,2880.0,10,2,0,0,transmission_fluid,20000.0,tanker,20000.0,1.0,11.0,27.4,16.4,30.67,114.0,Synthetic Customer - Sokoto,2880.0,2026-03-20T10:19:29.956114+00:00
23e6fbcc-b8ed-46e6-858b-35808225ac05,SYN-WB-14ED1C3F62,PHC Terminal,"Osogbo, Nigeria","Osogbo, Nigeria",PHC Terminal → OSOGBO,1200.0,synthetic,24.0,1440.0,2,3,0,0,gear_oil,40000.0,tanker,40000.0,1.0,13.5,46.3,32.8,28.04,348.0,Synthetic Customer - Osogbo,1440.0,2025-11-21T02:22:29.956114+00:00
b2c88601-6993-4b89-a1b5-b7bfc14eb9a1,SYN-WB-DCB3AA388B,PHC Terminal,"Gombe, Nigeria","Gombe, Nigeria",PHC Terminal → GOMBE,3600.0,synthetic,72.0,4320.0,4,4,0,0,paraffin_wax,30000.0,tanker,40000.0,0.75,12.5,37.1,24.6,32.92,436.0,Synthetic Customer - Gombe,4320.0,2026-06-08T04:43:29.956114+00:00
fe739595-3c81-4f45-8c51-dd9a4335eccd,SYN-WB-9156F8976C,PHC Terminal,"Birnin Kebbi, Nigeria","Birnin Kebbi, Nigeria",PHC Terminal → BIRNIN KEBBI,7200.0,synthetic,144.0,8640.0,2,6,1,0,bitumen_60_70,20000.0,tanker,20000.0,1.0,10.5,26.9,16.4,34.29,162.0,Synthetic Customer - Birnin Kebbi,8640.0,2025-08-30T02:48:29.956114+00:00
58d3436a-4867-475d-a34e-38b356560dba,SYN-WB-479A56CC4F,Gwagwalada Terminal,"Bauchi, Nigeria","Bauchi, Nigeria",Gwagwalada Terminal → BAUCHI,1200.0,synthetic,24.0,1440.0,9,6,1,1,bitumen_60_70,35000.0,tanker,35000.0,1.0,10.5,39.2,28.7,33.95,179.0,Synthetic Customer - Bauchi,1440.0,2026-01-05T09:55:29.956114+00:00
26e0fa66-e01f-4ee0-b20d-09ee44ded83e,SYN-WB-59D31F7427,Sapele Terminal,"Kano, Nigeria","Kano, Nigeria",Sapele Terminal → KANO,3600.0,synthetic,72.0,4320.0,12,1,0,0,heavy_fuel_oil,20000.0,tanker,20000.0,1.0,13.5,29.9,16.4,27.98,167.0,Synthetic Customer - Kano,4320.0,2025-10-10T12:48:29.956114+00:00
ed24446a-421f-4f81-80a1-20ec2571d348,SYN-WB-B95CFAA5A3,PHC Terminal,"Okene, Nigeria","Okene, Nigeria",PHC Terminal → OKENE,1500.0,synthetic,30.0,1800.0,11,3,0,0,transmission_fluid,25000.0,tanker,25000.0,1.0,10.5,31.0,20.5,30.88,356.0,Synthetic Customer - Okene,1800.0,2026-05-01T17:00:29.956114+00:00
c3d953f0-e455-423f-8ba5-86c413ea136a,SYN-WB-EAB098BCF7,PHC Terminal,OBURARA,OBURARA,PHC Terminal → OBURARA,1200.0,synthetic,24.0,1440.0,4,3,0,0,liquefied_petroleum_gas,30000.0,tanker,35000.0,0.8571,12.0,36.6,24.6,33.82,392.0,Synthetic Customer - Oburara,1440.0,2026-04-03T04:02:29.956114+00:00
b501a122-dc99-48f7-b1df-5112ee3e0353,SYN-WB-46448BBE0D,Kano Terminal,"Katsina, Nigeria","Katsina, Nigeria",Kano Terminal → KATSINA,1200.0,synthetic,24.0,1440.0,3,2,0,0,aviation_turbine_kerosene,25000.0,tanker,25000.0,1.0,13.0,33.5,20.5,29.06,201.0,Synthetic Customer - Katsina,1440.0,2026-03-05T03:59:29.956114+00:00
f52f71af-1c03-4bb0-9c7f-e084cbf437a9,SYN-WB-430EE49F2D,Sapele Terminal,"Ogun, Nigeria","Ogun, Nigeria",Sapele Terminal → OGUN,1200.0,synthetic,24.0,1440.0,10,0,0,0,anionic_bitumen_emulsion,25000.0,tanker,40000.0,0.625,13.0,33.5,20.5,37.04,157.0,Synthetic Customer - Ogun,1440.0,2026-01-20T10:52:29.956114+00:00
f6696cfa-add7-4eea-ad72-f58ea0df6170,SYN-WB-8FB613C456,Gwagwalada Terminal,"Jigawa, Nigeria","Jigawa, Nigeria",Gwagwalada Terminal → JIGAWA,1200.0,synthetic,24.0,1440.0,9,4,0,1,cutback_bitumen,20000.0,tanker,20000.0,1.0,11.0,27.4,16.4,30.32,351.0,Synthetic Customer - Jigawa,1440.0,2026-04-04T09:46:29.956114+00:00
1653e02d-4923-46cf-ab88-1570464c745e,SYN-WB-B212E4CE36,Kano Terminal,"Okene, Nigeria","Okene, Nigeria",Kano Terminal → OKENE,1450.0,synthetic,29.0,1740.0,7,1,0,1,grease,25000.0,tanker,35000.0,0.7143,12.0,32.5,20.5,26.18,171.0,Synthetic Customer - Okene,1740.0,2026-01-21T12:18:29.956114+00:00
6c1d1ac8-21f6-4bc3-8648-b05d2fa15563,SYN-WB-EE658194B2,Gwagwalada Terminal,"Lagos, Nigeria","Lagos, Nigeria",Gwagwalada Terminal → LAGOS,3600.0,synthetic,72.0,4320.0,8,3,0,1,polymer_modified_bitumen,40000.0,tanker,40000.0,1.0,12.0,44.8,32.8,36.3,475.0,Synthetic Customer - Lagos,4320.0,2025-10-05T08:05:29.956114+00:00
c165ee2c-fa4d-4547-a638-ca0184490143,SYN-WB-C61DB1594E,PHC Terminal,YENOGOA,YENOGOA,PHC Terminal → YENOGOA,250.0,synthetic,5.0,300.0,3,0,0,0,liquefied_petroleum_gas,25000.0,tanker,25000.0,1.0,10.5,31.0,20.5,35.51,369.0,Synthetic Customer - Yenogoa,300.0,2026-02-09T08:01:29.956114+00:00
ff14fb78-4895-4db4-b1a2-d55db8fe5408,SYN-WB-3AE71DB5CC,Gwagwalada Terminal,"Sokoto, Nigeria","Sokoto, Nigeria",Gwagwalada Terminal → SOKOTO,2400.0,synthetic,48.0,2880.0,2,5,1,0,premium_motor_spirit,40000.0,tanker,40000.0,1.0,13.0,45.8,32.8,30.38,330.0,Synthetic Customer - Sokoto,2880.0,2026-04-06T02:48:29.956114+00:00
4240069e-cd6a-4ceb-990c-9f3aab69a971,SYN-WB-56C3C92B08,PHC Terminal,"Ebonyi, Nigeria","Ebonyi, Nigeria",PHC Terminal → EBONYI,1200.0,synthetic,24.0,1440.0,8,4,0,1,bitumen_60_70,20000.0,tanker,20000.0,1.0,13.5,29.9,16.4,33.87,133.0,Synthetic Customer - Ebonyi,1440.0,2026-05-30T08:56:29.956114+00:00
516d327c-1016-4e7c-aa8c-ae6dcba9cc4c,SYN-WB-9113947D3F,Sapele Terminal,"Anambra, Nigeria","Anambra, Nigeria",Sapele Terminal → ANAMBRA,1200.0,synthetic,24.0,1440.0,0,1,0,0,compressed_natural_gas,25000.0,tanker,40000.0,0.625,12.0,32.5,20.5,27.12,239.0,Synthetic Customer - Anambra,1440.0,2026-06-10T00:47:29.956114+00:00
8ee58c23-f698-4f3a-bec0-b1b4094a18bf,SYN-WB-D22C7980ED,Kano Terminal,"Gusau, Nigeria","Gusau, Nigeria",Kano Terminal → GUSAU,400.0,synthetic,8.0,480.0,7,3,0,1,polymer_modified_bitumen,20000.0,tanker,20000.0,1.0,13.0,29.4,16.4,34.93,212.0,Synthetic Customer - Gusau,480.0,2026-05-14T15:01:29.956114+00:00
7976affa-0dcb-4cd5-b12a-073d4d31094b,SYN-WB-D6A3AD3C4C,Sapele Terminal,"Enugu, Nigeria","Enugu, Nigeria",Sapele Terminal → ENUGU,1200.0,synthetic,24.0,1440.0,6,5,1,0,grease,20000.0,tanker,20000.0,1.0,11.5,27.9,16.4,28.97,144.0,Synthetic Customer - Enugu,1440.0,2026-03-29T06:48:29.956114+00:00
24238cf6-52eb-4bea-a223-267128c961cf,SYN-WB-1AB3CEBC9A,PHC Terminal,"Abuja, Nigeria","Abuja, Nigeria",PHC Terminal → ABUJA,2400.0,synthetic,48.0,2880.0,8,3,0,1,solvent,35000.0,tanker,40000.0,0.875,13.5,42.2,28.7,27.81,192.0,Synthetic Customer - Abuja,2880.0,2025-09-06T08:33:29.956114+00:00
023585a3-d458-45aa-857c-87a56fdfb1a4,SYN-WB-480872D8C4,Kano Terminal,"Katsina, Nigeria","Katsina, Nigeria",Kano Terminal → KATSINA,1200.0,synthetic,24.0,1440.0,4,5,1,0,crumb_rubber_modified_bitumen,20000.0,tanker,20000.0,1.0,13.0,29.4,16.4,28.09,386.0,Synthetic Customer - Katsina,1440.0,2026-02-08T04:22:29.956114+00:00
eb862b0a-0c1e-4169-9967-3c4ad907a116,SYN-WB-40DEB8586D,PHC Terminal,"Osogbo, Nigeria","Osogbo, Nigeria",PHC Terminal → OSOGBO,1200.0,synthetic,24.0,1440.0,11,2,0,0,bitumen_80_100,40000.0,tanker,40000.0,1.0,12.0,44.8,32.8,36.22,362.0,Synthetic Customer - Osogbo,1440.0,2025-08-28T11:03:29.956114+00:00
2c587850-4737-4dd3-a850-d60126a554de,SYN-WB-6188A170E6,Sapele Terminal,"Imo, Nigeria","Imo, Nigeria",Sapele Terminal → IMO,1200.0,synthetic,24.0,1440.0,7,5,1,1,dual_purpose_kerosene,20000.0,tanker,40000.0,0.5,13.0,29.4,16.4,25.12,320.0,Synthetic Customer - Imo,1440.0,2026-06-28T07:57:29.956114+00:00
b34100ce-fbe1-4f65-aa33-a3380ba66c74,SYN-WB-AE283E4B05,Gwagwalada Terminal,"Taraba, Nigeria","Taraba, Nigeria",Gwagwalada Terminal → TARABA,1200.0,synthetic,24.0,1440.0,9,6,1,1,premium_motor_spirit,20000.0,tanker,20000.0,1.0,11.5,27.9,16.4,34.85,331.0,Synthetic Customer - Taraba,1440.0,2025-09-22T09:48:29.956114+00:00
cf4585e8-f2e6-4930-8424-6549df8441e6,SYN-WB-D38BD448B5,Kano Terminal,"Mayo-Belwa, Nigeria","Mayo-Belwa, Nigeria",Kano Terminal → MAYO BELWA,2400.0,synthetic,48.0,2880.0,6,0,0,0,hydraulic_oil,20000.0,tanker,20000.0,1.0,13.5,29.9,16.4,33.42,178.0,Synthetic Customer - Mayo-Belwa,2880.0,2026-05-27T06:31:29.956114+00:00
b9352d3a-9114-4e86-9f17-fb57c6c5c57e,SYN-WB-8550D1C904,Sapele Terminal,"Port Harcourt, Nigeria","Port Harcourt, Nigeria",Sapele Terminal → PORT-HAROURT,200.0,synthetic,4.0,240.0,1,5,1,0,transmission_fluid,33000.0,tanker,40000.0,0.825,13.5,40.56,27.06,33.04,143.0,Synthetic Customer - Port Harcourt,240.0,2026-05-23T05:37:29.956114+00:00
2a84c12f-a75f-4f59-b4cd-071455d63016,SYN-WB-F0003196C4,Kano Terminal,"Kaduna, Nigeria","Kaduna, Nigeria",Kano Terminal → KADUNA,300.0,synthetic,6.0,360.0,9,0,0,1,paraffin_wax,20000.0,tanker,20000.0,1.0,11.0,27.4,16.4,37.6,340.0,Synthetic Customer - Kaduna,360.0,2026-04-13T15:35:29.956114+00:00
96f46cde-3597-4d8a-ba98-8ac98bb1f5c9,SYN-WB-E9D85500E7,PHC Terminal,"Epe, Nigeria","Epe, Nigeria",PHC Terminal → EPE,1200.0,synthetic,24.0,1440.0,7,6,1,1,cationic_bitumen_emulsion,35000.0,tanker,35000.0,1.0,13.0,41.7,28.7,37.62,127.0,Synthetic Customer - Epe,1440.0,2026-05-04T07:45:29.956114+00:00
efac502c-70f9-463a-a128-75b8d1a97b58,SYN-WB-AA32801318,Sapele Terminal,"Damaturu, Nigeria","Damaturu, Nigeria",Sapele Terminal → DAMATURU,6000.0,synthetic,120.0,7200.0,3,2,0,0,liquefied_petroleum_gas,25000.0,tanker,25000.0,1.0,10.5,31.0,20.5,30.46,107.0,Synthetic Customer - Damaturu,7200.0,2026-03-09T03:19:29.956114+00:00
d84db22d-24b2-4366-b6ca-d7a6dedf9efb,SYN-WB-1E3B7320D5,Kano Terminal,"Port Harcourt, Nigeria","Port Harcourt, Nigeria",Kano Terminal → PHC,4800.0,synthetic,96.0,5760.0,1,3,0,0,bitumen_80_100,20000.0,tanker,20000.0,1.0,10.5,26.9,16.4,35.55,426.0,Synthetic Customer - Port Harcourt,5760.0,2026-06-15T01:44:29.956114+00:00
3f5e1320-0bd5-49bf-b0b8-fa1b2229880b,SYN-WB-5AC74FAFF8,Sapele Terminal,"Katsina, Nigeria","Katsina, Nigeria",Sapele Terminal → KATSINA,4800.0,synthetic,96.0,5760.0,9,1,0,1,anionic_bitumen_emulsion,33000.0,tanker,33000.0,1.0,13.0,40.06,27.06,37.15,472.0,Synthetic Customer - Katsina,5760.0,2026-08-15T09:16:29.956114+00:00
cb516223-15f4-45ec-b0eb-46147315bd56,SYN-WB-079459D49E,Kano Terminal,"Damaturu, Nigeria","Damaturu, Nigeria",Kano Terminal → DAMATURU,1200.0,synthetic,24.0,1440.0,6,6,1,0,anionic_bitumen_emulsion,20000.0,tanker,20000.0,1.0,10.5,26.9,16.4,29.3,273.0,Synthetic Customer - Damaturu,1440.0,2026-08-03T06:09:29.956114+00:00
684270a6-e453-45ac-b9fd-23f5da794d5c,SYN-WB-30FB81BDB4,PHC Terminal,"Kano, Nigeria","Kano, Nigeria",PHC Terminal → KANO,3600.0,synthetic,72.0,4320.0,12,1,0,0,heavy_fuel_oil,20000.0,tanker,20000.0,1.0,11.5,27.9,16.4,32.25,198.0,Synthetic Customer - Kano,4320.0,2025-10-03T12:30:29.956114+00:00
aa739028-027b-4d0b-bd91-07bd98e5edf5,SYN-WB-F3692BD5C6,Gwagwalada Terminal,"Mokwa, Nigeria","Mokwa, Nigeria",Gwagwalada Terminal → MOKWA,2400.0,synthetic,48.0,2880.0,2,2,0,0,automotive_gas_oil,20000.0,tanker,20000.0,1.0,11.5,27.9,16.4,29.55,245.0,Synthetic Customer - Mokwa,2880.0,2026-07-17T02:04:29.956114+00:00
18a97e8f-40eb-4c05-9c7d-9df6885ab551,SYN-WB-B9906AD4C2,Kano Terminal,"Benue, Nigeria","Benue, Nigeria",Kano Terminal → BENUE,2400.0,synthetic,48.0,2880.0,5,4,0,0,premium_motor_spirit,33000.0,tanker,35000.0,0.9429,10.5,37.56,27.06,30.78,213.0,Synthetic Customer - Benue,2880.0,2026-06-21T05:44:29.956114+00:00
d10ab65f-0027-4611-b76b-eebfa589ec46,SYN-WB-D13BBA7C77,Sapele Terminal,"Lagos, Nigeria","Lagos, Nigeria",Sapele Terminal → LAGOS,1350.0,synthetic,27.0,1620.0,3,2,0,0,bitumen_80_100,33000.0,tanker,33000.0,1.0,11.5,38.56,27.06,27.25,482.0,Synthetic Customer - Lagos,1620.0,2026-04-30T06:18:29.956114+00:00
9cc03164-d4fa-45a2-954e-ee416518bea7,SYN-WB-1104FB28C4,Sapele Terminal,"Abeokuta, Nigeria","Abeokuta, Nigeria",Sapele Terminal → ABEOKUTA,1200.0,synthetic,24.0,1440.0,11,1,0,0,marine_gas_oil,30000.0,tanker,40000.0,0.75,11.5,36.1,24.6,35.46,200.0,Synthetic Customer - Abeokuta,1440.0,2026-04-08T11:21:29.956114+00:00
48b60239-5583-4e38-9411-bb8350b63f8c,SYN-WB-44D8A9CC9C,Gwagwalada Terminal,"Okene, Nigeria","Okene, Nigeria",Gwagwalada Terminal → OKENE,300.0,synthetic,6.0,360.0,12,4,0,0,bitumen_60_70,25000.0,tanker,35000.0,0.7143,12.0,32.5,20.5,35.14,237.0,Synthetic Customer - Okene,360.0,2026-03-06T18:28:29.956114+00:00
1b648e05-0355-4c68-b341-ebfe9650284e,SYN-WB-C5A2F2A9F5,PHC Terminal,"Epe, Nigeria","Epe, Nigeria",PHC Terminal → EPE,1200.0,synthetic,24.0,1440.0,13,6,1,0,cutback_bitumen,35000.0,tanker,35000.0,1.0,11.5,40.2,28.7,33.25,102.0,Synthetic Customer - Epe,1440.0,2025-11-17T13:05:29.956114+00:00
bbce3a2f-1fa8-4f0d-9406-b5fb39f6f9ed,SYN-WB-842831BE2A,PHC Terminal,AKWAIBOM,AKWAIBOM,PHC Terminal → AKWAIBOM,400.0,synthetic,8.0,480.0,7,6,1,1,grease,20000.0,tanker,25000.0,0.8,12.5,28.9,16.4,37.52,339.0,Synthetic Customer - Akwaibom,480.0,2026-05-31T15:12:29.956114+00:00
5ce98d3b-e9b0-44a8-b814-785c1727c06a,SYN-WB-0957EBE1F5,PHC Terminal,"Yola, Nigeria","Yola, Nigeria",PHC Terminal → YOLA,3600.0,synthetic,72.0,4320.0,8,4,0,1,solvent,20000.0,tanker,20000.0,1.0,12.0,28.4,16.4,35.76,207.0,Synthetic Customer - Yola,4320.0,2026-06-08T08:05:29.956114+00:00
b573f5f0-8161-47ef-85bd-a66922bedbcb,SYN-WB-EB37DC1DB7,Gwagwalada Terminal,"Birnin Kebbi, Nigeria","Birnin Kebbi, Nigeria",Gwagwalada Terminal → BIRNIN KEBBI,2400.0,synthetic,48.0,2880.0,7,2,0,1,bitumen_80_100,20000.0,tanker,40000.0,0.5,13.0,29.4,16.4,36.2,134.0,Synthetic Customer - Birnin Kebbi,2880.0,2025-11-14T07:54:29.956114+00:00
e402507c-7d89-4e6f-8c03-3d5a9b6171be,SYN-WB-B52355B8AF,PHC Terminal,"Bauchi, Nigeria","Bauchi, Nigeria",PHC Terminal → BAUCHI,2400.0,synthetic,48.0,2880.0,0,3,0,0,marine_gas_oil,25000.0,tanker,25000.0,1.0,10.5,31.0,20.5,28.03,437.0,Synthetic Customer - Bauchi,2880.0,2026-04-25T00:34:29.956114+00:00
af0b1b87-1356-456a-82ac-0c07b0d84a02,SYN-WB-5C4D8D4766,Gwagwalada Terminal,"Mokwa, Nigeria","Mokwa, Nigeria",Gwagwalada Terminal → MOKWA,2400.0,synthetic,48.0,2880.0,6,0,0,0,cationic_bitumen_emulsion,35000.0,tanker,40000.0,0.875,13.0,41.7,28.7,33.9,281.0,Synthetic Customer - Mokwa,2880.0,2026-01-21T06:19:29.956114+00:00
0f007236-2fe9-4abf-afbd-d60d71f904a8,SYN-WB-7D9EA6BDE2,PHC Terminal,"Birnin Kebbi, Nigeria","Birnin Kebbi, Nigeria",PHC Terminal → BIRNIN KEBBI,7200.0,synthetic,144.0,8640.0,5,5,1,0,compressed_natural_gas,25000.0,tanker,40000.0,0.625,12.5,33.0,20.5,28.88,155.0,Synthetic Customer - Birnin Kebbi,8640.0,2026-04-17T05:47:29.956114+00:00
59dd11eb-ad33-4068-9ae0-527e624ec014,SYN-WB-885DFD8CB1,Sapele Terminal,"Nasarawa, Nigeria","Nasarawa, Nigeria",Sapele Terminal → NASARAWA,3600.0,synthetic,72.0,4320.0,4,3,0,0,bitumen_40_50,25000.0,tanker,25000.0,1.0,11.5,32.0,20.5,28.33,108.0,Synthetic Customer - Nasarawa,4320.0,2026-06-28T04:25:29.956114+00:00
e850fa82-2b3e-40bb-a3aa-98cb0aba0cbb,SYN-WB-1F06396A34,PHC Terminal,"Ebonyi, Nigeria","Ebonyi, Nigeria",PHC Terminal → EBONYI,1200.0,synthetic,24.0,1440.0,8,1,0,1,liquefied_petroleum_gas,20000.0,tanker,20000.0,1.0,13.0,29.4,16.4,30.59,216.0,Synthetic Customer - Ebonyi,1440.0,2026-01-14T08:47:29.956114+00:00
a7e4b931-88ee-4516-b1bc-7418b728c896,SYN-WB-D855541285,Sapele Terminal,"Ekiti, Nigeria","Ado-Ekiti, Nigeria",Sapele Terminal → EKITI,1300.0,synthetic,26.0,1560.0,14,5,1,0,bitumen_40_50,25000.0,tanker,25000.0,1.0,12.5,33.0,20.5,34.98,229.0,Synthetic Customer - Ado-Ekiti,1560.0,2026-06-28T16:34:29.956114+00:00
aea21c2c-af71-4b96-b483-89d6d788b44d,SYN-WB-BD87C76EC4,PHC Terminal,"Minna, Nigeria","Minna, Nigeria",PHC Terminal → MINNA,3600.0,synthetic,72.0,4320.0,1,4,0,0,liquefied_petroleum_gas,20000.0,tanker,20000.0,1.0,13.5,29.9,16.4,26.65,422.0,Synthetic Customer - Minna,4320.0,2026-01-26T01:49:29.956114+00:00
92bd1cc2-55b9-4e7c-befb-da2c9286e107,SYN-WB-C64B56EA00,Sapele Terminal,"Birnin Kebbi, Nigeria","Birnin Kebbi, Nigeria",Sapele Terminal → BIRNIN KEBBI,7200.0,synthetic,144.0,8640.0,8,2,0,1,engine_oil,40000.0,tanker,40000.0,1.0,13.0,45.8,32.8,31.76,212.0,Synthetic Customer - Birnin Kebbi,8640.0,2025-10-21T08:39:29.956114+00:00
ffedb272-75e1-478f-a631-2a1fe61abe87,SYN-WB-0063347367,PHC Terminal,"Nasarawa, Nigeria","Nasarawa, Nigeria",PHC Terminal → NASARAWA,1400.0,synthetic,28.0,1680.0,3,6,1,0,base_oil,35000.0,tanker,35000.0,1.0,13.5,42.2,28.7,34.13,123.0,Synthetic Customer - Nasarawa,1680.0,2026-07-20T07:41:29.956114+00:00
35c296b0-4659-4918-bcbd-4b3ffee2391f,SYN-WB-69F049841F,Kano Terminal,"Gwagwalada, Nigeria","Gwagwalada, Nigeria",Kano Terminal → GWAGWALADA,1200.0,synthetic,24.0,1440.0,2,3,0,0,transmission_fluid,20000.0,tanker,20000.0,1.0,10.5,26.9,16.4,28.92,420.0,Synthetic Customer - Gwagwalada,1440.0,2026-08-07T02:04:29.956114+00:00
9359b6bc-9a54-444c-9955-74bb9e927ddf,SYN-WB-FA25F3950A,PHC Terminal,"Ebonyi, Nigeria","Ebonyi, Nigeria",PHC Terminal → EBONYI,1200.0,synthetic,24.0,1440.0,5,6,1,0,polymer_modified_bitumen,30000.0,tanker,35000.0,0.8571,12.0,36.6,24.6,25.7,424.0,Synthetic Customer - Ebonyi,1440.0,2026-02-23T05:12:29.956114+00:00
2dafb45e-e0fb-45c8-b904-4983d3e63307,SYN-WB-55386C43A0,Gwagwalada Terminal,"Damaturu, Nigeria","Damaturu, Nigeria",Gwagwalada Terminal → DAMATURU,2400.0,synthetic,48.0,2880.0,9,4,0,1,polymer_modified_bitumen,33000.0,tanker,40000.0,0.825,10.5,37.56,27.06,35.5,434.0,Synthetic Customer - Damaturu,2880.0,2026-04-19T09:57:29.956114+00:00
1c5da74b-0ab2-4621-bd52-f3b94aeec787,SYN-WB-26E5C263DA,Sapele Terminal,"Oyo, Nigeria","Oyo, Nigeria",Sapele Terminal → OYO,1200.0,synthetic,24.0,1440.0,7,4,0,1,bitumen_60_70,25000.0,tanker,40000.0,0.625,13.5,34.0,20.5,31.21,276.0,Synthetic Customer - Oyo,1440.0,2025-11-29T07:35:29.956114+00:00
8ab38b4d-e746-4610-87b5-1075d1281e9d,SYN-WB-575F3D38F8,Kano Terminal,"Jos, Nigeria","Jos, Nigeria",Kano Terminal → JOS,1200.0,synthetic,24.0,1440.0,12,2,0,0,aviation_turbine_kerosene,20000.0,tanker,20000.0,1.0,12.5,28.9,16.4,31.14,123.0,Synthetic Customer - Jos,1440.0,2026-07-30T12:53:29.956114+00:00
7f917d27-b925-4e2d-8b7e-98f4da93ffc5,SYN-WB-5EBBC87FD3,Kano Terminal,"Sapele, Nigeria","Sapele, Nigeria",Kano Terminal → SAPELE,3600.0,synthetic,72.0,4320.0,1,2,0,0,dual_purpose_kerosene,20000.0,tanker,20000.0,1.0,11.5,27.9,16.4,25.01,386.0,Synthetic Customer - Sapele,4320.0,2026-06-13T01:42:29.956114+00:00
e99190f3-4485-4a97-9d44-75264b3be905,SYN-WB-A35B0C7FDF,Kano Terminal,"Benue, Nigeria","Benue, Nigeria",Kano Terminal → BENUE,2400.0,synthetic,48.0,2880.0,8,6,1,1,grease,20000.0,tanker,20000.0,1.0,12.5,28.9,16.4,28.58,379.0,Synthetic Customer - Benue,2880.0,2025-11-04T08:32:29.956114+00:00
ae9c839b-4cf0-459e-b23f-4f4dda779ec5,SYN-WB-3EDFFA0930,PHC Terminal,"Gombe, Nigeria","Gombe, Nigeria",PHC Terminal → GOMBE,3600.0,synthetic,72.0,4320.0,3,0,0,0,polymer_modified_bitumen,35000.0,tanker,40000.0,0.875,13.5,42.2,28.7,36.66,111.0,Synthetic Customer - Gombe,4320.0,2026-03-26T03:19:29.956114+00:00
14058233-3d52-43ed-9c22-9add349b44f4,SYN-WB-277B84B45F,Gwagwalada Terminal,"Mowe, Nigeria","Mowe, Nigeria",Gwagwalada Terminal → MOWE,2400.0,synthetic,48.0,2880.0,8,0,0,1,low_pour_fuel_oil,20000.0,tanker,40000.0,0.5,11.0,27.4,16.4,32.78,253.0,Synthetic Customer - Mowe,2880.0,2025-11-26T08:01:29.956114+00:00
8d54147f-05dd-4c8e-8f2e-3cee5d86262c,SYN-WB-A6654D4030,Sapele Terminal,"Oyo, Nigeria","Oyo, Nigeria",Sapele Terminal → OYO,1200.0,synthetic,24.0,1440.0,8,1,0,1,hydraulic_oil,25000.0,tanker,25000.0,1.0,13.5,34.0,20.5,34.94,311.0,Synthetic Customer - Oyo,1440.0,2025-11-19T08:46:29.956114+00:00
09d1fdab-7431-442b-a290-e7041e830fdb,SYN-WB-5AB6D7D9A5,PHC Terminal,"Dutse, Nigeria","Dutse, Nigeria",PHC Terminal → DUTSE,4800.0,synthetic,96.0,5760.0,3,4,0,0,automotive_gas_oil,33000.0,tanker,40000.0,0.825,12.0,39.06,27.06,25.49,228.0,Synthetic Customer - Dutse,5760.0,2025-09-02T03:06:29.956114+00:00
f097a0d7-94d9-45b3-811b-d4ab5454a4ac,SYN-WB-DABE20C95C,Sapele Terminal,OBURARA,OBURARA,Sapele Terminal → OBURARA,2400.0,synthetic,48.0,2880.0,8,6,1,1,dual_purpose_kerosene,20000.0,tanker,40000.0,0.5,10.5,26.9,16.4,35.05,247.0,Synthetic Customer - Oburara,2880.0,2026-07-14T08:04:29.956114+00:00
d4d1246f-75bb-4bb0-a528-7d99f92a8b54,SYN-WB-8E26B7FA53,Gwagwalada Terminal,"Jos, Nigeria","Jos, Nigeria",Gwagwalada Terminal → JOS,1200.0,synthetic,24.0,1440.0,2,0,0,0,bitumen_60_70,20000.0,tanker,35000.0,0.5714,11.0,27.4,16.4,35.15,389.0,Synthetic Customer - Jos,1440.0,2026-06-02T02:25:29.956114+00:00
c73371ab-bd67-4810-9c71-d13095d9da28,SYN-WB-A433BA8B63,Kano Terminal,"Gusau, Nigeria","Gusau, Nigeria",Kano Terminal → GUSAU,400.0,synthetic,8.0,480.0,1,1,0,0,hydraulic_oil,20000.0,tanker,20000.0,1.0,13.0,29.4,16.4,25.42,247.0,Synthetic Customer - Gusau,480.0,2025-11-04T09:21:29.956114+00:00
008ec8c3-baeb-4368-8eea-82a9788f3274,SYN-WB-81E379571D,PHC Terminal,"Mokwa, Nigeria","Mokwa, Nigeria",PHC Terminal → MOKWA,4800.0,synthetic,96.0,5760.0,2,3,0,0,polymer_modified_bitumen,20000.0,tanker,20000.0,1.0,12.0,28.4,16.4,34.69,109.0,Synthetic Customer - Mokwa,5760.0,2026-04-06T02:55:29.956114+00:00
73500d8c-5e76-4c2a-bd93-647e24c40ce0,SYN-WB-E7BD4D9DF3,Sapele Terminal,"Osogbo, Nigeria","Osogbo, Nigeria",Sapele Terminal → OSOGBO,1200.0,synthetic,24.0,1440.0,7,2,0,1,solvent,25000.0,tanker,25000.0,1.0,11.0,31.5,20.5,37.31,160.0,Synthetic Customer - Osogbo,1440.0,2025-09-11T07:31:29.956114+00:00
00386abf-a062-4a0a-a833-27d99029eba2,SYN-WB-5559F7CD98,Sapele Terminal,"Maiduguri, Nigeria","Maiduguri, Nigeria",Sapele Terminal → MAIDUGURI,6000.0,synthetic,120.0,7200.0,2,2,0,0,compressed_natural_gas,35000.0,tanker,40000.0,0.875,12.5,41.2,28.7,32.36,337.0,Synthetic Customer - Maiduguri,7200.0,2026-02-16T02:18:29.956114+00:00
7f0436fc-89e4-4a13-943b-032c01e90800,SYN-WB-1DAB6981F2,Kano Terminal,"Sokoto, Nigeria","Sokoto, Nigeria",Kano Terminal → SOKOTO,2400.0,synthetic,48.0,2880.0,6,3,0,0,dual_purpose_kerosene,35000.0,tanker,35000.0,1.0,11.5,40.2,28.7,35.96,404.0,Synthetic Customer - Sokoto,2880.0,2026-02-07T06:45:29.956114+00:00
15537b8f-b2c8-4f41-8705-02749cbd95fb,SYN-WB-F11FB98FE4,Sapele Terminal,"Abeokuta, Nigeria","Abeokuta, Nigeria",Sapele Terminal → ABEOKUTA,1200.0,synthetic,24.0,1440.0,4,0,0,0,bitumen_60_70,20000.0,tanker,20000.0,1.0,11.0,27.4,16.4,30.95,281.0,Synthetic Customer - Abeokuta,1440.0,2025-09-09T04:21:29.956114+00:00
0e94b818-3ad4-4e85-908d-ce80d69daea7,SYN-WB-CE09FDCD25,PHC Terminal,"Katsina, Nigeria","Katsina, Nigeria",PHC Terminal → KATSINA,4800.0,synthetic,96.0,5760.0,9,1,0,1,dual_purpose_kerosene,20000.0,tanker,20000.0,1.0,11.0,27.4,16.4,31.47,181.0,Synthetic Customer - Katsina,5760.0,2026-05-23T09:11:29.956114+00:00
56026031-317a-4e2d-8638-f4bbd2184671,SYN-WB-6FEBEF142A,Gwagwalada Terminal,"Benue, Nigeria","Benue, Nigeria",Gwagwalada Terminal → BENUE,1200.0,synthetic,24.0,1440.0,8,5,1,1,liquefied_petroleum_gas,33000.0,tanker,35000.0,0.9429,12.5,39.56,27.06,32.84,455.0,Synthetic Customer - Benue,1440.0,2026-02-01T08:14:29.956114+00:00
10906477-8c7c-4066-871d-3e724f21792a,SYN-WB-65C54541B1,Sapele Terminal,"Bida, Nigeria","Bida, Nigeria",Sapele Terminal → BIDA,4800.0,synthetic,96.0,5760.0,5,6,1,0,cutback_bitumen,35000.0,tanker,40000.0,0.875,13.5,42.2,28.7,25.06,226.0,Synthetic Customer - Bida,5760.0,2026-07-23T05:56:29.956114+00:00
8d338142-d75b-4255-91be-198da040c367,SYN-WB-A4C1ACCA29,Sapele Terminal,"Lagos, Nigeria","Lagos, Nigeria",Sapele Terminal → LAGOS,1350.0,synthetic,27.0,1620.0,12,1,0,0,transmission_fluid,20000.0,tanker,25000.0,0.8,10.5,26.9,16.4,27.51,328.0,Synthetic Customer - Lagos,1620.0,2025-10-22T15:02:29.956114+00:00
6b1642f0-ae34-4007-a5fb-602198320ebd,SYN-WB-F8221738BC,Gwagwalada Terminal,"Kano, Nigeria","Kano, Nigeria",Gwagwalada Terminal → KANO,1200.0,synthetic,24.0,1440.0,13,6,1,0,marine_gas_oil,20000.0,tanker,20000.0,1.0,10.5,26.9,16.4,31.78,113.0,Synthetic Customer - Kano,1440.0,2026-02-02T13:55:29.956114+00:00
ae895941-436a-4eec-b0cf-8cd78fd8271b,SYN-WB-1DEC6A6F8E,PHC Terminal,"Zamfara, Nigeria","Zamfara, Nigeria",PHC Terminal → ZAMFARA,4800.0,synthetic,96.0,5760.0,2,3,0,0,liquefied_petroleum_gas,25000.0,tanker,25000.0,1.0,11.5,32.0,20.5,26.0,230.0,Synthetic Customer - Zamfara,5760.0,2025-11-03T02:10:29.956114+00:00
4e4824de-ea77-4655-a5a5-4f9301022466,SYN-WB-30DB036DCE,Kano Terminal,"Gwagwalada, Nigeria","Gwagwalada, Nigeria",Kano Terminal → GWAGWALADA,1200.0,synthetic,24.0,1440.0,14,0,0,0,marine_diesel_oil,20000.0,tanker,20000.0,1.0,11.0,27.4,16.4,33.42,236.0,Synthetic Customer - Gwagwalada,1440.0,2025-12-30T14:08:29.956114+00:00
ac2b0562-9e1f-4201-a0da-eb5ec81a59f8,SYN-WB-4D0B281AD2,Kano Terminal,"Damaturu, Nigeria","Damaturu, Nigeria",Kano Terminal → DAMATURU,1200.0,synthetic,24.0,1440.0,11,6,1,0,crumb_rubber_modified_bitumen,20000.0,tanker,20000.0,1.0,11.5,27.9,16.4,35.14,196.0,Synthetic Customer - Damaturu,1440.0,2026-04-06T11:11:29.956114+00:00
228ed359-9419-46bc-a6d4-c734a18ea8c7,SYN-WB-B123DBF2FA,Gwagwalada Terminal,"Epe, Nigeria","Epe, Nigeria",Gwagwalada Terminal → EPE,4800.0,synthetic,96.0,5760.0,6,3,0,0,aviation_turbine_kerosene,40000.0,tanker,40000.0,1.0,12.5,45.3,32.8,33.18,238.0,Synthetic Customer - Epe,5760.0,2026-04-27T06:38:29.956114+00:00
e75242eb-bb71-40d4-baa7-2ef7b8e2b43b,SYN-WB-E1F4DCE8D8,Sapele Terminal,"Kwara, Nigeria","Kwara, Nigeria",Sapele Terminal → KWARA,2400.0,synthetic,48.0,2880.0,12,1,0,0,hydraulic_oil,35000.0,tanker,40000.0,0.875,13.0,41.7,28.7,29.64,191.0,Synthetic Customer - Kwara,2880.0,2026-04-09T12:50:29.956114+00:00
60c7b9a4-5084-452f-a152-d5c5b8035e84,SYN-WB-9F1B0EE9CB,Sapele Terminal,RIVER,RIVERS,Sapele Terminal → RIVER,300.0,synthetic,6.0,360.0,12,3,0,0,marine_gas_oil,33000.0,tanker,33000.0,1.0,12.0,39.06,27.06,28.14,307.0,Synthetic Customer - Rivers,360.0,2025-11-20T18:39:29.956114+00:00
ea603648-ce50-4e10-9a55-9159f5d28880,SYN-WB-87CFD7688F,Sapele Terminal,"Nasarawa, Nigeria","Nasarawa, Nigeria",Sapele Terminal → NASARAWA,3600.0,synthetic,72.0,4320.0,4,0,0,0,marine_gas_oil,25000.0,tanker,25000.0,1.0,13.5,34.0,20.5,37.96,277.0,Synthetic Customer - Nasarawa,4320.0,2025-10-30T04:27:29.956114+00:00
7b95ea7f-f02a-47ba-80a2-5ec1da890807,SYN-WB-57F2614F1D,PHC Terminal,"Aba, Nigeria","Taraba, Nigeria",PHC Terminal → ABA,150.0,synthetic,3.0,180.0,12,6,1,0,anionic_bitumen_emulsion,20000.0,tanker,20000.0,1.0,13.5,29.9,16.4,27.85,197.0,Synthetic Customer - Taraba,180.0,2026-08-02T15:51:29.956114+00:00
12dcaaea-0160-4839-b28a-37cf1686998e,SYN-WB-EE9D886E8A,PHC Terminal,"Anambra, Nigeria","Anambra, Nigeria",PHC Terminal → ANAMBRA,400.0,synthetic,8.0,480.0,9,6,1,1,anionic_bitumen_emulsion,25000.0,tanker,35000.0,0.7143,13.0,33.5,20.5,27.27,177.0,Synthetic Customer - Anambra,480.0,2026-02-15T17:56:29.956114+00:00
d3efdd67-2c1c-4a99-95d4-5dd088a51985,SYN-WB-BDC22C7DA5,PHC Terminal,"Dutse, Nigeria","Dutse, Nigeria",PHC Terminal → DUTSE,4800.0,synthetic,96.0,5760.0,5,0,0,0,engine_oil,30000.0,tanker,40000.0,0.75,11.0,35.6,24.6,37.73,202.0,Synthetic Customer - Dutse,5760.0,2025-09-19T05:23:29.956114+00:00
0f215305-ccc1-41de-89a0-868f9735829e,SYN-WB-DAE50A8EB3,Sapele Terminal,"Nasarawa, Nigeria","Nasarawa, Nigeria",Sapele Terminal → NASARAWA,3600.0,synthetic,72.0,4320.0,12,3,0,0,premium_motor_spirit,20000.0,tanker,20000.0,1.0,10.5,26.9,16.4,30.89,114.0,Synthetic Customer - Nasarawa,4320.0,2025-11-09T12:18:29.956114+00:00
1e7742b5-c512-47fb-9e90-07c802dd80f4,SYN-WB-5271656C39,Gwagwalada Terminal,"Kontagora, Nigeria","Kontagora, Nigeria",Gwagwalada Terminal → KONTAGORA,1200.0,synthetic,24.0,1440.0,12,1,0,0,bitumen_80_100,30000.0,tanker,35000.0,0.8571,13.5,38.1,24.6,27.19,306.0,Synthetic Customer - Kontagora,1440.0,2025-10-29T12:18:29.956114+00:00
388b55a1-a121-431d-bf11-3599b13b21e1,SYN-WB-7452FC1DF5,PHC Terminal,"Ogbomoso, Nigeria","Ogbomoso, Nigeria",PHC Terminal → OGBOMOSO,1500.0,synthetic,30.0,1800.0,1,6,1,0,engine_oil,20000.0,tanker,20000.0,1.0,13.0,29.4,16.4,25.79,484.0,Synthetic Customer - Ogbomoso,1800.0,2026-01-05T07:22:29.956114+00:00
a8d295a6-7dea-42dd-986e-770eea637b5b,SYN-WB-575902323D,Gwagwalada Terminal,"Okene, Nigeria","Okene, Nigeria",Gwagwalada Terminal → OKENE,300.0,synthetic,6.0,360.0,3,6,1,0,marine_diesel_oil,20000.0,tanker,35000.0,0.5714,12.0,28.4,16.4,34.26,291.0,Synthetic Customer - Okene,360.0,2026-02-15T09:21:29.956114+00:00
6f4d2741-f3a8-44a1-aa22-6a43e88a6a9f,SYN-WB-1B14E1B42B,Sapele Terminal,"Mayo-Belwa, Nigeria","Mayo-Belwa, Nigeria",Sapele Terminal → MAYO BELWA,3600.0,synthetic,72.0,4320.0,5,0,0,0,marine_gas_oil,25000.0,tanker,25000.0,1.0,11.0,31.5,20.5,25.02,286.0,Synthetic Customer - Mayo-Belwa,4320.0,2026-04-02T05:00:29.956114+00:00
f140c192-c333-44b6-b3ae-1d8b799dfa09,SYN-WB-6C17C32797,Sapele Terminal,"Ondo, Nigeria","Ondo, Nigeria",Sapele Terminal → ONDO,300.0,synthetic,6.0,360.0,14,4,0,0,crumb_rubber_modified_bitumen,25000.0,tanker,25000.0,1.0,10.5,31.0,20.5,28.19,430.0,Synthetic Customer - Ondo,360.0,2025-11-14T20:50:29.956114+00:00
e0ef3553-165c-428a-914c-8ef4af06b7cc,SYN-WB-56B9BCC42F,Kano Terminal,"Okene, Nigeria","Okene, Nigeria",Kano Terminal → OKENE,1450.0,synthetic,29.0,1740.0,1,0,0,0,anionic_bitumen_emulsion,20000.0,tanker,20000.0,1.0,13.0,29.4,16.4,37.88,487.0,Synthetic Customer - Okene,1740.0,2025-09-30T06:26:29.956114+00:00
a1a91dde-0f6a-400c-8e3d-40aa99506d54,SYN-WB-B8BEFE1172,Kano Terminal,"Talata Mafara, Nigeria","Talata Mafara, Nigeria",Kano Terminal → TALATA MAFARA,500.0,synthetic,10.0,600.0,7,5,1,1,dual_purpose_kerosene,33000.0,tanker,35000.0,0.9429,13.5,40.56,27.06,35.23,397.0,Synthetic Customer - Talata Mafara,600.0,2026-04-11T17:23:29.956114+00:00
fa3a91ed-6bd7-4adf-b0a7-5455211fb7f6,SYN-WB-B099D0CE13,Sapele Terminal,"Bida, Nigeria","Bida, Nigeria",Sapele Terminal → BIDA,4800.0,synthetic,96.0,5760.0,3,3,0,0,crumb_rubber_modified_bitumen,30000.0,tanker,40000.0,0.75,12.5,37.1,24.6,26.82,351.0,Synthetic Customer - Bida,5760.0,2026-05-25T03:49:29.956114+00:00
02700dbf-f162-47b7-beba-c88abc3eda1b,SYN-WB-965B9670A6,Kano Terminal,"Anambra, Nigeria","Anambra, Nigeria",Kano Terminal → ANAMBRA,3600.0,synthetic,72.0,4320.0,6,1,0,0,cationic_bitumen_emulsion,20000.0,tanker,20000.0,1.0,13.0,29.4,16.4,32.91,102.0,Synthetic Customer - Anambra,4320.0,2026-01-30T06:09:29.956114+00:00
c5983db1-c2c8-4073-b6e2-c309f947583f,SYN-WB-64236C0C06,Sapele Terminal,"Mubi, Nigeria","Mubi, Nigeria",Sapele Terminal → MUBI,6000.0,synthetic,120.0,7200.0,5,1,0,0,transmission_fluid,35000.0,tanker,40000.0,0.875,11.5,40.2,28.7,34.39,347.0,Synthetic Customer - Mubi,7200.0,2025-10-12T05:44:29.956114+00:00
c5d4cf43-2322-464a-9803-2f8187ad72c8,SYN-WB-A4F7C7B96D,PHC Terminal,"Talata Mafara, Nigeria","Talata Mafara, Nigeria",PHC Terminal → TALATA MAFARA,6000.0,synthetic,120.0,7200.0,12,3,0,0,marine_gas_oil,25000.0,tanker,25000.0,1.0,11.0,31.5,20.5,32.47,325.0,Synthetic Customer - Talata Mafara,7200.0,2026-07-28T12:27:29.956114+00:00
d4506c82-12e4-4dc5-9f24-c4feef876b4e,SYN-WB-02760ED3F3,Sapele Terminal,"Borno, Nigeria","Borno, Nigeria",Sapele Terminal → BORNO,4800.0,synthetic,96.0,5760.0,1,3,0,0,paraffin_wax,20000.0,tanker,20000.0,1.0,11.5,27.9,16.4,26.04,491.0,Synthetic Customer - Borno,5760.0,2025-09-22T01:05:29.956114+00:00
f031e2b4-a252-4d06-b050-fe60fd323817,SYN-WB-8D6D248BF5,Kano Terminal,"Anambra, Nigeria","Anambra, Nigeria",Kano Terminal → ANAMBRA,3600.0,synthetic,72.0,4320.0,11,6,1,0,bitumen_60_70,35000.0,tanker,35000.0,1.0,13.5,42.2,28.7,30.66,474.0,Synthetic Customer - Anambra,4320.0,2026-05-13T11:33:29.956114+00:00
7bb9f406-3f7a-40df-8a15-417b9afa97a6,SYN-WB-324DBCA013,Sapele Terminal,"Kogi, Nigeria","Kogi, Nigeria",Sapele Terminal → KOGI,1200.0,synthetic,24.0,1440.0,1,5,1,0,cutback_bitumen,20000.0,tanker,20000.0,1.0,11.5,27.9,16.4,29.16,124.0,Synthetic Customer - Kogi,1440.0,2026-04-19T01:24:29.956114+00:00
9e0d9d54-7da6-488c-8ff1-37d88d8d5c4c,SYN-WB-8837647274,PHC Terminal,"Ado-Ekiti, Nigeria","Ado-Ekiti, Nigeria",PHC Terminal → ADO-EKITI,1550.0,synthetic,31.0,1860.0,5,1,0,0,grease,25000.0,tanker,25000.0,1.0,12.0,32.5,20.5,34.87,291.0,Synthetic Customer - Ado-Ekiti,1860.0,2026-01-28T12:37:29.956114+00:00
228df588-7e69-4436-ba06-70da181de9ad,SYN-WB-5C0EB97B7F,Kano Terminal,"Sokoto, Nigeria","Sokoto, Nigeria",Kano Terminal → SOKOTO,2400.0,synthetic,48.0,2880.0,11,1,0,0,aviation_turbine_kerosene,20000.0,tanker,20000.0,1.0,11.0,27.4,16.4,26.8,326.0,Synthetic Customer - Sokoto,2880.0,2026-06-04T11:36:29.956114+00:00
5e9d6891-a5d6-4f08-a135-f3afd9e22671,SYN-WB-CA9FFC8D70,PHC Terminal,"Sapele, Nigeria","Sapele, Nigeria",PHC Terminal → SAPELE,300.0,synthetic,6.0,360.0,4,5,1,0,hydraulic_oil,25000.0,tanker,25000.0,1.0,11.5,32.0,20.5,37.92,123.0,Synthetic Customer - Sapele,360.0,2026-08-15T10:48:29.956114+00:00
02fda328-73fe-4f70-b482-0f50c6a79706,SYN-WB-E81428A3CB,Gwagwalada Terminal,"Kano, Nigeria","Kano, Nigeria",Gwagwalada Terminal → KANO,1200.0,synthetic,24.0,1440.0,5,4,0,0,dual_purpose_kerosene,20000.0,tanker,20000.0,1.0,12.5,28.9,16.4,33.68,383.0,Synthetic Customer - Kano,1440.0,2025-12-20T05:36:29.956114+00:00
d3f892ff-3d66-4540-9a50-946d9a9764cd,SYN-WB-26A8701C23,Gwagwalada Terminal,"Taraba, Nigeria","Taraba, Nigeria",Gwagwalada Terminal → TARABA,1200.0,synthetic,24.0,1440.0,13,0,0,0,solvent,20000.0,tanker,40000.0,0.5,11.0,27.4,16.4,26.04,335.0,Synthetic Customer - Taraba,1440.0,2025-12-30T13:08:29.956114+00:00
3c627e5f-920d-4ec6-b909-e275c93ce258,SYN-WB-9CC7487FBC,PHC Terminal,"Damaturu, Nigeria","Damaturu, Nigeria",PHC Terminal → DAMATURU,6000.0,synthetic,120.0,7200.0,0,6,1,0,marine_diesel_oil,35000.0,tanker,35000.0,1.0,13.0,41.7,28.7,35.86,306.0,Synthetic Customer - Damaturu,7200.0,2025-10-10T00:23:29.956114+00:00
6d30f0a3-ca84-4ab3-a7c2-ccbfc71e6be6,SYN-WB-7D8851C452,PHC Terminal,FUTUA,FUTUA,PHC Terminal → FUTUA,3600.0,synthetic,72.0,4320.0,9,2,0,1,cationic_bitumen_emulsion,35000.0,tanker,35000.0,1.0,13.0,41.7,28.7,35.16,137.0,Synthetic Customer - Futua,4320.0,2026-03-28T09:39:29.956114+00:00
90b51606-af03-4e90-a9fc-e7df75b065c1,SYN-WB-E707F13697,PHC Terminal,"Okene, Nigeria","Okene, Nigeria",PHC Terminal → OKENE,1500.0,synthetic,30.0,1800.0,5,4,0,0,cationic_bitumen_emulsion,33000.0,tanker,35000.0,0.9429,10.5,37.56,27.06,32.87,329.0,Synthetic Customer - Okene,1800.0,2026-03-14T11:48:29.956114+00:00
313f8ebf-23c2-46ba-a04a-ca20359bc75e,SYN-WB-9477299721,Gwagwalada Terminal,"Ogbomoso, Nigeria","Ogbomoso, Nigeria",Gwagwalada Terminal → OGBOMOSO,3600.0,synthetic,72.0,4320.0,11,2,0,0,aviation_turbine_kerosene,30000.0,tanker,40000.0,0.75,11.5,36.1,24.6,27.92,201.0,Synthetic Customer - Ogbomoso,4320.0,2026-05-09T11:57:29.956114+00:00
dd6f5d67-3e00-429e-8101-b71ebee83f18,SYN-WB-30F7CED9D6,PHC Terminal,"Kaiama, Nigeria","Kaiama, Nigeria",PHC Terminal → KAIAMA,2700.0,synthetic,54.0,3240.0,12,5,1,0,household_kerosene,35000.0,tanker,35000.0,1.0,12.5,41.2,28.7,29.16,329.0,Synthetic Customer - Kaiama,3240.0,2026-06-08T18:38:29.956114+00:00
50ca5094-d07a-4f42-ace7-4d162aff16db,SYN-WB-E95AD047C5,Kano Terminal,"Mayo-Belwa, Nigeria","Mayo-Belwa, Nigeria",Kano Terminal → MAYO BELWA,2400.0,synthetic,48.0,2880.0,3,6,1,0,liquefied_natural_gas,20000.0,tanker,20000.0,1.0,13.0,29.4,16.4,32.23,136.0,Synthetic Customer - Mayo-Belwa,2880.0,2026-05-05T03:07:29.956114+00:00
590bfe57-1570-420d-bbac-16442f9d3270,SYN-WB-7182215BE0,PHC Terminal,"Kaiama, Nigeria","Kaiama, Nigeria",PHC Terminal → KAIAMA,2700.0,synthetic,54.0,3240.0,2,1,0,0,grease,20000.0,tanker,20000.0,1.0,10.5,26.9,16.4,37.2,164.0,Synthetic Customer - Kaiama,3240.0,2025-08-21T08:55:29.956114+00:00
dd245324-97fc-4483-85a2-c6388ec81ef2,SYN-WB-6E440FA431,Gwagwalada Terminal,"Kaduna, Nigeria","Kaduna, Nigeria",Gwagwalada Terminal → KADUNA,300.0,synthetic,6.0,360.0,14,3,0,0,natural_gas,33000.0,tanker,35000.0,0.9429,13.0,40.06,27.06,26.67,455.0,Synthetic Customer - Kaduna,360.0,2025-09-18T20:19:29.956114+00:00
84d0231e-342c-486c-b911-5e52b849da4a,SYN-WB-D2F5837E59,PHC Terminal,"Gusau, Nigeria","Gusau, Nigeria",PHC Terminal → GUSAU,4800.0,synthetic,96.0,5760.0,3,4,0,0,base_oil,25000.0,tanker,25000.0,1.0,12.0,32.5,20.5,37.81,424.0,Synthetic Customer - Gusau,5760.0,2026-02-17T03:38:29.956114+00:00
239828b7-77a6-49ba-bcb2-0984c84bc689,SYN-WB-87CA7A8B2F,Sapele Terminal,"Maiduguri, Nigeria","Maiduguri, Nigeria",Sapele Terminal → MAIDUGURI,6000.0,synthetic,120.0,7200.0,4,6,1,0,premium_motor_spirit,20000.0,tanker,20000.0,1.0,13.0,29.4,16.4,31.45,146.0,Synthetic Customer - Maiduguri,7200.0,2025-10-31T04:18:29.956114+00:00
3b6dd1c0-9aaf-4476-80c2-92d705780779,SYN-WB-E357DB500A,PHC Terminal,"Osogbo, Nigeria","Osogbo, Nigeria",PHC Terminal → OSOGBO,1200.0,synthetic,24.0,1440.0,10,4,0,0,bitumen_80_100,20000.0,tanker,20000.0,1.0,10.5,26.9,16.4,28.91,124.0,Synthetic Customer - Osogbo,1440.0,2025-11-01T10:01:29.956114+00:00
163e5f97-ec53-44e9-aec0-5a10ca986399,SYN-WB-7515D4FC61,PHC Terminal,"Jalingo, Nigeria","Jalingo, Nigeria",PHC Terminal → JALINGO,3600.0,synthetic,72.0,4320.0,2,0,0,0,cutback_bitumen,20000.0,tanker,20000.0,1.0,11.0,27.4,16.4,27.36,211.0,Synthetic Customer - Jalingo,4320.0,2026-01-22T02:01:29.956114+00:00
db6d5f00-1f5e-4e5c-833c-1d064971f63e,SYN-WB-7A2C1DB4CE,PHC Terminal,"Birnin Kebbi, Nigeria","Birnin Kebbi, Nigeria",PHC Terminal → BIRNIN KEBBI,7200.0,synthetic,144.0,8640.0,8,1,0,1,bitumen_80_100,20000.0,tanker,35000.0,0.5714,12.5,28.9,16.4,32.49,477.0,Synthetic Customer - Birnin Kebbi,8640.0,2025-11-03T08:47:29.956114+00:00
946c1bef-6342-4180-b91b-fabb9b201356,SYN-WB-EE04BF1DC3,Sapele Terminal,"Kontagora, Nigeria","Kontagora, Nigeria",Sapele Terminal → KONTAGORA,4800.0,synthetic,96.0,5760.0,4,1,0,0,automotive_gas_oil,25000.0,tanker,25000.0,1.0,11.5,32.0,20.5,27.4,351.0,Synthetic Customer - Kontagora,5760.0,2026-01-31T04:16:29.956114+00:00
ed6cfe07-bc5f-4a15-942e-d1037cd47c60,SYN-WB-4EA2A331AE,PHC Terminal,"Mubi, Nigeria","Mubi, Nigeria",PHC Terminal → MUBI,4800.0,synthetic,96.0,5760.0,14,2,0,0,bitumen_40_50,20000.0,tanker,25000.0,0.8,13.0,29.4,16.4,36.39,416.0,Synthetic Customer - Mubi,5760.0,2026-01-18T14:00:29.956114+00:00
2c773e9d-5011-42d2-a111-ec43c50bb692,SYN-WB-1E633D9D68,Gwagwalada Terminal,"Jigawa, Nigeria","Jigawa, Nigeria",Gwagwalada Terminal → JIGAWA,1200.0,synthetic,24.0,1440.0,0,3,0,0,bitumen_60_70,20000.0,tanker,20000.0,1.0,11.5,27.9,16.4,26.57,214.0,Synthetic Customer - Jigawa,1440.0,2026-05-01T00:57:29.956114+00:00
7b251d6e-7702-41c2-a5ca-56d1a23703ac,SYN-WB-D25D789E2F,Sapele Terminal,"Jigawa, Nigeria","Jigawa, Nigeria",Sapele Terminal → JIGAWA,4800.0,synthetic,96.0,5760.0,11,6,1,0,dual_purpose_kerosene,35000.0,tanker,40000.0,0.875,12.5,41.2,28.7,32.27,347.0,Synthetic Customer - Jigawa,5760.0,2026-01-08T11:59:29.956114+00:00
ddc64f32-f75c-4e56-938e-850e1455b2d8,SYN-WB-3593A65055,PHC Terminal,"Mayo-Belwa, Nigeria","Mayo-Belwa, Nigeria",PHC Terminal → MAYO BELWA,3600.0,synthetic,72.0,4320.0,13,2,0,0,natural_gas,20000.0,tanker,20000.0,1.0,11.0,27.4,16.4,35.54,142.0,Synthetic Customer - Mayo-Belwa,4320.0,2026-07-04T13:49:29.956114+00:00
a81970b4-0f02-480d-baf9-b67896d5f04e,SYN-WB-5E94721A84,PHC Terminal,"Birnin Kebbi, Nigeria","Birnin Kebbi, Nigeria",PHC Terminal → BIRNIN KEBBI,7200.0,synthetic,144.0,8640.0,9,1,0,1,gear_oil,20000.0,tanker,35000.0,0.5714,13.0,29.4,16.4,32.88,115.0,Synthetic Customer - Birnin Kebbi,8640.0,2025-09-22T09:28:29.956114+00:00
8537a223-e9bd-4e1f-a7f5-87b71d43862b,SYN-WB-3613BC0BD7,Gwagwalada Terminal,"Ado-Ekiti, Nigeria","Ado-Ekiti, Nigeria",Gwagwalada Terminal → ADO-EKITI,1200.0,synthetic,24.0,1440.0,6,1,0,0,hydraulic_oil,35000.0,tanker,40000.0,0.875,12.5,41.2,28.7,25.16,311.0,Synthetic Customer - Ado-Ekiti,1440.0,2026-05-06T06:07:29.956114+00:00
ae7e06e8-919a-4de8-ae73-e530a940d371,SYN-WB-E20ED43A15,Sapele Terminal,"Uyo, Nigeria","Uyo, Nigeria",Sapele Terminal → UYO,1350.0,synthetic,27.0,1620.0,10,4,0,0,aviation_turbine_kerosene,25000.0,tanker,25000.0,1.0,11.5,32.0,20.5,31.51,277.0,Synthetic Customer - Uyo,1620.0,2025-11-08T13:25:29.956114+00:00
85d6776d-585c-457d-b96f-af230dcd390e,SYN-WB-9D9390B307,Kano Terminal,"Lagos, Nigeria","Lagos, Nigeria",Kano Terminal → LAGOS,3600.0,synthetic,72.0,4320.0,2,3,0,0,gear_oil,20000.0,tanker,20000.0,1.0,13.5,29.9,16.4,29.42,114.0,Synthetic Customer - Lagos,4320.0,2025-11-09T02:31:29.956114+00:00
b591207b-bd28-402a-90a2-e22428636031,SYN-WB-E71317819B,Kano Terminal,"Enugu, Nigeria","Enugu, Nigeria",Kano Terminal → ENUGU,2400.0,synthetic,48.0,2880.0,14,6,1,0,liquefied_natural_gas,35000.0,tanker,35000.0,1.0,11.5,40.2,28.7,37.79,420.0,Synthetic Customer - Enugu,2880.0,2026-02-03T14:37:29.956114+00:00
99471a54-fd37-4dbd-b1f7-54d4b6094f8a,SYN-WB-BDD4C02309,Gwagwalada Terminal,"Mubi, Nigeria","Mubi, Nigeria",Gwagwalada Terminal → MUBI,3600.0,synthetic,72.0,4320.0,14,2,0,0,solvent,25000.0,tanker,40000.0,0.625,12.5,33.0,20.5,28.2,189.0,Synthetic Customer - Mubi,4320.0,2025-12-20T14:23:29.956114+00:00
2f8d9f85-5d60-4fcb-b017-03f9b80365d5,SYN-WB-37BA65721D,Kano Terminal,"Sapele, Nigeria","Sapele, Nigeria",Kano Terminal → SAPELE,3600.0,synthetic,72.0,4320.0,14,1,0,0,automotive_gas_oil,20000.0,tanker,20000.0,1.0,12.5,28.9,16.4,35.2,439.0,Synthetic Customer - Sapele,4320.0,2026-01-09T14:11:29.956114+00:00
59b37819-199b-40a9-b9d0-a28ab9df327f,SYN-WB-B8C73A6AC8,PHC Terminal,"Jos, Nigeria","Jos, Nigeria",PHC Terminal → JOS,3600.0,synthetic,72.0,4320.0,1,2,0,0,bitumen_60_70,30000.0,tanker,40000.0,0.75,11.5,36.1,24.6,28.17,397.0,Synthetic Customer - Jos,4320.0,2025-09-20T01:33:29.956114+00:00
d6177afb-663b-466a-a6a2-10f2ee1eaa2c,SYN-WB-E21E68451B,PHC Terminal,"Umuahia, Nigeria","Umuahia, Nigeria",PHC Terminal → UMUAHIA,200.0,synthetic,4.0,240.0,1,2,0,0,bitumen_60_70,35000.0,tanker,40000.0,0.875,11.0,39.7,28.7,35.06,420.0,Synthetic Customer - Umuahia,240.0,2025-12-24T05:18:29.956114+00:00
6a1bfeb1-3cdb-49da-a40e-d182fbeaf7fc,SYN-WB-6967EAA46E,PHC Terminal,"Mowe, Nigeria","Mowe, Nigeria",PHC Terminal → MOWE,1200.0,synthetic,24.0,1440.0,12,3,0,0,cutback_bitumen,20000.0,tanker,20000.0,1.0,11.5,27.9,16.4,26.41,161.0,Synthetic Customer - Mowe,1440.0,2025-12-26T12:11:29.956114+00:00
1b6dfabc-ffd9-408e-9b91-4c7d1c998c1a,SYN-WB-840F163A4A,Sapele Terminal,"Taraba, Nigeria","Taraba, Nigeria",Sapele Terminal → TARABA,3600.0,synthetic,72.0,4320.0,11,5,1,0,bitumen_40_50,35000.0,tanker,40000.0,0.875,11.0,39.7,28.7,25.47,233.0,Synthetic Customer - Taraba,4320.0,2026-07-21T11:45:29.956114+00:00
f55c66bf-76b4-4f72-95b5-73609d19e1ec,SYN-WB-66BECA0DD0,Gwagwalada Terminal,"Osogbo, Nigeria","Osogbo, Nigeria",Gwagwalada Terminal → OSOGBO,3600.0,synthetic,72.0,4320.0,0,4,0,0,dual_purpose_kerosene,20000.0,tanker,40000.0,0.5,13.0,29.4,16.4,28.56,202.0,Synthetic Customer - Osogbo,4320.0,2025-12-08T00:35:29.956114+00:00
05267c9a-c608-419f-b40d-e3d2b429b051,SYN-WB-12C9A2667B,PHC Terminal,"Uyo, Nigeria","Uyo, Nigeria",PHC Terminal → UYO,400.0,synthetic,8.0,480.0,2,5,1,0,aviation_turbine_kerosene,40000.0,tanker,40000.0,1.0,10.5,43.3,32.8,28.98,408.0,Synthetic Customer - Uyo,480.0,2026-03-21T10:42:29.956114+00:00
7b5e1665-97d0-45cd-8ba0-a1df10a0f8ff,SYN-WB-FCD8D228C1,Sapele Terminal,"Zamfara, Nigeria","Zamfara, Nigeria",Sapele Terminal → ZAMFARA,4800.0,synthetic,96.0,5760.0,8,5,1,1,liquefied_natural_gas,20000.0,tanker,20000.0,1.0,11.0,27.4,16.4,30.55,451.0,Synthetic Customer - Zamfara,5760.0,2026-08-12T08:51:29.956114+00:00
b40a16e5-6e48-4dc4-8f1a-28414b7c8d32,SYN-WB-44231F07E7,PHC Terminal,"Osun, Nigeria","Osun, Nigeria",PHC Terminal → OSUN,1200.0,synthetic,24.0,1440.0,11,4,0,0,compressed_natural_gas,25000.0,tanker,35000.0,0.7143,11.0,31.5,20.5,34.24,377.0,Synthetic Customer - Osun,1440.0,2026-02-21T11:54:29.956114+00:00
935c33dc-713b-42b3-b241-975b79fe1fb2,SYN-WB-A475011DE9,Sapele Terminal,"Jos, Nigeria","Jos, Nigeria",Sapele Terminal → JOS,3600.0,synthetic,72.0,4320.0,6,4,0,0,marine_diesel_oil,25000.0,tanker,25000.0,1.0,12.0,32.5,20.5,29.05,367.0,Synthetic Customer - Jos,4320.0,2026-02-02T06:07:29.956114+00:00
2df7c4d8-86a5-4188-b5fa-e185404589da,SYN-WB-778A4D91E0,Sapele Terminal,RIVER,RIVER,Sapele Terminal → RIVER,300.0,synthetic,6.0,360.0,1,0,0,0,liquefied_petroleum_gas,30000.0,tanker,33000.0,0.9091,10.5,35.1,24.6,36.81,410.0,Synthetic Customer - Rivers,360.0,2025-09-22T07:40:29.956114+00:00
5b78eaca-b819-49c2-8d0e-16ed17ef1f81,SYN-WB-49598A95C7,Gwagwalada Terminal,"Mokwa, Nigeria","Mokwa, Nigeria",Gwagwalada Terminal → MOKWA,2400.0,synthetic,48.0,2880.0,11,5,1,0,polymer_modified_bitumen,25000.0,tanker,40000.0,0.625,11.5,32.0,20.5,35.13,383.0,Synthetic Customer - Mokwa,2880.0,2026-06-22T11:10:29.956114+00:00
7f20e29e-118a-4eee-802a-cec3fd375c16,SYN-WB-FB7243D20C,Kano Terminal,"Kaduna, Nigeria","Kaduna, Nigeria",Kano Terminal → KADUNA,300.0,synthetic,6.0,360.0,7,0,0,1,heavy_fuel_oil,20000.0,tanker,20000.0,1.0,12.5,28.9,16.4,29.05,377.0,Synthetic Customer - Kaduna,360.0,2026-06-29T13:40:29.956114+00:00
a970c9e1-e04e-420c-9baa-37e7ea3656e9,SYN-WB-23B86D2690,PHC Terminal,FUTUA,FUTUA,PHC Terminal → FUTUA,3600.0,synthetic,72.0,4320.0,10,5,1,0,natural_gas,20000.0,tanker,40000.0,0.5,12.5,28.9,16.4,27.92,155.0,Synthetic Customer - Futua,4320.0,2026-01-13T10:02:29.956114+00:00
df307276-0ab9-430c-a024-3245517dc014,SYN-WB-7DE6F4354F,PHC Terminal,"Jebba, Nigeria","Jebba, Nigeria",PHC Terminal → JEBBA,2400.0,synthetic,48.0,2880.0,3,4,0,0,gear_oil,30000.0,tanker,35000.0,0.8571,11.5,36.1,24.6,30.84,462.0,Synthetic Customer - Jebba,2880.0,2025-11-16T03:24:29.956114+00:00
f8b6d304-c590-47f6-9562-94e9b18abd97,SYN-WB-12496D33F2,Sapele Terminal,"Jalingo, Nigeria","Jalingo, Nigeria",Sapele Terminal → JALINGO,3600.0,synthetic,72.0,4320.0,4,5,1,0,automotive_gas_oil,25000.0,tanker,33000.0,0.7576,12.0,32.5,20.5,37.06,337.0,Synthetic Customer - Jalingo,4320.0,2026-04-07T04:13:29.956114+00:00
753403f3-6353-4408-8d49-da5f2c543eba,SYN-WB-40BB1BE140,PHC Terminal,"Enugu, Nigeria","Enugu, Nigeria",PHC Terminal → ENUGU,400.0,synthetic,8.0,480.0,4,2,0,0,engine_oil,33000.0,tanker,35000.0,0.9429,11.5,38.56,27.06,31.13,223.0,Synthetic Customer - Enugu,480.0,2026-07-01T12:25:29.956114+00:00
2ff64981-9ae9-47ad-844e-4b8e29fb536f,SYN-WB-690F755F64,Sapele Terminal,"Gombe, Nigeria","Gombe, Nigeria",Sapele Terminal → GOMBE,6000.0,synthetic,120.0,7200.0,1,3,0,0,bitumen_60_70,25000.0,tanker,25000.0,1.0,11.0,31.5,20.5,26.01,461.0,Synthetic Customer - Gombe,7200.0,2026-07-28T01:29:29.956114+00:00
c30fa33a-fe81-4ccb-be70-4e66f64bc37f,SYN-WB-6BD5D33CA4,Sapele Terminal,"Benue, Nigeria","Benue, Nigeria",Sapele Terminal → BENUE,2400.0,synthetic,48.0,2880.0,2,3,0,0,bitumen_80_100,25000.0,tanker,25000.0,1.0,10.5,31.0,20.5,26.17,460.0,Synthetic Customer - Benue,2880.0,2026-07-04T02:55:29.956114+00:00
c8b80035-b2f9-4103-aac0-1404f7e1f885,SYN-WB-16149AA928,Sapele Terminal,AKWAIBOM,"Uyo, Nigeria",Sapele Terminal → AKWAIBOM,1200.0,synthetic,24.0,1440.0,1,2,0,0,hydraulic_oil,33000.0,tanker,33000.0,1.0,13.5,40.56,27.06,29.23,439.0,Synthetic Customer - Uyo,1440.0,2026-01-15T01:26:29.956114+00:00
585feabd-f830-49c7-b9bb-d7e5222ad878,SYN-WB-A17DCF9966,Sapele Terminal,"Osogbo, Nigeria","Osogbo, Nigeria",Sapele Terminal → OSOGBO,1200.0,synthetic,24.0,1440.0,3,4,0,0,base_oil,30000.0,tanker,40000.0,0.75,11.5,36.1,24.6,31.19,368.0,Synthetic Customer - Osogbo,1440.0,2026-01-31T03:31:29.956114+00:00
794d50a7-9652-4c60-aaba-3792e95d6dcd,SYN-WB-98A15CF206,Sapele Terminal,"Aba, Nigeria","Aba, Nigeria",Sapele Terminal → ABA,1200.0,synthetic,24.0,1440.0,3,5,1,0,household_kerosene,20000.0,tanker,20000.0,1.0,13.0,29.4,16.4,36.24,317.0,Synthetic Customer - Aba,1440.0,2025-10-05T03:55:29.956114+00:00
8ccf2615-d158-4650-8152-4af12ef495ea,SYN-WB-282D5DDF46,Gwagwalada Terminal,"Birnin Kebbi, Nigeria","Birnin Kebbi, Nigeria",Gwagwalada Terminal → BIRNIN KEBBI,2400.0,synthetic,48.0,2880.0,9,0,0,1,liquefied_natural_gas,25000.0,tanker,25000.0,1.0,10.5,31.0,20.5,30.7,249.0,Synthetic Customer - Birnin Kebbi,2880.0,2026-06-17T09:36:29.956114+00:00
4e927f62-9d49-4292-940e-ecd745318f10,SYN-WB-511CD58B4B,Sapele Terminal,"Kogi, Nigeria","Kogi, Nigeria",Sapele Terminal → KOGI,1200.0,synthetic,24.0,1440.0,4,4,0,0,premium_motor_spirit,35000.0,tanker,40000.0,0.875,11.5,40.2,28.7,26.51,205.0,Synthetic Customer - Kogi,1440.0,2026-05-02T04:42:29.956114+00:00
007f90dd-4c51-4ada-8794-d171f52615a7,SYN-WB-3483BA7029,Sapele Terminal,"Abeokuta, Nigeria","Abeokuta, Nigeria",Sapele Terminal → ABEOKUTA,1200.0,synthetic,24.0,1440.0,10,5,1,0,liquefied_natural_gas,33000.0,tanker,40000.0,0.825,12.0,39.06,27.06,28.67,201.0,Synthetic Customer - Abeokuta,1440.0,2025-12-07T10:43:29.956114+00:00
62c9c530-ba6c-4f48-b9a5-9fc10c6f0814,SYN-WB-8C462116AB,PHC Terminal,"Jigawa, Nigeria","Jigawa, Nigeria",PHC Terminal → JIGAWA,3600.0,synthetic,72.0,4320.0,14,5,1,0,hydraulic_oil,25000.0,tanker,25000.0,1.0,13.5,34.0,20.5,27.0,155.0,Synthetic Customer - Jigawa,4320.0,2026-08-04T14:48:29.956114+00:00
acb69072-b143-4ac9-a6a0-980217525bb6,SYN-WB-5F73505B71,Sapele Terminal,"Kwara, Nigeria","Kwara, Nigeria",Sapele Terminal → KWARA,2400.0,synthetic,48.0,2880.0,12,6,1,0,premium_motor_spirit,20000.0,tanker,20000.0,1.0,13.0,29.4,16.4,37.23,306.0,Synthetic Customer - Kwara,2880.0,2026-01-27T12:23:29.956114+00:00
321d39b8-ee88-469a-b835-38ac577856ad,SYN-WB-F3BAF98580,Gwagwalada Terminal,"Dutse, Nigeria","Dutse, Nigeria",Gwagwalada Terminal → DUTSE,1200.0,synthetic,24.0,1440.0,13,6,1,0,marine_diesel_oil,20000.0,tanker,30000.0,0.6667,13.5,29.9,16.4,31.31,150.0,Synthetic Customer - Dutse,1440.0,2025-09-08T13:28:29.956114+00:00
e489fcae-b668-4d3a-80e0-bca239441f04,SYN-WB-4800500744,Kano Terminal,"Uyo, Nigeria","Uyo, Nigeria",Kano Terminal → UYO,3600.0,synthetic,72.0,4320.0,1,1,0,0,hydraulic_oil,35000.0,tanker,35000.0,1.0,11.0,39.7,28.7,31.02,490.0,Synthetic Customer - Uyo,4320.0,2026-01-16T01:36:29.956114+00:00
b51c179d-48d2-4d0e-9f5c-f7b5b4950cde,SYN-WB-5A40768D41,Sapele Terminal,"Ebonyi, Nigeria","Ebonyi, Nigeria",Sapele Terminal → EBONYI,1200.0,synthetic,24.0,1440.0,8,0,0,1,natural_gas,30000.0,tanker,40000.0,0.75,12.0,36.6,24.6,31.72,292.0,Synthetic Customer - Ebonyi,1440.0,2026-06-09T08:56:29.956114+00:00
fc1f13e4-8e92-4a93-86df-b77f5db6e337,SYN-WB-27AB4E250F,PHC Terminal,FUTUA,FUTUA,PHC Terminal → FUTUA,3600.0,synthetic,72.0,4320.0,10,6,1,0,base_oil,35000.0,tanker,35000.0,1.0,11.0,39.7,28.7,35.86,115.0,Synthetic Customer - Futua,4320.0,2025-09-24T10:09:29.956114+00:00
a14810f9-e36e-4885-9292-c3b5fc1898ee,SYN-WB-2DE80C8129,PHC Terminal,"Kaduna, Nigeria","Kaduna, Nigeria",PHC Terminal → KADUNA,2400.0,synthetic,48.0,2880.0,2,0,0,0,natural_gas,25000.0,tanker,25000.0,1.0,13.5,34.0,20.5,37.71,457.0,Synthetic Customer - Kaduna,2880.0,2025-12-03T02:53:29.956114+00:00
58a9cf44-1c08-417c-a24b-d23bd57c0f42,SYN-WB-4689D74862,PHC Terminal,"Kano, Nigeria","Kano, Nigeria",PHC Terminal → KANO,3600.0,synthetic,72.0,4320.0,3,4,0,0,hydraulic_oil,20000.0,tanker,20000.0,1.0,11.0,27.4,16.4,32.88,255.0,Synthetic Customer - Kano,4320.0,2025-12-01T03:40:29.956114+00:00
b9459715-186a-412d-a944-2a495948f70a,SYN-WB-B86F8CC3BF,Gwagwalada Terminal,"Gombe, Nigeria","Gombe, Nigeria",Gwagwalada Terminal → GOMBE,2400.0,synthetic,48.0,2880.0,11,1,0,0,base_oil,33000.0,tanker,40000.0,0.825,12.5,39.56,27.06,32.79,474.0,Synthetic Customer - Gombe,2880.0,2026-06-11T11:17:29.956114+00:00
a98c9046-bb9a-49b1-b8e5-0739919aec93,SYN-WB-FDE66CE00D,Gwagwalada Terminal,"Anambra, Nigeria","Anambra, Nigeria",Gwagwalada Terminal → ANAMBRA,1200.0,synthetic,24.0,1440.0,11,2,0,0,marine_diesel_oil,35000.0,tanker,40000.0,0.875,10.5,39.2,28.7,37.48,430.0,Synthetic Customer - Anambra,1440.0,2025-12-18T11:54:29.956114+00:00
684cca9d-6e94-41f8-9bcc-b039bea80c1c,SYN-WB-37CF35B9A1,Kano Terminal,"Mayo-Belwa, Nigeria","Mayo-Belwa, Nigeria",Kano Terminal → MAYO BELWA,2400.0,synthetic,48.0,2880.0,3,4,0,0,natural_gas,25000.0,tanker,25000.0,1.0,12.0,32.5,20.5,34.48,285.0,Synthetic Customer - Mayo-Belwa,2880.0,2025-12-28T03:17:29.956114+00:00
65f8b2b4-8bad-4859-839e-ef3b01bdbaf0,SYN-WB-2A1A6DF954,PHC Terminal,"Sokoto, Nigeria","Sokoto, Nigeria",PHC Terminal → SOKOTO,6000.0,synthetic,120.0,7200.0,10,5,1,0,low_pour_fuel_oil,20000.0,tanker,20000.0,1.0,11.5,27.9,16.4,33.92,274.0,Synthetic Customer - Sokoto,7200.0,2026-07-02T10:17:29.956114+00:00
6fdb8d72-33c0-4dd0-99f7-930b24653ae2,SYN-WB-2B68724581,Sapele Terminal,"Birnin Kebbi, Nigeria","Birnin Kebbi, Nigeria",Sapele Terminal → BIRNIN KEBBI,7200.0,synthetic,144.0,8640.0,3,3,0,0,bitumen_40_50,40000.0,tanker,40000.0,1.0,10.5,43.3,32.8,26.01,496.0,Synthetic Customer - Birnin Kebbi,8640.0,2026-08-12T03:11:29.956114+00:00
e219f457-5cda-43b8-b0f2-3b8f1b262061,SYN-WB-AEEF29115C,Gwagwalada Terminal,"Umuahia, Nigeria","Umuahia, Nigeria",Gwagwalada Terminal → UMUAHIA,2400.0,synthetic,48.0,2880.0,0,1,0,0,anionic_bitumen_emulsion,20000.0,tanker,20000.0,1.0,13.0,29.4,16.4,34.81,226.0,Synthetic Customer - Umuahia,2880.0,2026-05-21T00:48:29.956114+00:00
a548e807-c602-40e4-991d-90fa645d2550,SYN-WB-65047D7AE1,Gwagwalada Terminal,"Aba, Nigeria","Aba, Nigeria",Gwagwalada Terminal → ABA,3600.0,synthetic,72.0,4320.0,2,0,0,0,compressed_natural_gas,25000.0,tanker,30000.0,0.8333,10.5,31.0,20.5,25.39,211.0,Synthetic Customer - Aba,4320.0,2025-12-11T02:58:29.956114+00:00
378653d1-040c-40be-b8b0-6dc926e83581,SYN-WB-FABC6DF7A1,Gwagwalada Terminal,"Lagos, Nigeria","Lagos, Nigeria",Gwagwalada Terminal → LAGOS,3600.0,synthetic,72.0,4320.0,11,1,0,0,premium_motor_spirit,20000.0,tanker,30000.0,0.6667,12.0,28.4,16.4,33.24,357.0,Synthetic Customer - Lagos,4320.0,2025-10-03T11:17:29.956114+00:00
57a36a0e-63ce-4937-93be-e1ab06f42528,SYN-WB-52778C328D,PHC Terminal,AKWAIBOM,AKWAIBOM,PHC Terminal → AKWAIBOM,400.0,synthetic,8.0,480.0,14,5,1,0,marine_diesel_oil,33000.0,tanker,35000.0,0.9429,12.5,39.56,27.06,33.01,163.0,Synthetic Customer - Akwaibom,480.0,2025-11-22T22:08:29.956114+00:00
9165e513-bfe2-42c0-a704-13aa8b660059,SYN-WB-E57D4FD750,PHC Terminal,"Dutse, Nigeria","Dutse, Nigeria",PHC Terminal → DUTSE,4800.0,synthetic,96.0,5760.0,9,6,1,1,dual_purpose_kerosene,30000.0,tanker,40000.0,0.75,12.0,36.6,24.6,36.36,391.0,Synthetic Customer - Dutse,5760.0,2026-07-02T09:09:29.956114+00:00
c0b887f6-2a58-4437-888e-ef4ec25d60f3,SYN-WB-7FB59117A8,Sapele Terminal,OBURARA,OBURARA,Sapele Terminal → OBURARA,2400.0,synthetic,48.0,2880.0,9,5,1,1,low_pour_fuel_oil,25000.0,tanker,40000.0,0.625,10.5,31.0,20.5,31.71,493.0,Synthetic Customer - Oburara,2880.0,2026-07-06T09:10:29.956114+00:00
df6468ba-4a8c-4c57-9cb6-50b6d9b23f17,SYN-WB-E6C0B1FFDA,Gwagwalada Terminal,"Aba, Nigeria","Taraba, Nigeria",Gwagwalada Terminal → ABA,3600.0,synthetic,72.0,4320.0,0,5,1,0,compressed_natural_gas,35000.0,tanker,40000.0,0.875,12.0,40.7,28.7,27.75,124.0,Synthetic Customer - Taraba,4320.0,2026-07-21T00:24:29.956114+00:00
c710460d-a456-440f-8f96-b0b66c7403cf,SYN-WB-E453E7FD94,Gwagwalada Terminal,"Mowe, Nigeria","Mowe, Nigeria",Gwagwalada Terminal → MOWE,2400.0,synthetic,48.0,2880.0,2,4,0,0,polymer_modified_bitumen,25000.0,tanker,35000.0,0.7143,11.5,32.0,20.5,37.33,204.0,Synthetic Customer - Mowe,2880.0,2026-05-03T02:51:29.956114+00:00
e44efab4-a543-40c1-8fe2-c987da90f16a,SYN-WB-738AB3E0C3,PHC Terminal,"Ogun, Nigeria","Ogun, Nigeria",PHC Terminal → OGUN,1200.0,synthetic,24.0,1440.0,5,5,1,0,bitumen_60_70,20000.0,tanker,20000.0,1.0,12.0,28.4,16.4,33.04,186.0,Synthetic Customer - Ogun,1440.0,2026-05-24T05:15:29.956114+00:00
d63d2217-f542-41c6-aa80-81672cfbf966,SYN-WB-585E2CC3E7,PHC Terminal,OBURARA,OBURARA,PHC Terminal → OBURARA,1200.0,synthetic,24.0,1440.0,10,4,0,0,liquefied_petroleum_gas,25000.0,tanker,25000.0,1.0,11.0,31.5,20.5,33.54,176.0,Synthetic Customer - Oburara,1440.0,2026-01-24T10:22:29.956114+00:00
9937477b-5ed2-4fc5-af6b-7b1d54256782,SYN-WB-6E33FC1757,Kano Terminal,"Mayo-Belwa, Nigeria","Mayo-Belwa, Nigeria",Kano Terminal → MAYO BELWA,2400.0,synthetic,48.0,2880.0,6,2,0,0,low_pour_fuel_oil,25000.0,tanker,25000.0,1.0,11.5,32.0,20.5,27.98,127.0,Synthetic Customer - Mayo-Belwa,2880.0,2026-03-20T06:19:29.956114+00:00
f2b67926-a0a7-469e-9a01-b567696c9f27,SYN-WB-E1858713F7,PHC Terminal,"Kano, Nigeria","Kano, Nigeria",PHC Terminal → KANO,3600.0,synthetic,72.0,4320.0,3,3,0,0,cationic_bitumen_emulsion,25000.0,tanker,35000.0,0.7143,12.5,33.0,20.5,25.41,490.0,Synthetic Customer - Kano,4320.0,2026-03-01T03:35:29.956114+00:00
72d3ec78-ffe3-4f96-a8a5-cf9201542c4b,SYN-WB-A0C6318D6E,Sapele Terminal,"Anambra, Nigeria","Anambra, Nigeria",Sapele Terminal → ANAMBRA,1200.0,synthetic,24.0,1440.0,0,4,0,0,low_pour_fuel_oil,33000.0,tanker,33000.0,1.0,12.5,39.56,27.06,28.56,481.0,Synthetic Customer - Anambra,1440.0,2026-02-21T00:19:29.956114+00:00
2221e92e-0fe3-4fac-886a-768b1184148f,SYN-WB-31DF855CE5,Sapele Terminal,"Jos, Nigeria","Jos, Nigeria",Sapele Terminal → JOS,3600.0,synthetic,72.0,4320.0,13,0,0,0,polymer_modified_bitumen,20000.0,tanker,20000.0,1.0,13.5,29.9,16.4,34.34,128.0,Synthetic Customer - Jos,4320.0,2026-03-19T13:43:29.956114+00:00
83990b39-4add-4b0c-85ef-8e6f03aebc52,SYN-WB-30C2C3B672,Kano Terminal,"Gombe, Nigeria","Gombe, Nigeria",Kano Terminal → GOMBE,1200.0,synthetic,24.0,1440.0,1,2,0,0,premium_motor_spirit,20000.0,tanker,20000.0,1.0,12.0,28.4,16.4,35.23,267.0,Synthetic Customer - Gombe,1440.0,2025-10-30T01:25:29.956114+00:00
a96b3d29-9bd6-455f-a3e1-31076a118f3c,SYN-WB-5786FCD687,Sapele Terminal,"Yola, Nigeria","Yola, Nigeria",Sapele Terminal → YOLA,4800.0,synthetic,96.0,5760.0,11,4,0,0,household_kerosene,25000.0,tanker,25000.0,1.0,12.5,33.0,20.5,30.41,139.0,Synthetic Customer - Yola,5760.0,2026-01-06T11:19:29.956114+00:00
ca72db59-60d0-481c-a375-05b99dd3a6d4,SYN-WB-A90473F525,PHC Terminal,"Maiduguri, Nigeria","Maiduguri, Nigeria",PHC Terminal → MAIDUGURI,6000.0,synthetic,120.0,7200.0,6,4,0,0,aviation_turbine_kerosene,30000.0,tanker,35000.0,0.8571,13.0,37.6,24.6,31.75,452.0,Synthetic Customer - Maiduguri,7200.0,2026-07-22T06:28:29.956114+00:00
53e30eda-582b-4a6f-837e-96b58c40ee54,SYN-WB-E31BA81DA6,Gwagwalada Terminal,"Nasarawa, Nigeria","Nasarawa, Nigeria",Gwagwalada Terminal → NASARAWA,300.0,synthetic,6.0,360.0,1,5,1,0,low_pour_fuel_oil,30000.0,tanker,30000.0,1.0,13.0,37.6,24.6,36.55,338.0,Synthetic Customer - Nasarawa,360.0,2025-09-06T07:39:29.956114+00:00
bac997e6-d978-4428-b220-2ba53512faac,SYN-WB-669FBE0D05,PHC Terminal,"Enugu, Nigeria","Enugu, Nigeria",PHC Terminal → ENUGU,400.0,synthetic,8.0,480.0,4,0,0,0,grease,20000.0,tanker,20000.0,1.0,10.5,26.9,16.4,28.46,458.0,Synthetic Customer - Enugu,480.0,2026-04-27T12:00:29.956114+00:00
358c2e1a-92f5-4cae-946f-7d4824a740f6,SYN-WB-D8FA72C66B,PHC Terminal,"Jos, Nigeria","Jos, Nigeria",PHC Terminal → JOS,3600.0,synthetic,72.0,4320.0,9,6,1,1,cutback_bitumen,25000.0,tanker,25000.0,1.0,10.5,31.0,20.5,29.4,287.0,Synthetic Customer - Jos,4320.0,2026-07-22T09:40:29.956114+00:00
3f8d6569-f0a0-453d-9ed4-8fcb1981deb9,SYN-WB-2573179CF9,PHC Terminal,"Osun, Nigeria","Osun, Nigeria",PHC Terminal → OSUN,1200.0,synthetic,24.0,1440.0,11,5,1,0,anionic_bitumen_emulsion,33000.0,tanker,35000.0,0.9429,13.5,40.56,27.06,33.97,396.0,Synthetic Customer - Osun,1440.0,2026-01-11T11:04:29.956114+00:00
4bef42e2-aee9-4661-8326-9f031a36a685,SYN-WB-6574275A16,Kano Terminal,"Gwagwalada, Nigeria","Gwagwalada, Nigeria",Kano Terminal → GWAGWALADA,1200.0,synthetic,24.0,1440.0,4,6,1,0,solvent,35000.0,tanker,35000.0,1.0,13.5,42.2,28.7,31.19,231.0,Synthetic Customer - Gwagwalada,1440.0,2026-03-30T04:09:29.956114+00:00
80170952-bc46-40ea-8703-d00e93155ba3,SYN-WB-9005F752B1,Sapele Terminal,"Minna, Nigeria","Minna, Nigeria",Sapele Terminal → MINNA,3600.0,synthetic,72.0,4320.0,14,1,0,0,compressed_natural_gas,20000.0,tanker,40000.0,0.5,12.0,28.4,16.4,33.91,391.0,Synthetic Customer - Minna,4320.0,2026-07-24T14:57:29.956114+00:00
0c448839-c163-4d52-8dae-61172a880848,SYN-WB-6196E68C81,PHC Terminal,"Jos, Nigeria","Jos, Nigeria",PHC Terminal → JOS,3600.0,synthetic,72.0,4320.0,5,1,0,0,low_pour_fuel_oil,25000.0,tanker,40000.0,0.625,11.5,32.0,20.5,28.64,204.0,Synthetic Customer - Jos,4320.0,2026-05-15T05:47:29.956114+00:00
26097a94-c919-4b66-82bf-5f9a0c8b9673,SYN-WB-C307ED5840,Sapele Terminal,"Kaduna, Nigeria","Kaduna, Nigeria",Sapele Terminal → KADUNA,2400.0,synthetic,48.0,2880.0,7,6,1,1,marine_diesel_oil,20000.0,tanker,33000.0,0.6061,12.0,28.4,16.4,36.18,107.0,Synthetic Customer - Kaduna,2880.0,2026-04-07T07:49:29.956114+00:00
fe7c41a2-b8ed-478c-b1ce-c615bf771067,SYN-WB-2B73B5B4E0,Gwagwalada Terminal,"Bida, Nigeria","Bida, Nigeria",Gwagwalada Terminal → BIDA,1200.0,synthetic,24.0,1440.0,4,1,0,0,hydraulic_oil,30000.0,tanker,30000.0,1.0,11.0,35.6,24.6,29.16,257.0,Synthetic Customer - Bida,1440.0,2025-10-29T04:16:29.956114+00:00
d29b5638-db6c-46e5-9cc2-b74762fd6833,SYN-WB-81A70628E2,Gwagwalada Terminal,"Enugu, Nigeria","Enugu, Nigeria",Gwagwalada Terminal → ENUGU,2400.0,synthetic,48.0,2880.0,10,2,0,0,engine_oil,33000.0,tanker,35000.0,0.9429,11.0,38.06,27.06,26.36,312.0,Synthetic Customer - Enugu,2880.0,2026-07-31T10:46:29.956114+00:00
7e3aa2e1-d62b-493f-a392-e766a0255986,SYN-WB-0FCCFA7049,Sapele Terminal,"Aba, Nigeria","Aba, Nigeria",Sapele Terminal → ABA,1200.0,synthetic,24.0,1440.0,11,4,0,0,transmission_fluid,20000.0,tanker,33000.0,0.6061,10.5,26.9,16.4,26.75,253.0,Synthetic Customer - Aba,1440.0,2026-04-25T11:18:29.956114+00:00
d8ab6194-eacb-4c64-a2e5-95cb236857c6,SYN-WB-8136E87EFE,PHC Terminal,"Bida, Nigeria","Bida, Nigeria",PHC Terminal → BIDA,4800.0,synthetic,96.0,5760.0,9,2,0,1,bitumen_40_50,35000.0,tanker,35000.0,1.0,12.5,41.2,28.7,30.51,292.0,Synthetic Customer - Bida,5760.0,2025-11-16T09:50:29.956114+00:00
500a7f4c-0fec-4279-bb60-2e01e500d87b,SYN-WB-BCD3EEBB9D,Kano Terminal,"Enugu, Nigeria","Enugu, Nigeria",Kano Terminal → ENUGU,2400.0,synthetic,48.0,2880.0,8,3,0,1,anionic_bitumen_emulsion,35000.0,tanker,35000.0,1.0,13.5,42.2,28.7,30.21,137.0,Synthetic Customer - Enugu,2880.0,2026-01-10T08:24:29.956114+00:00
da576a7c-170a-44b5-8b8c-3ca2bc39cf06,SYN-WB-07AD0C7FD4,Sapele Terminal,"Jalingo, Nigeria","Jalingo, Nigeria",Sapele Terminal → JALINGO,3600.0,synthetic,72.0,4320.0,6,1,0,0,engine_oil,35000.0,tanker,40000.0,0.875,11.5,40.2,28.7,26.67,287.0,Synthetic Customer - Jalingo,4320.0,2026-07-31T06:23:29.956114+00:00
252d8c69-be8a-409e-a716-741444c00fdd,SYN-WB-848B02A4AE,Sapele Terminal,"Ebonyi, Nigeria","Ebonyi, Nigeria",Sapele Terminal → EBONYI,1200.0,synthetic,24.0,1440.0,9,6,1,1,cutback_bitumen,20000.0,tanker,20000.0,1.0,11.5,27.9,16.4,32.59,471.0,Synthetic Customer - Ebonyi,1440.0,2026-05-04T09:59:29.956114+00:00
e6cc76c3-88df-4a2a-8ffc-77523cc5f058,SYN-WB-713C1820AC,PHC Terminal,"Mubi, Nigeria","Mubi, Nigeria",PHC Terminal → MUBI,4800.0,synthetic,96.0,5760.0,7,3,0,1,polymer_modified_bitumen,40000.0,tanker,40000.0,1.0,11.5,44.3,32.8,35.61,241.0,Synthetic Customer - Mubi,5760.0,2026-01-19T07:13:29.956114+00:00
780a588d-357c-4e49-9d85-f15a772760a3,SYN-WB-8A71A51BF0,Kano Terminal,"Katsina, Nigeria","Katsina, Nigeria",Kano Terminal → KATSINA,1200.0,synthetic,24.0,1440.0,1,3,0,0,anionic_bitumen_emulsion,20000.0,tanker,20000.0,1.0,12.0,28.4,16.4,31.96,379.0,Synthetic Customer - Katsina,1440.0,2025-12-12T01:57:29.956114+00:00
288cf9d6-e3e0-4a9e-bb4b-65d5ba05c72e,SYN-WB-7DD0487D27,PHC Terminal,"Katsina, Nigeria","Katsina, Nigeria",PHC Terminal → KATSINA,4800.0,synthetic,96.0,5760.0,2,3,0,0,premium_motor_spirit,20000.0,tanker,40000.0,0.5,13.0,29.4,16.4,33.33,478.0,Synthetic Customer - Katsina,5760.0,2025-11-24T02:32:29.956114+00:00
66bfb618-0e06-4098-b8e9-97be1398ce10,SYN-WB-B3E932EBF4,Sapele Terminal,"Aba, Nigeria","Taraba, Nigeria",Sapele Terminal → ABA,1200.0,synthetic,24.0,1440.0,13,4,0,0,grease,20000.0,tanker,20000.0,1.0,12.5,28.9,16.4,28.94,368.0,Synthetic Customer - Taraba,1440.0,2025-11-08T13:38:29.956114+00:00
d75d1db7-5b7a-45d7-a602-5c9b67ee587b,SYN-WB-EC5B23D2C1,Sapele Terminal,"Dutse, Nigeria","Dutse, Nigeria",Sapele Terminal → DUTSE,4800.0,synthetic,96.0,5760.0,14,4,0,0,engine_oil,25000.0,tanker,25000.0,1.0,12.0,32.5,20.5,37.09,143.0,Synthetic Customer - Dutse,5760.0,2026-02-24T14:14:29.956114+00:00
3af60feb-b401-49f3-8994-1e32bf39f994,SYN-WB-44C9855D63,PHC Terminal,"Sapele, Nigeria","Sapele, Nigeria",PHC Terminal → SAPELE,300.0,synthetic,6.0,360.0,1,3,0,0,crumb_rubber_modified_bitumen,20000.0,tanker,20000.0,1.0,11.0,27.4,16.4,37.61,281.0,Synthetic Customer - Sapele,360.0,2026-07-09T07:29:29.956114+00:00
933f696e-f339-4efb-a992-f615bcb3010a,SYN-WB-2C44DEB58D,Gwagwalada Terminal,"Zamfara, Nigeria","Zamfara, Nigeria",Gwagwalada Terminal → ZAMFARA,1200.0,synthetic,24.0,1440.0,7,0,0,1,cutback_bitumen,35000.0,tanker,35000.0,1.0,11.5,40.2,28.7,36.03,162.0,Synthetic Customer - Zamfara,1440.0,2026-02-10T07:14:29.956114+00:00
8673e529-efaf-4308-86da-e705742e06bb,SYN-WB-5F6F1108B9,Kano Terminal,"Yola, Nigeria","Yola, Nigeria",Kano Terminal → YOLA,2400.0,synthetic,48.0,2880.0,9,2,0,1,solvent,25000.0,tanker,25000.0,1.0,12.0,32.5,20.5,36.25,243.0,Synthetic Customer - Yola,2880.0,2026-07-24T09:20:29.956114+00:00
b99926a7-c109-468b-bd43-d9925d2abba0,SYN-WB-D1089CF9BA,PHC Terminal,"Lagos, Nigeria","Lagos, Nigeria",PHC Terminal → LAGOS,1500.0,synthetic,30.0,1800.0,7,3,0,1,crumb_rubber_modified_bitumen,33000.0,tanker,40000.0,0.825,11.5,38.56,27.06,27.01,197.0,Synthetic Customer - Lagos,1800.0,2026-01-09T13:50:29.956114+00:00
f3248c2d-dac2-4b5a-98e4-d44ff4be7bd1,SYN-WB-2737770B8D,Sapele Terminal,"Epe, Nigeria","Epe, Nigeria",Sapele Terminal → EPE,1200.0,synthetic,24.0,1440.0,1,4,0,0,crumb_rubber_modified_bitumen,33000.0,tanker,33000.0,1.0,13.0,40.06,27.06,32.75,276.0,Synthetic Customer - Epe,1440.0,2025-11-08T01:40:29.956114+00:00
914e3f6b-edb9-4971-9950-7743ba416844,SYN-WB-22F531ACDE,Gwagwalada Terminal,"Ogbomoso, Nigeria","Ogbomoso, Nigeria",Gwagwalada Terminal → OGBOMOSO,3600.0,synthetic,72.0,4320.0,8,1,0,1,heavy_fuel_oil,20000.0,tanker,30000.0,0.6667,12.5,28.9,16.4,26.53,256.0,Synthetic Customer - Ogbomoso,4320.0,2025-11-07T08:36:29.956114+00:00
2544c134-c0a1-416d-ba3b-24e47b306629,SYN-WB-5D8822A150,Gwagwalada Terminal,"Biu, Nigeria","Biu, Nigeria",Gwagwalada Terminal → BIU,2400.0,synthetic,48.0,2880.0,13,3,0,0,bitumen_60_70,25000.0,tanker,40000.0,0.625,11.5,32.0,20.5,25.78,321.0,Synthetic Customer - Biu,2880.0,2026-07-04T13:44:29.956114+00:00
1320dd4c-abd1-41d0-bf22-bf91d61d8088,SYN-WB-9ECC255F63,PHC Terminal,"Kaduna, Nigeria","Kaduna, Nigeria",PHC Terminal → KADUNA,2400.0,synthetic,48.0,2880.0,3,2,0,0,compressed_natural_gas,20000.0,tanker,35000.0,0.5714,12.0,28.4,16.4,36.95,412.0,Synthetic Customer - Kaduna,2880.0,2026-04-10T03:56:29.956114+00:00
948da922-53d9-4347-8b19-911212901e4c,SYN-WB-77F6B7AE39,Gwagwalada Terminal,"Jebba, Nigeria","Jebba, Nigeria",Gwagwalada Terminal → JEBBA,2400.0,synthetic,48.0,2880.0,12,1,0,0,natural_gas,20000.0,tanker,40000.0,0.5,12.0,28.4,16.4,37.45,466.0,Synthetic Customer - Jebba,2880.0,2025-08-21T12:27:29.956114+00:00
03f48a7a-e372-45cf-bb5f-6c18442de30f,SYN-WB-D0C98D3814,Sapele Terminal,"Mayo-Belwa, Nigeria","Mayo-Belwa, Nigeria",Sapele Terminal → MAYO BELWA,3600.0,synthetic,72.0,4320.0,3,0,0,0,aviation_turbine_kerosene,25000.0,tanker,40000.0,0.625,11.0,31.5,20.5,33.29,335.0,Synthetic Customer - Mayo-Belwa,4320.0,2025-10-02T03:33:29.956114+00:00
955a2894-147b-4bbf-925f-4ffa651de35e,SYN-WB-0F6FF10C34,Gwagwalada Terminal,"Kontagora, Nigeria","Kontagora, Nigeria",Gwagwalada Terminal → KONTAGORA,1200.0,synthetic,24.0,1440.0,3,0,0,0,polymer_modified_bitumen,20000.0,tanker,20000.0,1.0,11.0,27.4,16.4,26.93,106.0,Synthetic Customer - Kontagora,1440.0,2025-10-21T03:13:29.956114+00:00
28cfd884-dec7-4e32-995f-8f9f280d2c54,SYN-WB-7C510BB6AD,Sapele Terminal,"Jebba, Nigeria","Jebba, Nigeria",Sapele Terminal → JEBBA,2400.0,synthetic,48.0,2880.0,12,5,1,0,automotive_gas_oil,33000.0,tanker,33000.0,1.0,10.5,37.56,27.06,37.07,271.0,Synthetic Customer - Jebba,2880.0,2026-03-09T12:52:29.956114+00:00
c5985af4-e32f-4ada-ad68-4b8bd52952b2,SYN-WB-DFBAC59E2E,PHC Terminal,"Osun, Nigeria","Osun, Nigeria",PHC Terminal → OSUN,1200.0,synthetic,24.0,1440.0,8,4,0,1,liquefied_natural_gas,40000.0,tanker,40000.0,1.0,13.5,46.3,32.8,25.33,174.0,Synthetic Customer - Osun,1440.0,2026-08-15T08:16:29.956114+00:00
e6aa9609-35d1-40d1-b373-e666e7176f67,SYN-WB-2549940344,Gwagwalada Terminal,"Ogbomoso, Nigeria","Ogbomoso, Nigeria",Gwagwalada Terminal → OGBOMOSO,3600.0,synthetic,72.0,4320.0,6,5,1,0,base_oil,30000.0,tanker,30000.0,1.0,11.0,35.6,24.6,35.13,453.0,Synthetic Customer - Ogbomoso,4320.0,2026-03-03T06:05:29.956114+00:00
27fcedc2-8096-4c28-8758-c73b8dcb2128,SYN-WB-32D9CDD059,PHC Terminal,"Anambra, Nigeria","Anambra, Nigeria",PHC Terminal → ANAMBRA,400.0,synthetic,8.0,480.0,8,2,0,1,bitumen_80_100,20000.0,tanker,20000.0,1.0,13.0,29.4,16.4,26.36,383.0,Synthetic Customer - Anambra,480.0,2025-09-17T16:46:29.956114+00:00
2d8076a2-2f08-4d72-b569-4c1a606a8d81,SYN-WB-ACFD7ACCEC,Sapele Terminal,"Jigawa, Nigeria","Jigawa, Nigeria",Sapele Terminal → JIGAWA,4800.0,synthetic,96.0,5760.0,5,6,1,0,compressed_natural_gas,33000.0,tanker,33000.0,1.0,11.0,38.06,27.06,25.68,267.0,Synthetic Customer - Jigawa,5760.0,2026-01-08T05:00:29.956114+00:00
c8376ed3-e1b3-44ec-9815-30f1cea4f6a1,SYN-WB-D026668845,Sapele Terminal,"Dutse, Nigeria","Dutse, Nigeria",Sapele Terminal → DUTSE,4800.0,synthetic,96.0,5760.0,11,0,0,0,household_kerosene,40000.0,tanker,40000.0,1.0,13.0,45.8,32.8,32.9,124.0,Synthetic Customer - Dutse,5760.0,2026-01-23T11:33:29.956114+00:00
8684b9a9-7f94-4e2c-9208-6dea4a327cdd,SYN-WB-3CBAD99595,Gwagwalada Terminal,"Mubi, Nigeria","Mubi, Nigeria",Gwagwalada Terminal → MUBI,3600.0,synthetic,72.0,4320.0,6,4,0,0,crumb_rubber_modified_bitumen,30000.0,tanker,30000.0,1.0,11.0,35.6,24.6,33.81,189.0,Synthetic Customer - Mubi,4320.0,2026-03-16T06:52:29.956114+00:00
235afd09-8e71-4a88-ac3a-01904a05898b,SYN-WB-484875BAB8,Sapele Terminal,"Jos, Nigeria","Jos, Nigeria",Sapele Terminal → JOS,3600.0,synthetic,72.0,4320.0,9,1,0,1,bitumen_40_50,25000.0,tanker,25000.0,1.0,11.5,32.0,20.5,32.97,489.0,Synthetic Customer - Jos,4320.0,2026-02-27T09:19:29.956114+00:00
a213de34-9904-4650-b2ad-4f9aa92cfd8e,SYN-WB-2A16BBD47D,Gwagwalada Terminal,"Enugu, Nigeria","Enugu, Nigeria",Gwagwalada Terminal → ENUGU,2400.0,synthetic,48.0,2880.0,9,1,0,1,compressed_natural_gas,33000.0,tanker,40000.0,0.825,12.5,39.56,27.06,31.65,297.0,Synthetic Customer - Enugu,2880.0,2026-01-08T09:22:29.956114+00:00
c77e135d-f314-4332-b851-37caa50057ad,SYN-WB-A6793942DD,Sapele Terminal,"Bida, Nigeria","Bida, Nigeria",Sapele Terminal → BIDA,4800.0,synthetic,96.0,5760.0,11,2,0,0,paraffin_wax,35000.0,tanker,40000.0,0.875,11.0,39.7,28.7,37.81,374.0,Synthetic Customer - Bida,5760.0,2025-09-21T11:07:29.956114+00:00
b26aa732-1b49-418b-aebf-1dca868266bd,SYN-WB-4BA1BADAAF,Gwagwalada Terminal,"Port Harcourt, Nigeria","Port Harcourt, Nigeria",Gwagwalada Terminal → PHC,3600.0,synthetic,72.0,4320.0,8,5,1,1,household_kerosene,20000.0,tanker,20000.0,1.0,11.5,27.9,16.4,35.42,399.0,Synthetic Customer - Port Harcourt,4320.0,2026-07-07T08:24:29.956114+00:00
19071b91-006d-4a27-bb4f-12aeb9977e05,SYN-WB-08770FAD26,Sapele Terminal,"Sokoto, Nigeria","Sokoto, Nigeria",Sapele Terminal → SOKOTO,6000.0,synthetic,120.0,7200.0,6,5,1,0,bitumen_60_70,35000.0,tanker,40000.0,0.875,11.5,40.2,28.7,26.84,159.0,Synthetic Customer - Sokoto,7200.0,2026-04-30T06:53:29.956114+00:00
2e42601c-d0a6-4eca-9d0d-d20e160a5288,SYN-WB-736F70CB02,PHC Terminal,"Jebba, Nigeria","Jebba, Nigeria",PHC Terminal → JEBBA,2400.0,synthetic,48.0,2880.0,10,4,0,0,automotive_gas_oil,40000.0,tanker,40000.0,1.0,10.5,43.3,32.8,26.61,229.0,Synthetic Customer - Jebba,2880.0,2025-10-12T10:53:29.956114+00:00
3bc8bad3-328f-47b3-a830-dd0fa78bd5f4,SYN-WB-AAF56829B7,Gwagwalada Terminal,"Benue, Nigeria","Benue, Nigeria",Gwagwalada Terminal → BENUE,1200.0,synthetic,24.0,1440.0,11,4,0,0,household_kerosene,30000.0,tanker,35000.0,0.8571,11.0,35.6,24.6,28.78,323.0,Synthetic Customer - Benue,1440.0,2026-04-11T11:34:29.956114+00:00
fc473d6c-8252-4e8e-9858-175bc6b6a95f,SYN-WB-A69788EB02,Sapele Terminal,"Borno, Nigeria","Borno, Nigeria",Sapele Terminal → BORNO,4800.0,synthetic,96.0,5760.0,3,4,0,0,bitumen_40_50,35000.0,tanker,40000.0,0.875,13.0,41.7,28.7,34.29,388.0,Synthetic Customer - Borno,5760.0,2025-12-02T03:11:29.956114+00:00
91b34f7f-3299-47d1-833a-1dadbb449bef,SYN-WB-8D744EB7B0,PHC Terminal,"Sapele, Nigeria","Sapele, Nigeria",PHC Terminal → SAPELE,300.0,synthetic,6.0,360.0,5,3,0,0,compressed_natural_gas,20000.0,tanker,20000.0,1.0,13.5,29.9,16.4,29.66,331.0,Synthetic Customer - Sapele,360.0,2025-11-06T11:13:29.956114+00:00
09a6c808-e1e8-4867-86b4-5fbf874cd043,SYN-WB-FF7BEBB881,Sapele Terminal,RIVERS,RIVER,Sapele Terminal → RIVERS,300.0,synthetic,6.0,360.0,11,4,0,0,marine_diesel_oil,33000.0,tanker,40000.0,0.825,11.5,38.56,27.06,36.91,438.0,Synthetic Customer - Rivers,360.0,2025-10-31T17:19:29.956114+00:00
b8ccf10e-a300-4be1-b2b2-3e833b6fbb9e,SYN-WB-0CA9129990,PHC Terminal,"Kwara, Nigeria","Kwara, Nigeria",PHC Terminal → KWARA,2400.0,synthetic,48.0,2880.0,1,6,1,0,bitumen_40_50,35000.0,tanker,35000.0,1.0,11.5,40.2,28.7,32.19,189.0,Synthetic Customer - Kwara,2880.0,2026-04-21T01:34:29.956114+00:00
b625e019-ff89-4dd9-8e07-ec395ba3b7c9,SYN-WB-A39CD3FF52,PHC Terminal,"Mubi, Nigeria","Mubi, Nigeria",PHC Terminal → MUBI,4800.0,synthetic,96.0,5760.0,4,0,0,0,hydraulic_oil,35000.0,tanker,35000.0,1.0,10.5,39.2,28.7,26.45,119.0,Synthetic Customer - Mubi,5760.0,2026-05-01T04:12:29.956114+00:00
b3a623e9-2667-4972-b982-0c29c2f6a3d2,SYN-WB-8C2BADA34E,Sapele Terminal,"Mayo-Belwa, Nigeria","Mayo-Belwa, Nigeria",Sapele Terminal → MAYO BELWA,3600.0,synthetic,72.0,4320.0,15,5,1,0,polymer_modified_bitumen,25000.0,tanker,25000.0,1.0,12.0,32.5,20.5,27.28,240.0,Synthetic Customer - Mayo-Belwa,4320.0,2026-02-03T15:09:29.956114+00:00
7484e59e-bed8-49e9-9eef-9bd35179f9bb,SYN-WB-12780271AE,Kano Terminal,"Bauchi, Nigeria","Bauchi, Nigeria",Kano Terminal → BAUCHI,500.0,synthetic,10.0,600.0,8,1,0,1,hydraulic_oil,20000.0,tanker,20000.0,1.0,13.5,29.9,16.4,32.0,443.0,Synthetic Customer - Bauchi,600.0,2026-08-11T18:36:29.956114+00:00
c2f38d86-089f-416f-986c-28f0ec03cff9,SYN-WB-B11FDEB8BF,PHC Terminal,"Osun, Nigeria","Osun, Nigeria",PHC Terminal → OSUN,1200.0,synthetic,24.0,1440.0,2,1,0,0,polymer_modified_bitumen,25000.0,tanker,25000.0,1.0,12.5,33.0,20.5,28.79,100.0,Synthetic Customer - Osun,1440.0,2026-04-08T02:08:29.956114+00:00
e4c8426c-b790-4ebc-990e-7a633a2cfb3b,SYN-WB-3FF0BF2543,Gwagwalada Terminal,"Kaduna, Nigeria","Kaduna, Nigeria",Gwagwalada Terminal → KADUNA,300.0,synthetic,6.0,360.0,13,2,0,0,polymer_modified_bitumen,35000.0,tanker,40000.0,0.875,13.5,42.2,28.7,27.17,160.0,Synthetic Customer - Kaduna,360.0,2026-06-24T19:05:29.956114+00:00
96f0bfc3-e455-4a40-ac25-a12a4d040884,SYN-WB-97194A5948,PHC Terminal,"Osogbo, Nigeria","Osogbo, Nigeria",PHC Terminal → OSOGBO,1200.0,synthetic,24.0,1440.0,1,5,1,0,transmission_fluid,20000.0,tanker,20000.0,1.0,13.0,29.4,16.4,36.37,366.0,Synthetic Customer - Osogbo,1440.0,2026-01-11T01:25:29.956114+00:00
db00b6bb-ec4c-4d67-9fe5-c78c81520128,SYN-WB-AA06D8283B,PHC Terminal,"Ado-Ekiti, Nigeria","Ado-Ekiti, Nigeria",PHC Terminal → ADO-EKITI,1550.0,synthetic,31.0,1860.0,3,1,0,0,polymer_modified_bitumen,25000.0,tanker,25000.0,1.0,11.5,32.0,20.5,34.64,409.0,Synthetic Customer - Ado-Ekiti,1860.0,2025-12-24T10:12:29.956114+00:00
678d2add-18b9-4f28-9f5f-bda1981c075a,SYN-WB-5C5D773643,Sapele Terminal,"Kaduna, Nigeria","Kaduna, Nigeria",Sapele Terminal → KADUNA,2400.0,synthetic,48.0,2880.0,2,2,0,0,bitumen_40_50,30000.0,tanker,40000.0,0.75,11.5,36.1,24.6,30.65,248.0,Synthetic Customer - Kaduna,2880.0,2026-05-01T02:14:29.956114+00:00
fbe199bd-1c3e-454b-9a87-00a23b17c451,SYN-WB-D834C7EAD7,PHC Terminal,"Biu, Nigeria","Biu, Nigeria",PHC Terminal → BIU,3600.0,synthetic,72.0,4320.0,5,6,1,0,transmission_fluid,35000.0,tanker,40000.0,0.875,13.5,42.2,28.7,26.71,283.0,Synthetic Customer - Biu,4320.0,2025-08-20T05:10:29.956114+00:00
83e730d1-3a61-4aa9-a284-fc3348b6b8be,SYN-WB-1D46FD0FBA,Gwagwalada Terminal,"Gusau, Nigeria","Gusau, Nigeria",Gwagwalada Terminal → GUSAU,1200.0,synthetic,24.0,1440.0,13,6,1,0,polymer_modified_bitumen,25000.0,tanker,40000.0,0.625,12.0,32.5,20.5,36.1,214.0,Synthetic Customer - Gusau,1440.0,2026-08-10T13:34:29.956114+00:00
6bd7c8cd-84b5-47a4-8a00-cdce9b7bb55f,SYN-WB-A0593603DD,Sapele Terminal,"Ondo, Nigeria","Ondo, Nigeria",Sapele Terminal → ONDO,300.0,synthetic,6.0,360.0,1,6,1,0,base_oil,33000.0,tanker,33000.0,1.0,11.5,38.56,27.06,35.04,434.0,Synthetic Customer - Ondo,360.0,2025-12-14T07:54:29.956114+00:00
f2acc9e9-f4da-4e27-8a19-b175a7da7961,SYN-WB-0250A6F543,PHC Terminal,"Jalingo, Nigeria","Jalingo, Nigeria",PHC Terminal → JALINGO,3600.0,synthetic,72.0,4320.0,12,1,0,0,automotive_gas_oil,20000.0,tanker,20000.0,1.0,13.0,29.4,16.4,33.61,348.0,Synthetic Customer - Jalingo,4320.0,2025-11-07T12:43:29.956114+00:00
03c453fc-9e30-42a7-8070-a3030b1e8872,SYN-WB-801816B07B,Sapele Terminal,"Kwara, Nigeria","Kwara, Nigeria",Sapele Terminal → KWARA,2400.0,synthetic,48.0,2880.0,12,6,1,0,compressed_natural_gas,20000.0,tanker,20000.0,1.0,10.5,26.9,16.4,34.11,377.0,Synthetic Customer - Kwara,2880.0,2025-08-19T12:25:29.956114+00:00
97a96f70-afae-4fc6-86f0-3fc37cf22045,SYN-WB-EFF4E055A9,Gwagwalada Terminal,"Mayo-Belwa, Nigeria","Mayo-Belwa, Nigeria",Gwagwalada Terminal → MAYO BELWA,2400.0,synthetic,48.0,2880.0,4,0,0,0,automotive_gas_oil,30000.0,tanker,30000.0,1.0,12.0,36.6,24.6,27.9,437.0,Synthetic Customer - Mayo-Belwa,2880.0,2026-04-15T04:54:29.956114+00:00
916e693f-69d6-4e11-b333-ad2b85ca762b,SYN-WB-99E507BF13,Sapele Terminal,RIVER,RIVER,Sapele Terminal → RIVER,300.0,synthetic,6.0,360.0,8,5,1,1,anionic_bitumen_emulsion,25000.0,tanker,25000.0,1.0,12.0,32.5,20.5,36.93,368.0,Synthetic Customer - Rivers,360.0,2026-01-03T14:18:29.956114+00:00
fa41a312-1a22-4f4d-9448-07f38270ebb4,SYN-WB-2F9E489D4A,Kano Terminal,"Zamfara, Nigeria","Zamfara, Nigeria",Kano Terminal → ZAMFARA,1200.0,synthetic,24.0,1440.0,6,1,0,0,liquefied_natural_gas,33000.0,tanker,35000.0,0.9429,12.0,39.06,27.06,34.49,369.0,Synthetic Customer - Zamfara,1440.0,2026-08-12T06:19:29.956114+00:00
13b7eb58-770b-41f3-9ea1-4d63665b80ed,SYN-WB-A6E354A5A1,Kano Terminal,"Anambra, Nigeria","Anambra, Nigeria",Kano Terminal → ANAMBRA,3600.0,synthetic,72.0,4320.0,0,0,0,0,premium_motor_spirit,20000.0,tanker,20000.0,1.0,11.0,27.4,16.4,31.92,434.0,Synthetic Customer - Anambra,4320.0,2025-08-28T00:53:29.956114+00:00
56f0133f-d016-464e-a803-5107ae602ae4,SYN-WB-9C784D11E8,Kano Terminal,"Port Harcourt, Nigeria","Port Harcourt, Nigeria",Kano Terminal → PHC,4800.0,synthetic,96.0,5760.0,8,4,0,1,polymer_modified_bitumen,20000.0,tanker,20000.0,1.0,10.5,26.9,16.4,25.7,370.0,Synthetic Customer - Port Harcourt,5760.0,2026-01-06T08:37:29.956114+00:00
b00d56f3-9fa7-43a3-b6e8-68d3586532fb,SYN-WB-3AA4BCC3DF,Sapele Terminal,"Maiduguri, Nigeria","Maiduguri, Nigeria",Sapele Terminal → MAIDUGURI,6000.0,synthetic,120.0,7200.0,3,2,0,0,solvent,20000.0,tanker,20000.0,1.0,12.5,28.9,16.4,34.83,252.0,Synthetic Customer - Maiduguri,7200.0,2025-10-20T03:22:29.956114+00:00
a22ccf20-6fef-49cf-acaf-fc4c54fde981,SYN-WB-7913501D13,Gwagwalada Terminal,"Mokwa, Nigeria","Mokwa, Nigeria",Gwagwalada Terminal → MOKWA,2400.0,synthetic,48.0,2880.0,3,2,0,0,natural_gas,20000.0,tanker,20000.0,1.0,12.5,28.9,16.4,31.04,374.0,Synthetic Customer - Mokwa,2880.0,2025-09-19T03:09:29.956114+00:00
71813c43-a9fc-47b0-9459-0c7747dea759,SYN-WB-44E3863C77,Gwagwalada Terminal,"Bauchi, Nigeria","Bauchi, Nigeria",Gwagwalada Terminal → BAUCHI,1200.0,synthetic,24.0,1440.0,7,4,0,1,compressed_natural_gas,30000.0,tanker,30000.0,1.0,12.5,37.1,24.6,26.76,103.0,Synthetic Customer - Bauchi,1440.0,2026-01-17T07:57:29.956114+00:00
87b6db10-43b1-400d-a35d-edeb3b8c7c63,SYN-WB-B7B8D0A539,Gwagwalada Terminal,FUTUA,FUTUA,Gwagwalada Terminal → FUTUA,1200.0,synthetic,24.0,1440.0,9,0,0,1,marine_diesel_oil,35000.0,tanker,35000.0,1.0,10.5,39.2,28.7,32.65,103.0,Synthetic Customer - Futua,1440.0,2026-02-24T09:01:29.956114+00:00
f823503b-175e-4d9c-8508-235f97240ef6,SYN-WB-84F26E5534,Kano Terminal,"Yola, Nigeria","Yola, Nigeria",Kano Terminal → YOLA,2400.0,synthetic,48.0,2880.0,6,4,0,0,grease,33000.0,tanker,35000.0,0.9429,12.0,39.06,27.06,28.04,430.0,Synthetic Customer - Yola,2880.0,2026-03-15T06:52:29.956114+00:00
df5b4f02-a9e7-42c4-aa80-3ad6d25f6cdf,SYN-WB-F6B3C8DFD8,Kano Terminal,"Biu, Nigeria","Biu, Nigeria",Kano Terminal → BIU,1200.0,synthetic,24.0,1440.0,3,1,0,0,crumb_rubber_modified_bitumen,25000.0,tanker,25000.0,1.0,11.5,32.0,20.5,32.88,233.0,Synthetic Customer - Biu,1440.0,2026-05-13T03:09:29.956114+00:00
856966b2-7ea5-441f-83a9-929a3b02ea94,SYN-WB-F642C61853,Sapele Terminal,"Ekiti, Nigeria","Ado-Ekiti, Nigeria",Sapele Terminal → EKITI,1300.0,synthetic,26.0,1560.0,14,4,0,0,heavy_fuel_oil,30000.0,tanker,40000.0,0.75,13.0,37.6,24.6,27.22,422.0,Synthetic Customer - Ado-Ekiti,1560.0,2026-07-18T16:01:29.956114+00:00
33674ce2-ab67-4f53-9897-39441b063297,SYN-WB-88FAC21AA7,Sapele Terminal,"Ondo, Nigeria","Ondo, Nigeria",Sapele Terminal → ONDO,300.0,synthetic,6.0,360.0,4,0,0,0,dual_purpose_kerosene,33000.0,tanker,33000.0,1.0,13.5,40.56,27.06,29.68,321.0,Synthetic Customer - Ondo,360.0,2026-01-12T10:16:29.956114+00:00
4e6cf69d-4da5-4f9a-beea-add04e1d1ebd,SYN-WB-0274675CC8,PHC Terminal,"Jos, Nigeria","Jos, Nigeria",PHC Terminal → JOS,3600.0,synthetic,72.0,4320.0,4,1,0,0,engine_oil,35000.0,tanker,35000.0,1.0,10.5,39.2,28.7,25.24,139.0,Synthetic Customer - Jos,4320.0,2026-08-14T04:41:29.956114+00:00
3b915e6a-8f6f-4958-a200-2679cdb9b96f,SYN-WB-CBD33C5677,PHC Terminal,"Talata Mafara, Nigeria","Talata Mafara, Nigeria",PHC Terminal → TALATA MAFARA,6000.0,synthetic,120.0,7200.0,5,3,0,0,low_pour_fuel_oil,20000.0,tanker,20000.0,1.0,12.5,28.9,16.4,37.28,149.0,Synthetic Customer - Talata Mafara,7200.0,2026-03-03T05:48:29.956114+00:00
f84cde13-9640-4256-b4d0-cf63005a9750,SYN-WB-EA324A6555,Kano Terminal,"Maiduguri, Nigeria","Maiduguri, Nigeria",Kano Terminal → MAIDUGURI,1200.0,synthetic,24.0,1440.0,6,2,0,0,bitumen_60_70,20000.0,tanker,20000.0,1.0,12.0,28.4,16.4,31.0,187.0,Synthetic Customer - Maiduguri,1440.0,2026-07-23T06:29:29.956114+00:00
ed03a38f-79c9-4d3d-8722-54a941c02eb6,SYN-WB-0529094096,PHC Terminal,"Kwara, Nigeria","Kwara, Nigeria",PHC Terminal → KWARA,2400.0,synthetic,48.0,2880.0,5,3,0,0,crumb_rubber_modified_bitumen,20000.0,tanker,20000.0,1.0,12.0,28.4,16.4,31.61,448.0,Synthetic Customer - Kwara,2880.0,2025-11-22T05:38:29.956114+00:00
22d0a1c4-d868-4e3b-9a21-c5e89b8cc62c,SYN-WB-A2E4FB0BC7,Sapele Terminal,"Imo, Nigeria","Imo, Nigeria",Sapele Terminal → IMO,1200.0,synthetic,24.0,1440.0,2,1,0,0,grease,35000.0,tanker,40000.0,0.875,13.0,41.7,28.7,28.69,318.0,Synthetic Customer - Imo,1440.0,2025-11-05T02:41:29.956114+00:00
3b0b5740-48fd-4498-8c52-8a29c16ae984,SYN-WB-A799F0C1A0,PHC Terminal,"Damaturu, Nigeria","Damaturu, Nigeria",PHC Terminal → DAMATURU,6000.0,synthetic,120.0,7200.0,11,6,1,0,natural_gas,35000.0,tanker,35000.0,1.0,13.5,42.2,28.7,31.6,187.0,Synthetic Customer - Damaturu,7200.0,2025-12-12T11:53:29.956114+00:00
38c325ee-1784-42c3-9fdd-7c880a500a06,SYN-WB-26A1CD81A4,Gwagwalada Terminal,"Jebba, Nigeria","Jebba, Nigeria",Gwagwalada Terminal → JEBBA,2400.0,synthetic,48.0,2880.0,9,1,0,1,bitumen_60_70,25000.0,tanker,30000.0,0.8333,11.0,31.5,20.5,37.99,283.0,Synthetic Customer - Jebba,2880.0,2025-11-06T09:41:29.956114+00:00
74d932d9-4158-40f5-8f87-825d27d6664c,SYN-WB-36200495F1,Sapele Terminal,"Gombe, Nigeria","Gombe, Nigeria",Sapele Terminal → GOMBE,6000.0,synthetic,120.0,7200.0,8,1,0,1,bitumen_80_100,40000.0,tanker,40000.0,1.0,13.5,46.3,32.8,26.58,446.0,Synthetic Customer - Gombe,7200.0,2026-08-16T08:19:29.956114+00:00
bdd1b7f5-eaa1-496d-b1a8-c323dc24c871,SYN-WB-C4BCDCE123,Sapele Terminal,OBURARA,OBURARA,Sapele Terminal → OBURARA,2400.0,synthetic,48.0,2880.0,11,4,0,0,natural_gas,25000.0,tanker,25000.0,1.0,12.5,33.0,20.5,29.22,204.0,Synthetic Customer - Oburara,2880.0,2026-03-01T11:34:29.956114+00:00
87ac692a-4e6a-445a-b1c0-30e3a943ca94,SYN-WB-0106B6CDE8,PHC Terminal,"Kano, Nigeria","Kano, Nigeria",PHC Terminal → KANO,3600.0,synthetic,72.0,4320.0,13,2,0,0,aviation_turbine_kerosene,20000.0,tanker,20000.0,1.0,13.5,29.9,16.4,26.19,394.0,Synthetic Customer - Kano,4320.0,2026-05-23T13:34:29.956114+00:00
a68368c5-e582-438d-9cd1-57743f6111f7,SYN-WB-37787C3C33,PHC Terminal,"Jalingo, Nigeria","Jalingo, Nigeria",PHC Terminal → JALINGO,3600.0,synthetic,72.0,4320.0,12,1,0,0,natural_gas,20000.0,tanker,20000.0,1.0,13.0,29.4,16.4,36.4,230.0,Synthetic Customer - Jalingo,4320.0,2025-12-05T12:14:29.956114+00:00
c1c75606-0a96-4a4d-9aa3-15141ad8ae95,SYN-WB-12278CA950,Gwagwalada Terminal,"Kontagora, Nigeria","Kontagora, Nigeria",Gwagwalada Terminal → KONTAGORA,1200.0,synthetic,24.0,1440.0,1,0,0,0,hydraulic_oil,33000.0,tanker,40000.0,0.825,13.0,40.06,27.06,36.21,111.0,Synthetic Customer - Kontagora,1440.0,2026-01-06T01:24:29.956114+00:00
58f6548c-274c-4b86-88a1-d0c95dcb29fc,SYN-WB-DEAB0EF3C8,PHC Terminal,"Abuja, Nigeria","Abuja, Nigeria",PHC Terminal → ABUJA,2400.0,synthetic,48.0,2880.0,6,2,0,0,bitumen_40_50,20000.0,tanker,20000.0,1.0,12.5,28.9,16.4,35.8,231.0,Synthetic Customer - Abuja,2880.0,2026-01-16T06:38:29.956114+00:00
877ea23d-2a35-44e5-8efd-bb452ff00290,SYN-WB-8C91CFA353,Sapele Terminal,"Ogun, Nigeria","Ogun, Nigeria",Sapele Terminal → OGUN,1200.0,synthetic,24.0,1440.0,6,3,0,0,grease,25000.0,tanker,25000.0,1.0,11.0,31.5,20.5,32.41,473.0,Synthetic Customer - Ogun,1440.0,2026-03-27T06:08:29.956114+00:00
732b46c5-49aa-49e5-896c-98fc63677856,SYN-WB-62E409CE41,Sapele Terminal,"Anambra, Nigeria","Anambra, Nigeria",Sapele Terminal → ANAMBRA,1200.0,synthetic,24.0,1440.0,11,1,0,0,heavy_fuel_oil,25000.0,tanker,25000.0,1.0,10.5,31.0,20.5,31.22,491.0,Synthetic Customer - Anambra,1440.0,2026-08-12T11:52:29.956114+00:00
363c1630-22f5-4786-9562-6105f09bc9cb,SYN-WB-7755543101,PHC Terminal,"Mokwa, Nigeria","Mokwa, Nigeria",PHC Terminal → MOKWA,4800.0,synthetic,96.0,5760.0,11,0,0,0,cationic_bitumen_emulsion,35000.0,tanker,35000.0,1.0,10.5,39.2,28.7,30.17,400.0,Synthetic Customer - Mokwa,5760.0,2026-06-12T11:11:29.956114+00:00
d8fabb57-94c7-4045-829b-c7069ec85cf7,SYN-WB-4877798EE6,Sapele Terminal,"Ilorin, Nigeria","Ilorin, Nigeria",Sapele Terminal → ILORIN,1450.0,synthetic,29.0,1740.0,12,3,0,0,automotive_gas_oil,25000.0,tanker,33000.0,0.7576,11.5,32.0,20.5,30.6,259.0,Synthetic Customer - Ilorin,1740.0,2026-05-29T17:32:29.956114+00:00
4b0f0349-62d4-445f-89d9-491ffe9e7816,SYN-WB-DD8CA87A13,Gwagwalada Terminal,"Yola, Nigeria","Yola, Nigeria",Gwagwalada Terminal → YOLA,2400.0,synthetic,48.0,2880.0,9,6,1,1,aviation_turbine_kerosene,30000.0,tanker,30000.0,1.0,12.0,36.6,24.6,34.77,492.0,Synthetic Customer - Yola,2880.0,2025-10-14T09:50:29.956114+00:00
d2f3ba7d-f2e8-4f95-8568-b2a3d66bec7c,SYN-WB-C45F9BFBCE,Sapele Terminal,"Bida, Nigeria","Bida, Nigeria",Sapele Terminal → BIDA,4800.0,synthetic,96.0,5760.0,5,1,0,0,anionic_bitumen_emulsion,33000.0,tanker,40000.0,0.825,11.0,38.06,27.06,27.24,255.0,Synthetic Customer - Bida,5760.0,2026-02-14T05:28:29.956114+00:00
e70712a1-6e11-48fa-89c6-4aff27384319,SYN-WB-39575C47A7,Sapele Terminal,"Calabar, Nigeria","Calabar, Nigeria",Sapele Terminal → CALABAR,2400.0,synthetic,48.0,2880.0,5,2,0,0,natural_gas,25000.0,tanker,25000.0,1.0,13.5,34.0,20.5,31.66,111.0,Synthetic Customer - Calabar,2880.0,2026-03-06T05:08:29.956114+00:00
12dd8372-2a76-4f61-a088-d43617c3ae98,SYN-WB-0EA9F0498D,PHC Terminal,"Bauchi, Nigeria","Bauchi, Nigeria",PHC Terminal → BAUCHI,2400.0,synthetic,48.0,2880.0,10,2,0,0,grease,25000.0,tanker,40000.0,0.625,11.5,32.0,20.5,28.71,297.0,Synthetic Customer - Bauchi,2880.0,2026-04-17T10:17:29.956114+00:00
3c05e9fa-79e7-44b6-9266-081b23243ee2,SYN-WB-494B749900,Gwagwalada Terminal,"Dutse, Nigeria","Dutse, Nigeria",Gwagwalada Terminal → DUTSE,1200.0,synthetic,24.0,1440.0,3,4,0,0,liquefied_natural_gas,35000.0,tanker,40000.0,0.875,11.0,39.7,28.7,34.48,471.0,Synthetic Customer - Dutse,1440.0,2026-05-09T03:25:29.956114+00:00
9161a8ee-1b32-46ae-9c1d-21d5027463dc,SYN-WB-1D1A857F6D,Sapele Terminal,"Sokoto, Nigeria","Sokoto, Nigeria",Sapele Terminal → SOKOTO,6000.0,synthetic,120.0,7200.0,2,0,0,0,solvent,40000.0,tanker,40000.0,1.0,12.0,44.8,32.8,33.28,459.0,Synthetic Customer - Sokoto,7200.0,2025-09-06T02:11:29.956114+00:00
400a119b-4f50-4b0b-86c5-f9755d955f8c,SYN-WB-CAF1A3A4C3,Sapele Terminal,"Calabar, Nigeria","Calabar, Nigeria",Sapele Terminal → CALABAR,2400.0,synthetic,48.0,2880.0,6,6,1,0,liquefied_natural_gas,35000.0,tanker,40000.0,0.875,10.5,39.2,28.7,34.94,243.0,Synthetic Customer - Calabar,2880.0,2025-11-25T06:09:29.956114+00:00
1bbb0bb2-67e4-424d-9287-a529e05d7424,SYN-WB-EDC31429FC,Sapele Terminal,"Kogi, Nigeria","Kogi, Nigeria",Sapele Terminal → KOGI,1200.0,synthetic,24.0,1440.0,8,6,1,1,household_kerosene,33000.0,tanker,33000.0,1.0,11.0,38.06,27.06,27.98,351.0,Synthetic Customer - Kogi,1440.0,2026-01-12T08:24:29.956114+00:00
af944176-d28c-4ee8-adca-0a7c8126a30f,SYN-WB-F71422DD67,Kano Terminal,FUTUA,FUTUA,Kano Terminal → FUTUA,300.0,synthetic,6.0,360.0,0,5,1,0,gear_oil,20000.0,tanker,20000.0,1.0,13.5,29.9,16.4,37.86,500.0,Synthetic Customer - Futua,360.0,2026-04-18T06:38:29.956114+00:00
82512890-fb24-4989-9748-08dee0ce8c99,SYN-WB-562563F740,Gwagwalada Terminal,"Jalingo, Nigeria","Jalingo, Nigeria",Gwagwalada Terminal → JALINGO,2400.0,synthetic,48.0,2880.0,3,2,0,0,engine_oil,30000.0,tanker,30000.0,1.0,10.5,35.1,24.6,30.8,470.0,Synthetic Customer - Jalingo,2880.0,2025-10-10T03:19:29.956114+00:00
dda57003-ff36-414f-9bd2-ab7c3f89f34d,SYN-WB-B6E2BFF4A2,Gwagwalada Terminal,"Jebba, Nigeria","Jebba, Nigeria",Gwagwalada Terminal → JEBBA,2400.0,synthetic,48.0,2880.0,11,2,0,0,gear_oil,20000.0,tanker,20000.0,1.0,11.0,27.4,16.4,37.59,396.0,Synthetic Customer - Jebba,2880.0,2026-05-29T11:45:29.956114+00:00
084d91a7-0ff5-4e5c-922b-1701d875c61e,SYN-WB-DF527785D4,Gwagwalada Terminal,"Zamfara, Nigeria","Zamfara, Nigeria",Gwagwalada Terminal → ZAMFARA,1200.0,synthetic,24.0,1440.0,15,1,0,0,paraffin_wax,40000.0,tanker,40000.0,1.0,11.5,44.3,32.8,30.46,130.0,Synthetic Customer - Zamfara,1440.0,2026-02-25T15:18:29.956114+00:00
c2a579f4-d9b0-4932-bc4c-404619de113b,SYN-WB-607BC06214,Sapele Terminal,"Imo, Nigeria","Imo, Nigeria",Sapele Terminal → IMO,1200.0,synthetic,24.0,1440.0,7,3,0,1,heavy_fuel_oil,33000.0,tanker,33000.0,1.0,12.5,39.56,27.06,27.71,243.0,Synthetic Customer - Imo,1440.0,2026-01-02T07:55:29.956114+00:00
1acae9e8-bd83-4745-afb5-f08939ae2441,SYN-WB-57A55108B1,Sapele Terminal,"Damaturu, Nigeria","Damaturu, Nigeria",Sapele Terminal → DAMATURU,6000.0,synthetic,120.0,7200.0,13,0,0,0,base_oil,33000.0,tanker,40000.0,0.825,11.0,38.06,27.06,31.5,123.0,Synthetic Customer - Damaturu,7200.0,2026-02-28T13:30:29.956114+00:00
600ebe4a-f290-4ee5-8de4-100c971fc595,SYN-WB-EAAEBB87B7,PHC Terminal,YENOGOA,YENOGOA,PHC Terminal → YENOGOA,250.0,synthetic,5.0,300.0,1,4,0,0,dual_purpose_kerosene,20000.0,tanker,20000.0,1.0,12.5,28.9,16.4,25.29,375.0,Synthetic Customer - Yenagoa,300.0,2026-01-30T06:58:29.956114+00:00
09a99017-76bf-4b1c-bbb9-f6000a5484e6,SYN-WB-349B52E64D,Sapele Terminal,"Uyo, Nigeria","Uyo, Nigeria",Sapele Terminal → UYO,1350.0,synthetic,27.0,1620.0,8,4,0,1,base_oil,25000.0,tanker,25000.0,1.0,11.0,31.5,20.5,27.65,245.0,Synthetic Customer - Uyo,1620.0,2025-09-06T11:50:29.956114+00:00
0b42da89-86f9-4072-897f-9cd5212408c8,SYN-WB-D9FAA0D65F,Kano Terminal,"Yola, Nigeria","Yola, Nigeria",Kano Terminal → YOLA,2400.0,synthetic,48.0,2880.0,2,1,0,0,automotive_gas_oil,30000.0,tanker,35000.0,0.8571,12.0,36.6,24.6,26.58,399.0,Synthetic Customer - Yola,2880.0,2026-07-16T02:35:29.956114+00:00
5c9cd274-ce62-40d6-81f5-e40ffac09e90,SYN-WB-6A0E2EA53B,Gwagwalada Terminal,"Gombe, Nigeria","Gombe, Nigeria",Gwagwalada Terminal → GOMBE,2400.0,synthetic,48.0,2880.0,10,0,0,0,heavy_fuel_oil,35000.0,tanker,35000.0,1.0,12.0,40.7,28.7,28.01,131.0,Synthetic Customer - Gombe,2880.0,2026-06-10T10:54:29.956114+00:00
97ab3b91-2067-4cb5-93d0-9e5ea1809333,SYN-WB-2C956D3D2A,Gwagwalada Terminal,"Jalingo, Nigeria","Jalingo, Nigeria",Gwagwalada Terminal → JALINGO,2400.0,synthetic,48.0,2880.0,4,1,0,0,marine_diesel_oil,35000.0,tanker,40000.0,0.875,12.0,40.7,28.7,35.45,269.0,Synthetic Customer - Jalingo,2880.0,2026-04-02T04:10:29.956114+00:00
49f5f5ab-c0d4-4244-aea5-d0dc4c790a28,SYN-WB-26C963F2A3,PHC Terminal,"Biu, Nigeria","Biu, Nigeria",PHC Terminal → BIU,3600.0,synthetic,72.0,4320.0,13,3,0,0,compressed_natural_gas,35000.0,tanker,35000.0,1.0,13.0,41.7,28.7,27.45,364.0,Synthetic Customer - Biu,4320.0,2026-02-01T13:48:29.956114+00:00
c866a079-3891-4414-8170-d5fe51b6a2d3,SYN-WB-2E688E7059,Gwagwalada Terminal,"Minna, Nigeria","Minna, Nigeria",Gwagwalada Terminal → MINNA,300.0,synthetic,6.0,360.0,7,1,0,1,crumb_rubber_modified_bitumen,25000.0,tanker,25000.0,1.0,12.0,32.5,20.5,27.42,356.0,Synthetic Customer - Minna,360.0,2026-07-14T13:00:29.956114+00:00
63fe6869-a92c-4ba8-a167-b4164a0d178d,SYN-WB-25B822A32B,Sapele Terminal,"Benue, Nigeria","Benue, Nigeria",Sapele Terminal → BENUE,2400.0,synthetic,48.0,2880.0,1,4,0,0,hydraulic_oil,20000.0,tanker,20000.0,1.0,13.0,29.4,16.4,36.07,117.0,Synthetic Customer - Benue,2880.0,2026-01-25T01:16:29.956114+00:00
e90eff04-a7a7-451c-a312-6590a9149974,SYN-WB-D44456632E,Gwagwalada Terminal,"Dutse, Nigeria","Dutse, Nigeria",Gwagwalada Terminal → DUTSE,1200.0,synthetic,24.0,1440.0,12,0,0,0,household_kerosene,30000.0,tanker,40000.0,0.75,12.5,37.1,24.6,32.3,460.0,Synthetic Customer - Dutse,1440.0,2026-04-28T12:57:29.956114+00:00
97d993b9-d7cf-4af3-abd2-ec615ab10264,SYN-WB-6E563E4AB8,Sapele Terminal,"Abeokuta, Nigeria","Abeokuta, Nigeria",Sapele Terminal → ABEOKUTA,1200.0,synthetic,24.0,1440.0,4,4,0,0,bitumen_40_50,20000.0,tanker,20000.0,1.0,11.5,27.9,16.4,33.08,402.0,Synthetic Customer - Abeokuta,1440.0,2026-07-25T04:19:29.956114+00:00
52fdb334-6bd4-4dc8-a819-22cda8044f79,SYN-WB-3DF56A4923,Kano Terminal,"Biu, Nigeria","Biu, Nigeria",Kano Terminal → BIU,1200.0,synthetic,24.0,1440.0,8,1,0,1,heavy_fuel_oil,20000.0,tanker,20000.0,1.0,10.5,26.9,16.4,37.98,157.0,Synthetic Customer - Biu,1440.0,2026-05-13T08:49:29.956114+00:00
f634e288-47cf-4b3b-adc7-09703d7cbaae,SYN-WB-E010ADFF66,PHC Terminal,"Bida, Nigeria","Bida, Nigeria",PHC Terminal → BIDA,4800.0,synthetic,96.0,5760.0,7,3,0,1,dual_purpose_kerosene,33000.0,tanker,35000.0,0.9429,13.5,40.56,27.06,29.21,215.0,Synthetic Customer - Bida,5760.0,2025-10-27T07:38:29.956114+00:00
bb5e1268-db22-462c-af50-b525903c8fd8,SYN-WB-E43CEAEDB7,Sapele Terminal,"Dutse, Nigeria","Dutse, Nigeria",Sapele Terminal → DUTSE,4800.0,synthetic,96.0,5760.0,6,4,0,0,base_oil,25000.0,tanker,25000.0,1.0,12.0,32.5,20.5,31.06,366.0,Synthetic Customer - Dutse,5760.0,2026-02-17T06:52:29.956114+00:00
48c40a33-a676-45bc-8f92-9942922ea37d,SYN-WB-A81597A09F,Kano Terminal,"Gwagwalada, Nigeria","Gwagwalada, Nigeria",Kano Terminal → GWAGWALADA,1200.0,synthetic,24.0,1440.0,7,6,1,1,bitumen_80_100,35000.0,tanker,35000.0,1.0,12.5,41.2,28.7,26.36,495.0,Synthetic Customer - Gwagwalada,1440.0,2025-11-17T07:38:29.956114+00:00
b06f6996-5340-4a74-b44c-a4d1e897de4e,SYN-WB-5A80B96EB3,Kano Terminal,"Jalingo, Nigeria","Jalingo, Nigeria",Kano Terminal → JALINGO,2400.0,synthetic,48.0,2880.0,11,1,0,0,bitumen_60_70,20000.0,tanker,20000.0,1.0,12.5,28.9,16.4,31.09,255.0,Synthetic Customer - Jalingo,2880.0,2026-01-22T11:30:29.956114+00:00
9a42a509-7354-41ec-96e9-83af79e78381,SYN-WB-9A3470AEB9,Sapele Terminal,"Minna, Nigeria","Minna, Nigeria",Sapele Terminal → MINNA,3600.0,synthetic,72.0,4320.0,14,5,1,0,liquefied_petroleum_gas,20000.0,tanker,40000.0,0.5,10.5,26.9,16.4,34.47,181.0,Synthetic Customer - Minna,4320.0,2025-08-19T14:18:29.956114+00:00
b81b7f4b-932c-4cc3-895e-7746d22c01fc,SYN-WB-157439154C,Gwagwalada Terminal,"Ondo, Nigeria","Ondo, Nigeria",Gwagwalada Terminal → ONDO,2400.0,synthetic,48.0,2880.0,4,0,0,0,liquefied_petroleum_gas,25000.0,tanker,25000.0,1.0,12.5,33.0,20.5,31.73,489.0,Synthetic Customer - Ondo,2880.0,2025-08-20T04:05:29.956114+00:00
de8c11af-2c77-41aa-8ef9-443089662e23,SYN-WB-3C650FB3D0,Sapele Terminal,"Ekiti, Nigeria","Ado-Ekiti, Nigeria",Sapele Terminal → EKITI,1300.0,synthetic,26.0,1560.0,10,0,0,0,household_kerosene,40000.0,tanker,40000.0,1.0,10.5,43.3,32.8,34.2,227.0,Synthetic Customer - Ado-Ekiti,1560.0,2025-11-04T12:24:29.956114+00:00
1fc1d0c7-9053-4c78-a599-26b0197b5b31,SYN-WB-180CC7EE58,Kano Terminal,"Jalingo, Nigeria","Jalingo, Nigeria",Kano Terminal → JALINGO,2400.0,synthetic,48.0,2880.0,1,4,0,0,marine_diesel_oil,20000.0,tanker,25000.0,0.8,13.5,29.9,16.4,30.89,337.0,Synthetic Customer - Jalingo,2880.0,2026-05-31T01:04:29.956114+00:00
658ae562-3ce4-409a-a83a-dbbb0c2c233d,SYN-WB-DEAEECBABC,PHC Terminal,"Damaturu, Nigeria","Damaturu, Nigeria",PHC Terminal → DAMATURU,6000.0,synthetic,120.0,7200.0,9,5,1,1,liquefied_natural_gas,20000.0,tanker,35000.0,0.5714,12.0,28.4,16.4,37.98,305.0,Synthetic Customer - Damaturu,7200.0,2026-04-09T09:30:29.956114+00:00
083a19f9-f740-4f27-ab50-0eb8ccfa2560,SYN-WB-0D4E1A1B33,Gwagwalada Terminal,"Epe, Nigeria","Epe, Nigeria",Gwagwalada Terminal → EPE,4800.0,synthetic,96.0,5760.0,6,1,0,0,bitumen_80_100,40000.0,tanker,40000.0,1.0,12.5,45.3,32.8,27.63,242.0,Synthetic Customer - Epe,5760.0,2026-08-15T06:45:29.956114+00:00
5d6ead9f-075f-4b52-8f58-0276f0952117,SYN-WB-B732C77DB3,Kano Terminal,"Katsina, Nigeria","Katsina, Nigeria",Kano Terminal → KATSINA,1200.0,synthetic,24.0,1440.0,13,2,0,0,cutback_bitumen,35000.0,tanker,35000.0,1.0,13.0,41.7,28.7,30.91,261.0,Synthetic Customer - Katsina,1440.0,2025-10-09T13:50:29.956114+00:00
e67794ec-5f0c-4e7a-ac09-717287cccdf8,SYN-WB-6C19F42760,PHC Terminal,"Maiduguri, Nigeria","Maiduguri, Nigeria",PHC Terminal → MAIDUGURI,6000.0,synthetic,120.0,7200.0,9,2,0,1,cutback_bitumen,20000.0,tanker,20000.0,1.0,12.0,28.4,16.4,35.19,375.0,Synthetic Customer - Maiduguri,7200.0,2026-07-13T09:13:29.956114+00:00
778f32bc-0d71-47ce-840f-d539f7c39889,SYN-WB-40965EA1F8,Kano Terminal,"Katsina, Nigeria","Katsina, Nigeria",Kano Terminal → KATSINA,1200.0,synthetic,24.0,1440.0,2,5,1,0,bitumen_80_100,25000.0,tanker,25000.0,1.0,11.0,31.5,20.5,25.15,346.0,Synthetic Customer - Katsina,1440.0,2025-08-24T02:42:29.956114+00:00
716b2abe-4506-472c-8071-1a502aa03886,SYN-WB-5880CBF131,Kano Terminal,"Gusau, Nigeria","Gusau, Nigeria",Kano Terminal → GUSAU,400.0,synthetic,8.0,480.0,12,6,1,0,transmission_fluid,25000.0,tanker,25000.0,1.0,12.0,32.5,20.5,31.44,187.0,Synthetic Customer - Gusau,480.0,2026-08-09T20:13:29.956114+00:00
a39d6579-56c9-413a-a7bf-69ae44e5940b,SYN-WB-9AF99A645C,Sapele Terminal,"Maiduguri, Nigeria","Maiduguri, Nigeria",Sapele Terminal → MAIDUGURI,6000.0,synthetic,120.0,7200.0,6,5,1,0,liquefied_petroleum_gas,20000.0,tanker,20000.0,1.0,12.5,28.9,16.4,34.34,178.0,Synthetic Customer - Maiduguri,7200.0,2026-04-30T06:51:29.956114+00:00
c9cfa095-1f21-441c-871c-ec80d4f7bab0,SYN-WB-B38A04BDAC,PHC Terminal,FUTUA,FUTUA,PHC Terminal → FUTUA,3600.0,synthetic,72.0,4320.0,12,2,0,0,anionic_bitumen_emulsion,20000.0,tanker,35000.0,0.5714,10.5,26.9,16.4,37.86,272.0,Synthetic Customer - Futua,4320.0,2026-02-28T12:41:29.956114+00:00
25ebd81c-8388-4483-8e18-b38cdb341011,SYN-WB-8A68DB7F04,Kano Terminal,"Bauchi, Nigeria","Bauchi, Nigeria",Kano Terminal → BAUCHI,500.0,synthetic,10.0,600.0,13,5,1,0,crumb_rubber_modified_bitumen,25000.0,tanker,25000.0,1.0,11.5,32.0,20.5,28.04,203.0,Synthetic Customer - Bauchi,600.0,2026-01-24T23:52:29.956114+00:00
db2c079e-183f-497d-947e-20d2ec38cccd,SYN-WB-BB56A38FDB,Kano Terminal,"Jos, Nigeria","Jos, Nigeria",Kano Terminal → JOS,1200.0,synthetic,24.0,1440.0,6,1,0,0,base_oil,20000.0,tanker,20000.0,1.0,10.5,26.9,16.4,27.4,437.0,Synthetic Customer - Jos,1440.0,2026-03-11T06:12:29.956114+00:00
6169174c-9cef-4bce-8b18-071bdc4dc5b5,SYN-WB-530CBAC4CB,PHC Terminal,YENOGOA,YENOGOA,PHC Terminal → YENOGOA,250.0,synthetic,5.0,300.0,1,1,0,0,hydraulic_oil,20000.0,tanker,20000.0,1.0,11.5,27.9,16.4,37.35,416.0,Synthetic Customer - Yenagoa,300.0,2026-03-10T06:48:29.956114+00:00
6fd2ad08-709e-4c7f-856e-b4f911e89ae4,SYN-WB-ED75A49B41,Kano Terminal,"Dutse, Nigeria","Dutse, Nigeria",Kano Terminal → DUTSE,200.0,synthetic,4.0,240.0,14,1,0,0,bitumen_60_70,25000.0,tanker,25000.0,1.0,10.5,31.0,20.5,34.69,223.0,Synthetic Customer - Dutse,240.0,2026-01-20T18:56:29.956114+00:00
6a27f194-c67f-4998-b0b2-944b16a60a2d,SYN-WB-492EC4F4DC,Sapele Terminal,"Benue, Nigeria","Benue, Nigeria",Sapele Terminal → BENUE,2400.0,synthetic,48.0,2880.0,6,5,1,0,paraffin_wax,25000.0,tanker,25000.0,1.0,11.0,31.5,20.5,30.43,139.0,Synthetic Customer - Benue,2880.0,2026-03-16T06:16:29.956114+00:00
fde5e20f-7e78-4397-b157-e2e8ccfce6a2,SYN-WB-37B186EBBF,PHC Terminal,"Ondo, Nigeria","Ondo, Nigeria",PHC Terminal → ONDO,1200.0,synthetic,24.0,1440.0,9,6,1,1,liquefied_natural_gas,40000.0,tanker,40000.0,1.0,12.5,45.3,32.8,29.08,141.0,Synthetic Customer - Ondo,1440.0,2025-10-20T09:52:29.956114+00:00
7484ac5c-2004-4a8c-b466-6cffc74622df,SYN-WB-6110A68DB4,Gwagwalada Terminal,"Sapele, Nigeria","Sapele, Nigeria",Gwagwalada Terminal → SAPELE,2400.0,synthetic,48.0,2880.0,3,5,1,0,grease,20000.0,tanker,20000.0,1.0,13.0,29.4,16.4,31.07,363.0,Synthetic Customer - Sapele,2880.0,2025-08-25T03:28:29.956114+00:00
7abbfd3c-e97c-4cb4-9829-608831448a2d,SYN-WB-09CBB43D4E,Kano Terminal,"Jalingo, Nigeria","Jalingo, Nigeria",Kano Terminal → JALINGO,2400.0,synthetic,48.0,2880.0,3,6,1,0,marine_diesel_oil,20000.0,tanker,20000.0,1.0,11.0,27.4,16.4,30.56,110.0,Synthetic Customer - Jalingo,2880.0,2025-11-11T03:17:29.956114+00:00
d1e0c64d-9cff-418e-82d1-f6da914cd6ca,SYN-WB-DEE5DD228C,Gwagwalada Terminal,"Lagos, Nigeria","Lagos, Nigeria",Gwagwalada Terminal → LAGOS,3600.0,synthetic,72.0,4320.0,1,5,1,0,liquefied_petroleum_gas,25000.0,tanker,30000.0,0.8333,11.5,32.0,20.5,29.31,478.0,Synthetic Customer - Lagos,4320.0,2026-01-13T01:47:29.956114+00:00
e08b55b7-d310-42ff-9cd4-f035e5e87128,SYN-WB-903E7C1A9E,Gwagwalada Terminal,"Jos, Nigeria","Jos, Nigeria",Gwagwalada Terminal → JOS,1200.0,synthetic,24.0,1440.0,9,2,0,1,cationic_bitumen_emulsion,20000.0,tanker,20000.0,1.0,11.0,27.4,16.4,32.04,108.0,Synthetic Customer - Jos,1440.0,2025-08-28T09:15:29.956114+00:00
c0ac639c-8f56-4407-94aa-31ec5382b530,SYN-WB-0565171DC4,Gwagwalada Terminal,"Sapele, Nigeria","Sapele, Nigeria",Gwagwalada Terminal → SAPELE,2400.0,synthetic,48.0,2880.0,4,2,0,0,paraffin_wax,40000.0,tanker,40000.0,1.0,12.0,44.8,32.8,27.16,250.0,Synthetic Customer - Sapele,2880.0,2025-09-12T04:12:29.956114+00:00
b686e71d-82b7-409d-84c8-3a7e346bb704,SYN-WB-F156A6A083,PHC Terminal,"Calabar, Nigeria","Calabar, Nigeria",PHC Terminal → CALABAR,1200.0,synthetic,24.0,1440.0,4,3,0,0,cutback_bitumen,20000.0,tanker,40000.0,0.5,13.0,29.4,16.4,34.69,343.0,Synthetic Customer - Calabar,1440.0,2025-11-14T04:17:29.956114+00:00
88463f82-9611-4e6f-9097-1d1295919d5d,SYN-WB-6C8465F09B,Sapele Terminal,"Zamfara, Nigeria","Zamfara, Nigeria",Sapele Terminal → ZAMFARA,4800.0,synthetic,96.0,5760.0,6,4,0,0,base_oil,25000.0,tanker,25000.0,1.0,10.5,31.0,20.5,25.38,335.0,Synthetic Customer - Zamfara,5760.0,2025-09-02T06:08:29.956114+00:00
a552ee7b-8911-427d-b943-f610e335b182,SYN-WB-CBF35ED333,Sapele Terminal,"Ekiti, Nigeria","Ekiti, Nigeria",Sapele Terminal → EKITI,1300.0,synthetic,26.0,1560.0,3,2,0,0,anionic_bitumen_emulsion,33000.0,tanker,40000.0,0.825,12.5,39.56,27.06,30.66,181.0,Synthetic Customer - Ekiti,1560.0,2026-03-05T05:27:29.956114+00:00
f5f68a7a-5822-4634-9ed0-c594e09d8d38,SYN-WB-49093C5182,Kano Terminal,"Maiduguri, Nigeria","Maiduguri, Nigeria",Kano Terminal → MAIDUGURI,1200.0,synthetic,24.0,1440.0,9,2,0,1,cutback_bitumen,25000.0,tanker,35000.0,0.7143,12.0,32.5,20.5,34.01,338.0,Synthetic Customer - Maiduguri,1440.0,2025-10-09T09:35:29.956114+00:00
787256cc-5efd-48d8-9094-b6bc42668d5f,SYN-WB-3D17C1748B,Gwagwalada Terminal,"Osogbo, Nigeria","Osogbo, Nigeria",Gwagwalada Terminal → OSOGBO,3600.0,synthetic,72.0,4320.0,7,5,1,1,paraffin_wax,33000.0,tanker,35000.0,0.9429,13.0,40.06,27.06,28.83,291.0,Synthetic Customer - Osogbo,4320.0,2025-09-16T07:42:29.956114+00:00
f7752d48-bae8-4515-b59c-1ee88bca77bb,SYN-WB-E03559DAD7,Kano Terminal,"Zamfara, Nigeria","Zamfara, Nigeria",Kano Terminal → ZAMFARA,1200.0,synthetic,24.0,1440.0,11,2,0,0,household_kerosene,20000.0,tanker,20000.0,1.0,10.5,26.9,16.4,32.62,213.0,Synthetic Customer - Zamfara,1440.0,2026-03-19T11:23:29.956114+00:00
563d2427-c9e3-4b1b-a484-0c1a12e36fcf,SYN-WB-FFF3EAF616,PHC Terminal,"Anambra, Nigeria","Anambra, Nigeria",PHC Terminal → ANAMBRA,400.0,synthetic,8.0,480.0,12,6,1,0,heavy_fuel_oil,25000.0,tanker,25000.0,1.0,13.0,33.5,20.5,27.74,475.0,Synthetic Customer - Anambra,480.0,2026-03-15T20:52:29.956114+00:00
19d203cf-1f76-4ae8-a113-8313206db485,SYN-WB-D35C9598B9,Gwagwalada Terminal,"Ado-Ekiti, Nigeria","Ado-Ekiti, Nigeria",Gwagwalada Terminal → ADO-EKITI,1200.0,synthetic,24.0,1440.0,5,1,0,0,grease,25000.0,tanker,35000.0,0.7143,13.5,34.0,20.5,31.15,448.0,Synthetic Customer - Ado-Ekiti,1440.0,2025-09-03T05:01:29.956114+00:00
8e96bae7-7a40-47bb-8b64-b17fa8bcf5c7,SYN-WB-B7AFC4D4AA,PHC Terminal,"Abeokuta, Nigeria","Abeokuta, Nigeria",PHC Terminal → ABEOKUTA,1200.0,synthetic,24.0,1440.0,11,6,1,0,paraffin_wax,20000.0,tanker,20000.0,1.0,13.0,29.4,16.4,29.02,325.0,Synthetic Customer - Abeokuta,1440.0,2026-07-20T11:08:29.956114+00:00
ee01c039-7b61-40ee-9b3c-5a7364a66b28,SYN-WB-C36CF8A4FD,Kano Terminal,"Okene, Nigeria","Okene, Nigeria",Kano Terminal → OKENE,1450.0,synthetic,29.0,1740.0,10,3,0,0,anionic_bitumen_emulsion,20000.0,tanker,20000.0,1.0,11.5,27.9,16.4,37.4,465.0,Synthetic Customer - Okene,1740.0,2026-02-13T15:51:29.956114+00:00
b907dd0c-6190-467b-bfc8-78962aee6ff5,SYN-WB-DAB060AC7E,Gwagwalada Terminal,"Okene, Nigeria","Okene, Nigeria",Gwagwalada Terminal → OKENE,300.0,synthetic,6.0,360.0,12,1,0,0,compressed_natural_gas,20000.0,tanker,40000.0,0.5,12.5,28.9,16.4,32.46,261.0,Synthetic Customer - Okene,360.0,2025-08-26T18:12:29.956114+00:00
d08eb315-b7bf-449c-b4e9-dea52235520c,SYN-WB-CB244337A3,Sapele Terminal,"Kwara, Nigeria","Kwara, Nigeria",Sapele Terminal → KWARA,2400.0,synthetic,48.0,2880.0,4,1,0,0,premium_motor_spirit,25000.0,tanker,25000.0,1.0,10.5,31.0,20.5,25.37,408.0,Synthetic Customer - Kwara,2880.0,2026-06-25T04:44:29.956114+00:00
bd4a9098-084e-49a9-a464-7623dd26d699,SYN-WB-DEB63B843A,Sapele Terminal,"Mubi, Nigeria","Mubi, Nigeria",Sapele Terminal → MUBI,6000.0,synthetic,120.0,7200.0,9,6,1,1,marine_gas_oil,20000.0,tanker,20000.0,1.0,12.0,28.4,16.4,34.8,167.0,Synthetic Customer - Mubi,7200.0,2026-01-02T09:26:29.956114+00:00
72a94bfe-bf0e-4a8a-a701-426ed2d63409,SYN-WB-2C9E8D1D96,Gwagwalada Terminal,"Epe, Nigeria","Epe, Nigeria",Gwagwalada Terminal → EPE,4800.0,synthetic,96.0,5760.0,9,2,0,1,paraffin_wax,25000.0,tanker,35000.0,0.7143,13.0,33.5,20.5,31.53,372.0,Synthetic Customer - Epe,5760.0,2026-03-22T09:55:29.956114+00:00
75bd5cda-c009-4539-bb36-7d948a734b25,SYN-WB-9EDE8AD8BD,Sapele Terminal,"Talata Mafara, Nigeria","Talata Mafara, Nigeria",Sapele Terminal → TALATA MAFARA,6000.0,synthetic,120.0,7200.0,1,5,1,0,crumb_rubber_modified_bitumen,33000.0,tanker,40000.0,0.825,12.0,39.06,27.06,35.37,405.0,Synthetic Customer - Talata Mafara,7200.0,2026-05-21T01:44:29.956114+00:00
a79221ee-e6d1-44d6-8f2e-ef837ec015fd,SYN-WB-DFFC77879E,Kano Terminal,"Kaduna, Nigeria","Kaduna, Nigeria",Kano Terminal → KADUNA,300.0,synthetic,6.0,360.0,6,3,0,0,aviation_turbine_kerosene,20000.0,tanker,20000.0,1.0,10.5,26.9,16.4,36.74,125.0,Synthetic Customer - Kaduna,360.0,2026-06-25T12:28:29.956114+00:00
32ce5486-ba3b-43d7-9324-aee4cadbec04,SYN-WB-9D9C341C48,Sapele Terminal,"Mayo-Belwa, Nigeria","Mayo-Belwa, Nigeria",Sapele Terminal → MAYO BELWA,3600.0,synthetic,72.0,4320.0,12,0,0,0,heavy_fuel_oil,40000.0,tanker,40000.0,1.0,12.0,44.8,32.8,31.24,405.0,Synthetic Customer - Mayo-Belwa,4320.0,2026-03-05T12:16:29.956114+00:00
07bed534-b590-423f-a7c2-dee147b2480b,SYN-WB-722E67E51A,PHC Terminal,"Ogun, Nigeria","Ogun, Nigeria",PHC Terminal → OGUN,1200.0,synthetic,24.0,1440.0,12,2,0,0,cationic_bitumen_emulsion,30000.0,tanker,35000.0,0.8571,11.0,35.6,24.6,27.37,260.0,Synthetic Customer - Ogun,1440.0,2026-01-01T12:30:29.956114+00:00
e0e2d93f-3553-4975-ba90-af6f1cbad0dd,SYN-WB-B09E9D86E9,Sapele Terminal,"Ogun, Nigeria","Ogun, Nigeria",Sapele Terminal → OGUN,1200.0,synthetic,24.0,1440.0,2,4,0,0,bitumen_60_70,25000.0,tanker,25000.0,1.0,12.5,33.0,20.5,34.5,342.0,Synthetic Customer - Ogun,1440.0,2026-05-23T02:48:29.956114+00:00
19db0646-0a5b-4d9c-902e-29ce2dafbd50,SYN-WB-AE8DA13943,Kano Terminal,"Zamfara, Nigeria","Zamfara, Nigeria",Kano Terminal → ZAMFARA,1200.0,synthetic,24.0,1440.0,4,5,1,0,compressed_natural_gas,20000.0,tanker,20000.0,1.0,12.0,28.4,16.4,37.9,251.0,Synthetic Customer - Zamfara,1440.0,2026-01-18T04:23:29.956114+00:00
ed9f75b7-5c4a-4726-b23a-304d5060026d,SYN-WB-882EEB4C1E,Gwagwalada Terminal,"Gombe, Nigeria","Gombe, Nigeria",Gwagwalada Terminal → GOMBE,2400.0,synthetic,48.0,2880.0,13,4,0,0,gear_oil,33000.0,tanker,40000.0,0.825,10.5,37.56,27.06,30.84,319.0,Synthetic Customer - Gombe,2880.0,2025-12-14T13:43:29.956114+00:00
9d514c2b-80a6-4f78-bf1b-80470c19bf1b,SYN-WB-9D5A0E1AB9,Sapele Terminal,"Birnin Kebbi, Nigeria","Birnin Kebbi, Nigeria",Sapele Terminal → BIRNIN KEBBI,7200.0,synthetic,144.0,8640.0,3,5,1,0,bitumen_40_50,25000.0,tanker,25000.0,1.0,10.5,31.0,20.5,34.83,216.0,Synthetic Customer - Birnin Kebbi,8640.0,2026-06-12T03:57:29.956114+00:00
4d6e74c6-d577-4f6c-b848-7376a6c3646b,SYN-WB-6FA624A30C,PHC Terminal,"Taraba, Nigeria","Taraba, Nigeria",PHC Terminal → TARABA,2400.0,synthetic,48.0,2880.0,13,3,0,0,aviation_turbine_kerosene,20000.0,tanker,35000.0,0.5714,12.0,28.4,16.4,35.13,468.0,Synthetic Customer - Taraba,2880.0,2026-06-27T13:33:29.956114+00:00
9fa0c586-c2ce-4da1-829d-7c473508ab8b,SYN-WB-D7934BF90C,Kano Terminal,"Damaturu, Nigeria","Damaturu, Nigeria",Kano Terminal → DAMATURU,1200.0,synthetic,24.0,1440.0,2,1,0,0,natural_gas,20000.0,tanker,20000.0,1.0,12.5,28.9,16.4,37.75,199.0,Synthetic Customer - Damaturu,1440.0,2026-08-05T02:37:29.956114+00:00
6c35fa93-7c2d-4a26-8996-27eef05389d1,SYN-WB-82EE6226A0,Sapele Terminal,"Jalingo, Nigeria","Jalingo, Nigeria",Sapele Terminal → JALINGO,3600.0,synthetic,72.0,4320.0,12,4,0,0,bitumen_40_50,30000.0,tanker,40000.0,0.75,11.0,35.6,24.6,32.51,160.0,Synthetic Customer - Jalingo,4320.0,2026-04-20T12:22:29.956114+00:00
d412e1de-78bd-44b4-8aca-89e50a2f6b86,SYN-WB-E957729E36,Sapele Terminal,"Bayelsa, Nigeria","Bayelsa, Nigeria",Sapele Terminal → BAYELSA,300.0,synthetic,6.0,360.0,2,5,1,0,liquefied_natural_gas,20000.0,tanker,20000.0,1.0,11.5,27.9,16.4,33.04,115.0,Synthetic Customer - Bayelsa,360.0,2025-08-30T08:22:29.956114+00:00
c672d110-5ce8-434d-993e-db718a6fced0,SYN-WB-C3B47F5B96,Gwagwalada Terminal,"Jebba, Nigeria","Jebba, Nigeria",Gwagwalada Terminal → JEBBA,2400.0,synthetic,48.0,2880.0,7,1,0,1,polymer_modified_bitumen,30000.0,tanker,40000.0,0.75,10.5,35.1,24.6,28.51,425.0,Synthetic Customer - Jebba,2880.0,2026-03-26T07:17:29.956114+00:00
6957f90a-7632-49d1-9a11-f3aa6faff3ed,SYN-WB-8348E3CFDE,Gwagwalada Terminal,"Anambra, Nigeria","Anambra, Nigeria",Gwagwalada Terminal → ANAMBRA,1200.0,synthetic,24.0,1440.0,13,5,1,0,low_pour_fuel_oil,20000.0,tanker,20000.0,1.0,11.0,27.4,16.4,37.65,220.0,Synthetic Customer - Anambra,1440.0,2025-09-07T13:07:29.956114+00:00
45e36c27-fa79-4888-acc5-9b8245c191ce,SYN-WB-93C4AB87A7,Kano Terminal,"Kaduna, Nigeria","Kaduna, Nigeria",Kano Terminal → KADUNA,300.0,synthetic,6.0,360.0,5,4,0,0,liquefied_natural_gas,20000.0,tanker,20000.0,1.0,13.0,29.4,16.4,35.49,252.0,Synthetic Customer - Kaduna,360.0,2026-01-30T11:43:29.956114+00:00
f088cc0c-12bb-4d47-a3dd-8f8cfa33abb9,SYN-WB-11410D0776,Sapele Terminal,"Ekiti, Nigeria","Ekiti, Nigeria",Sapele Terminal → EKITI,1300.0,synthetic,26.0,1560.0,8,6,1,1,premium_motor_spirit,25000.0,tanker,25000.0,1.0,12.0,32.5,20.5,31.69,243.0,Synthetic Customer - Ekiti,1560.0,2026-02-09T10:49:29.956114+00:00
9707f35c-a5a2-403d-84db-fcdd392ca09d,SYN-WB-59A5406BD1,Gwagwalada Terminal,FUTUA,FUTUA,Gwagwalada Terminal → FUTUA,1200.0,synthetic,24.0,1440.0,2,5,1,0,bitumen_80_100,30000.0,tanker,30000.0,1.0,11.0,35.6,24.6,32.26,385.0,Synthetic Customer - Futua,1440.0,2025-10-05T02:13:29.956114+00:00
6d159b02-8d76-4429-ad30-f13dae730abf,SYN-WB-0BA3EE13C5,Sapele Terminal,"Bayelsa, Nigeria","Bayelsa, Nigeria",Sapele Terminal → BAYELSA,300.0,synthetic,6.0,360.0,4,5,1,0,base_oil,35000.0,tanker,40000.0,0.875,11.0,39.7,28.7,33.13,217.0,Synthetic Customer - Bayelsa,360.0,2025-10-25T10:20:29.956114+00:00
70397a16-6edb-4ba1-b25f-0fe17d27487e,SYN-WB-0C22FCAAEB,Sapele Terminal,"Kaduna, Nigeria","Kaduna, Nigeria",Sapele Terminal → KADUNA,2400.0,synthetic,48.0,2880.0,13,3,0,0,engine_oil,40000.0,tanker,40000.0,1.0,11.0,43.8,32.8,35.46,174.0,Synthetic Customer - Kaduna,2880.0,2026-02-07T13:51:29.956114+00:00
8642d47b-255d-4e36-95bc-4455353fb528,SYN-WB-D8AFF79C34,Sapele Terminal,"Gombe, Nigeria","Gombe, Nigeria",Sapele Terminal → GOMBE,6000.0,synthetic,120.0,7200.0,8,5,1,1,marine_diesel_oil,20000.0,tanker,40000.0,0.5,12.5,28.9,16.4,35.31,203.0,Synthetic Customer - Gombe,7200.0,2025-11-20T08:02:29.956114+00:00
8139dc94-2dde-40e6-93f3-fa6620100f6a,SYN-WB-3FE0CE6E30,Gwagwalada Terminal,"Ado-Ekiti, Nigeria","Ado-Ekiti, Nigeria",Gwagwalada Terminal → ADO-EKITI,1200.0,synthetic,24.0,1440.0,12,5,1,0,grease,30000.0,tanker,40000.0,0.75,13.5,38.1,24.6,26.85,146.0,Synthetic Customer - Ado-Ekiti,1440.0,2025-12-28T12:32:29.956114+00:00
5d650529-7f19-46cf-bc6b-cf3088372338,SYN-WB-932193E98A,Gwagwalada Terminal,"Biu, Nigeria","Biu, Nigeria",Gwagwalada Terminal → BIU,2400.0,synthetic,48.0,2880.0,0,3,0,0,bitumen_60_70,40000.0,tanker,40000.0,1.0,12.5,45.3,32.8,33.11,235.0,Synthetic Customer - Biu,2880.0,2026-03-07T00:56:29.956114+00:00
82e93be1-e73c-403e-929f-08c5cb9121b9,SYN-WB-7E188A41FF,Kano Terminal,"Damaturu, Nigeria","Damaturu, Nigeria",Kano Terminal → DAMATURU,1200.0,synthetic,24.0,1440.0,12,6,1,0,premium_motor_spirit,20000.0,tanker,20000.0,1.0,10.5,26.9,16.4,36.93,138.0,Synthetic Customer - Damaturu,1440.0,2026-02-23T12:00:29.956114+00:00
16bae235-ef61-413e-8d39-79148527acb7,SYN-WB-0EE2191DEB,Sapele Terminal,"Talata Mafara, Nigeria","Talata Mafara, Nigeria",Sapele Terminal → TALATA MAFARA,6000.0,synthetic,120.0,7200.0,5,2,0,0,compressed_natural_gas,25000.0,tanker,25000.0,1.0,13.5,34.0,20.5,31.42,346.0,Synthetic Customer - Talata Mafara,7200.0,2025-10-06T05:29:29.956114+00:00
e6c62ebb-33be-462a-99a7-ec66b1e80ae9,SYN-WB-2B1CE530E1,PHC Terminal,"Taraba, Nigeria","Taraba, Nigeria",PHC Terminal → TARABA,2400.0,synthetic,48.0,2880.0,1,3,0,0,bitumen_80_100,35000.0,tanker,40000.0,0.875,12.0,40.7,28.7,26.58,112.0,Synthetic Customer - Taraba,2880.0,2026-08-15T01:20:29.956114+00:00
6dae3b8e-1d95-4ade-9013-4e7dcb3cc8e8,SYN-WB-E1CEEAF301,Sapele Terminal,"Imo, Nigeria","Imo, Nigeria",Sapele Terminal → IMO,1200.0,synthetic,24.0,1440.0,12,2,0,0,compressed_natural_gas,35000.0,tanker,40000.0,0.875,12.0,40.7,28.7,37.65,148.0,Synthetic Customer - Imo,1440.0,2025-09-11T12:22:29.956114+00:00
b9d2ce39-409a-4fef-b266-a6f73cc9d138,SYN-WB-9ED36FC43A,Sapele Terminal,"Gusau, Nigeria","Gusau, Nigeria",Sapele Terminal → GUSAU,4800.0,synthetic,96.0,5760.0,5,0,0,0,liquefied_natural_gas,25000.0,tanker,25000.0,1.0,12.0,32.5,20.5,26.06,351.0,Synthetic Customer - Gusau,5760.0,2025-08-29T05:42:29.956114+00:00
282f6bb0-7617-4de7-b7dc-00a8e843da44,SYN-WB-368A617F54,PHC Terminal,"Jalingo, Nigeria","Jalingo, Nigeria",PHC Terminal → JALINGO,3600.0,synthetic,72.0,4320.0,5,2,0,0,natural_gas,25000.0,tanker,40000.0,0.625,12.5,33.0,20.5,28.64,411.0,Synthetic Customer - Jalingo,4320.0,2026-04-25T05:39:29.956114+00:00
9c38df53-8d49-4dde-9463-4cb7d49028a1,SYN-WB-3FE56BCF68,Sapele Terminal,"Imo, Nigeria","Imo, Nigeria",Sapele Terminal → IMO,1200.0,synthetic,24.0,1440.0,7,0,0,1,cationic_bitumen_emulsion,20000.0,tanker,25000.0,0.8,12.5,28.9,16.4,31.21,202.0,Synthetic Customer - Imo,1440.0,2025-10-07T07:50:29.956114+00:00
fb37abb6-7308-434f-b3b1-06247f332186,SYN-WB-73F2DA81B9,Sapele Terminal,"Jos, Nigeria","Jos, Nigeria",Sapele Terminal → JOS,3600.0,synthetic,72.0,4320.0,10,6,1,0,paraffin_wax,40000.0,tanker,40000.0,1.0,13.5,46.3,32.8,26.43,155.0,Synthetic Customer - Jos,4320.0,2026-03-11T10:18:29.956114+00:00
44b4e3ae-a33e-4ce0-becb-02c759f1d3bf,SYN-WB-836A090796,Kano Terminal,"Gombe, Nigeria","Gombe, Nigeria",Kano Terminal → GOMBE,1200.0,synthetic,24.0,1440.0,11,3,0,0,gear_oil,25000.0,tanker,25000.0,1.0,11.5,32.0,20.5,26.4,222.0,Synthetic Customer - Gombe,1440.0,2025-08-29T11:09:29.956114+00:00
27331dc9-d94f-42d9-80fa-d3300232e028,SYN-WB-2732B00043,Gwagwalada Terminal,"Kwara, Nigeria","Kwara, Nigeria",Gwagwalada Terminal → KWARA,3600.0,synthetic,72.0,4320.0,4,5,1,0,dual_purpose_kerosene,33000.0,tanker,35000.0,0.9429,10.5,37.56,27.06,33.39,133.0,Synthetic Customer - Kwara,4320.0,2026-01-06T04:20:29.956114+00:00
1cf030dc-8bf8-4f2f-9823-4cb3ef257e5c,SYN-WB-8FFAF30F6B,Kano Terminal,"Talata Mafara, Nigeria","Talata Mafara, Nigeria",Kano Terminal → TALATA MAFARA,500.0,synthetic,10.0,600.0,8,2,0,1,dual_purpose_kerosene,25000.0,tanker,25000.0,1.0,10.5,31.0,20.5,37.55,451.0,Synthetic Customer - Talata Mafara,600.0,2026-05-20T18:01:29.956114+00:00
3cd47eb9-c4c6-4743-bf64-f37f3820c37a,SYN-WB-E4BC549EA1,Gwagwalada Terminal,"Aba, Nigeria","Taraba, Nigeria",Gwagwalada Terminal → ABA,3600.0,synthetic,72.0,4320.0,7,1,0,1,bitumen_80_100,20000.0,tanker,20000.0,1.0,13.5,29.9,16.4,33.65,190.0,Synthetic Customer - Taraba,4320.0,2026-05-29T07:23:29.956114+00:00
b834a39b-3cd8-42ec-9b78-6168187892bc,SYN-WB-819AFF4E29,Gwagwalada Terminal,"Taraba, Nigeria","Taraba, Nigeria",Gwagwalada Terminal → TARABA,1200.0,synthetic,24.0,1440.0,12,6,1,0,paraffin_wax,20000.0,tanker,40000.0,0.5,13.5,29.9,16.4,27.39,339.0,Synthetic Customer - Taraba,1440.0,2026-08-10T12:25:29.956114+00:00
e33ed625-1977-4694-bec3-c283f1a10d00,SYN-WB-6EA7778071,Gwagwalada Terminal,"Kwara, Nigeria","Kwara, Nigeria",Gwagwalada Terminal → KWARA,3600.0,synthetic,72.0,4320.0,10,0,0,0,dual_purpose_kerosene,35000.0,tanker,40000.0,0.875,11.0,39.7,28.7,34.85,143.0,Synthetic Customer - Kwara,4320.0,2026-04-02T10:03:29.956114+00:00
b3923967-4747-4974-af6b-1582fa22d380,SYN-WB-C947F34772,Kano Terminal,"Gwagwalada, Nigeria","Gwagwalada, Nigeria",Kano Terminal → GWAGWALADA,1200.0,synthetic,24.0,1440.0,6,2,0,0,transmission_fluid,25000.0,tanker,25000.0,1.0,11.5,32.0,20.5,26.44,414.0,Synthetic Customer - Gwagwalada,1440.0,2025-10-02T06:34:29.956114+00:00
a45c92be-add7-4db9-9d70-07ca7c37f3d5,SYN-WB-36D4A898EB,Gwagwalada Terminal,"Gusau, Nigeria","Gusau, Nigeria",Gwagwalada Terminal → GUSAU,1200.0,synthetic,24.0,1440.0,6,2,0,0,cutback_bitumen,35000.0,tanker,40000.0,0.875,12.0,40.7,28.7,33.1,430.0,Synthetic Customer - Gusau,1440.0,2025-09-18T06:17:29.956114+00:00
562e7e53-248a-4291-8e0a-978584693074,SYN-WB-2E9A30BCDE,Sapele Terminal,"Bauchi, Nigeria","Bauchi, Nigeria",Sapele Terminal → BAUCHI,3600.0,synthetic,72.0,4320.0,5,0,0,0,bitumen_80_100,40000.0,tanker,40000.0,1.0,12.5,45.3,32.8,27.23,419.0,Synthetic Customer - Bauchi,4320.0,2026-05-28T05:26:29.956114+00:00
4efa8ebb-06c7-4edd-ad2a-d031fd18a2ef,SYN-WB-0B44994FE8,PHC Terminal,"Abeokuta, Nigeria","Abeokuta, Nigeria",PHC Terminal → ABEOKUTA,1200.0,synthetic,24.0,1440.0,15,2,0,0,crumb_rubber_modified_bitumen,20000.0,tanker,40000.0,0.5,12.5,28.9,16.4,31.16,246.0,Synthetic Customer - Abeokuta,1440.0,2025-09-04T15:25:29.956114+00:00
157773d5-54f7-4b48-a712-a2cba2c9f6ea,SYN-WB-14B825D99D,Sapele Terminal,"Benue, Nigeria","Benue, Nigeria",Sapele Terminal → BENUE,2400.0,synthetic,48.0,2880.0,7,0,0,1,polymer_modified_bitumen,30000.0,tanker,40000.0,0.75,10.5,35.1,24.6,32.4,199.0,Synthetic Customer - Benue,2880.0,2026-06-10T07:50:29.956114+00:00
f2d58f89-4e50-48c1-9883-0994414f62de,SYN-WB-BC4E68E1B2,PHC Terminal,"Mokwa, Nigeria","Mokwa, Nigeria",PHC Terminal → MOKWA,4800.0,synthetic,96.0,5760.0,4,2,0,0,liquefied_petroleum_gas,25000.0,tanker,25000.0,1.0,13.5,34.0,20.5,25.55,467.0,Synthetic Customer - Mokwa,5760.0,2025-09-14T04:28:29.956114+00:00
81441e57-c4c5-4a50-84e9-9f7422bb6a5c,SYN-WB-45A2E09DF9,Gwagwalada Terminal,"Port Harcourt, Nigeria","Port Harcourt, Nigeria",Gwagwalada Terminal → PHC,3600.0,synthetic,72.0,4320.0,6,4,0,0,crumb_rubber_modified_bitumen,25000.0,tanker,40000.0,0.625,11.0,31.5,20.5,30.39,269.0,Synthetic Customer - Port Harcourt,4320.0,2026-01-05T06:27:29.956114+00:00
a07f107f-e61a-45fd-92c2-20b49f111b20,SYN-WB-D11B1D2D67,PHC Terminal,"Kaduna, Nigeria","Kaduna, Nigeria",PHC Terminal → KADUNA,2400.0,synthetic,48.0,2880.0,11,6,1,0,polymer_modified_bitumen,20000.0,tanker,20000.0,1.0,11.0,27.4,16.4,25.08,191.0,Synthetic Customer - Kaduna,2880.0,2026-07-07T11:01:29.956114+00:00
7203965e-0566-4c7b-8ab9-e54ac1099243,SYN-WB-1299D45CFA,PHC Terminal,"Birnin Kebbi, Nigeria","Birnin Kebbi, Nigeria",PHC Terminal → BIRNIN KEBBI,7200.0,synthetic,144.0,8640.0,4,3,0,0,polymer_modified_bitumen,30000.0,tanker,35000.0,0.8571,11.0,35.6,24.6,32.62,219.0,Synthetic Customer - Birnin Kebbi,8640.0,2025-12-24T04:00:29.956114+00:00
7b023933-01c0-405e-b452-76b7b7339a94,SYN-WB-C2D31B73F5,Gwagwalada Terminal,"Damaturu, Nigeria","Damaturu, Nigeria",Gwagwalada Terminal → DAMATURU,2400.0,synthetic,48.0,2880.0,11,3,0,0,solvent,35000.0,tanker,35000.0,1.0,11.5,40.2,28.7,28.95,484.0,Synthetic Customer - Damaturu,2880.0,2025-09-27T11:40:29.956114+00:00
a32dbb86-ea39-49b8-9441-35d66f1aaee2,SYN-WB-135F817435,PHC Terminal,"Sokoto, Nigeria","Sokoto, Nigeria",PHC Terminal → SOKOTO,6000.0,synthetic,120.0,7200.0,7,4,0,1,cutback_bitumen,25000.0,tanker,25000.0,1.0,12.0,32.5,20.5,32.08,410.0,Synthetic Customer - Sokoto,7200.0,2025-10-22T07:12:29.956114+00:00
7c30f5a5-960f-46de-9f8d-04d55c4e24e2,SYN-WB-3CF8B10B8F,Sapele Terminal,"Jalingo, Nigeria","Jalingo, Nigeria",Sapele Terminal → JALINGO,3600.0,synthetic,72.0,4320.0,7,6,1,1,household_kerosene,33000.0,tanker,33000.0,1.0,12.0,39.06,27.06,29.74,193.0,Synthetic Customer - Jalingo,4320.0,2025-11-05T07:07:29.956114+00:00
6c7ac99b-e39c-4b0b-a8db-f890969bfbcf,SYN-WB-3C3DCEBDE5,Sapele Terminal,RIVER,RIVERS,Sapele Terminal → RIVER,300.0,synthetic,6.0,360.0,2,0,0,0,bitumen_60_70,20000.0,tanker,33000.0,0.6061,11.5,27.9,16.4,27.31,371.0,Synthetic Customer - Rivers,360.0,2025-12-08T08:01:29.956114+00:00
93ad736e-fede-4927-9fc5-fa14c6fe23c7,SYN-WB-7242339FB6,Sapele Terminal,"Ondo, Nigeria","Ondo, Nigeria",Sapele Terminal → ONDO,300.0,synthetic,6.0,360.0,3,4,0,0,aviation_turbine_kerosene,33000.0,tanker,40000.0,0.825,10.5,37.56,27.06,36.79,336.0,Synthetic Customer - Ondo,360.0,2026-02-20T09:11:29.956114+00:00
5a22e826-a9b6-40a3-95aa-eb971f371b2a,SYN-WB-4EA079BEF0,PHC Terminal,"Minna, Nigeria","Minna, Nigeria",PHC Terminal → MINNA,3600.0,synthetic,72.0,4320.0,2,5,1,0,heavy_fuel_oil,20000.0,tanker,20000.0,1.0,12.5,28.9,16.4,30.24,220.0,Synthetic Customer - Minna,4320.0,2025-11-11T02:48:29.956114+00:00
1e462d29-854d-4108-9fb1-14f89232a7f3,SYN-WB-92BA616C59,Sapele Terminal,OBURARA,OBURARA,Sapele Terminal → OBURARA,2400.0,synthetic,48.0,2880.0,14,6,1,0,anionic_bitumen_emulsion,25000.0,tanker,25000.0,1.0,12.5,33.0,20.5,34.3,480.0,Synthetic Customer - Oburara,2880.0,2025-09-09T14:29:29.956114+00:00
1b1c0c31-10ca-4cbf-a49a-4a64e470c0b2,SYN-WB-9E078B02B9,Kano Terminal,"Sokoto, Nigeria","Sokoto, Nigeria",Kano Terminal → SOKOTO,2400.0,synthetic,48.0,2880.0,2,5,1,0,transmission_fluid,25000.0,tanker,25000.0,1.0,11.5,32.0,20.5,34.78,441.0,Synthetic Customer - Sokoto,2880.0,2026-02-23T02:31:29.956114+00:00
9104fe75-14d0-418b-b6ac-00a13a9a48f1,SYN-WB-18D144B729,Gwagwalada Terminal,"Lagos, Nigeria","Lagos, Nigeria",Gwagwalada Terminal → LAGOS,3600.0,synthetic,72.0,4320.0,7,0,0,1,liquefied_natural_gas,30000.0,tanker,40000.0,0.75,12.0,36.6,24.6,28.31,217.0,Synthetic Customer - Lagos,4320.0,2026-02-19T07:01:29.956114+00:00
6dfba17b-9106-4023-bfc8-f8980505df4b,SYN-WB-39230024BB,Gwagwalada Terminal,"Talata Mafara, Nigeria","Talata Mafara, Nigeria",Gwagwalada Terminal → TALATA MAFARA,1600.0,synthetic,32.0,1920.0,12,2,0,0,marine_diesel_oil,35000.0,tanker,35000.0,1.0,11.0,39.7,28.7,36.79,403.0,Synthetic Customer - Talata Mafara,1920.0,2026-03-12T20:07:29.956114+00:00
3368769e-aa6f-4127-9b2f-a33b0810531c,SYN-WB-779B7CAB22,Sapele Terminal,"Ilorin, Nigeria","Ilorin, Nigeria",Sapele Terminal → ILORIN,1450.0,synthetic,29.0,1740.0,8,6,1,1,cutback_bitumen,20000.0,tanker,20000.0,1.0,13.5,29.9,16.4,29.69,222.0,Synthetic Customer - Ilorin,1740.0,2026-04-06T13:06:29.956114+00:00
78c991ab-0bcf-47e5-a034-b67cdb992816,SYN-WB-1DC212CCF8,PHC Terminal,"Ogbomoso, Nigeria","Ogbomoso, Nigeria",PHC Terminal → OGBOMOSO,1500.0,synthetic,30.0,1800.0,12,0,0,0,paraffin_wax,25000.0,tanker,25000.0,1.0,12.0,32.5,20.5,37.53,102.0,Synthetic Customer - Ogbomoso,1800.0,2025-09-09T18:17:29.956114+00:00
a770a780-dba6-4a63-a7bd-c99512878f53,SYN-WB-90F1049132,Gwagwalada Terminal,"Anambra, Nigeria","Anambra, Nigeria",Gwagwalada Terminal → ANAMBRA,1200.0,synthetic,24.0,1440.0,12,3,0,0,compressed_natural_gas,25000.0,tanker,40000.0,0.625,13.5,34.0,20.5,35.49,473.0,Synthetic Customer - Anambra,1440.0,2025-12-05T12:32:29.956114+00:00
b8afc988-6886-4e2c-a303-487cbafc50a2,SYN-WB-86728410CD,PHC Terminal,"Kaiama, Nigeria","Kaiama, Nigeria",PHC Terminal → KAIAMA,2700.0,synthetic,54.0,3240.0,5,1,0,0,anionic_bitumen_emulsion,33000.0,tanker,35000.0,0.9429,10.5,37.56,27.06,31.44,295.0,Synthetic Customer - Kaiama,3240.0,2025-09-04T11:30:29.956114+00:00
2c9d4833-a566-4dad-a237-2547794e999b,SYN-WB-D9B49CC679,Sapele Terminal,"Biu, Nigeria","Biu, Nigeria",Sapele Terminal → BIU,4800.0,synthetic,96.0,5760.0,9,6,1,1,base_oil,25000.0,tanker,40000.0,0.625,11.5,32.0,20.5,34.46,109.0,Synthetic Customer - Biu,5760.0,2026-07-16T09:38:29.956114+00:00
7d226817-6d46-4b13-8b88-9029930d8364,SYN-WB-22DEF264FB,Sapele Terminal,"Kano, Nigeria","Kano, Nigeria",Sapele Terminal → KANO,3600.0,synthetic,72.0,4320.0,8,1,0,1,paraffin_wax,30000.0,tanker,40000.0,0.75,12.0,36.6,24.6,31.8,494.0,Synthetic Customer - Kano,4320.0,2026-05-22T08:10:29.956114+00:00
0f7c517c-1374-4d8c-8f8c-3bc130771dc1,SYN-WB-83270CA21F,Gwagwalada Terminal,"Anambra, Nigeria","Anambra, Nigeria",Gwagwalada Terminal → ANAMBRA,1200.0,synthetic,24.0,1440.0,2,3,0,0,low_pour_fuel_oil,35000.0,tanker,35000.0,1.0,12.0,40.7,28.7,36.75,408.0,Synthetic Customer - Anambra,1440.0,2026-07-17T02:43:29.956114+00:00
d827de1a-de06-47d9-b1dc-c7d779fded44,SYN-WB-2B0CF12C03,Gwagwalada Terminal,"Ilorin, Nigeria","Ilorin, Nigeria",Gwagwalada Terminal → ILORIN,3600.0,synthetic,72.0,4320.0,1,5,1,0,low_pour_fuel_oil,25000.0,tanker,40000.0,0.625,12.0,32.5,20.5,25.7,410.0,Synthetic Customer - Ilorin,4320.0,2025-11-04T01:31:29.956114+00:00
c24a0852-377d-4912-843a-fc3a3c5b6b29,SYN-WB-FB15238CF3,Sapele Terminal,"Bauchi, Nigeria","Bauchi, Nigeria",Sapele Terminal → BAUCHI,3600.0,synthetic,72.0,4320.0,3,1,0,0,hydraulic_oil,33000.0,tanker,40000.0,0.825,12.0,39.06,27.06,29.31,259.0,Synthetic Customer - Bauchi,4320.0,2026-06-26T03:44:29.956114+00:00
4b46546b-c3a3-4e10-91c3-f681ca5d2ca8,SYN-WB-C872FF74EC,Sapele Terminal,"Bauchi, Nigeria","Bauchi, Nigeria",Sapele Terminal → BAUCHI,3600.0,synthetic,72.0,4320.0,12,1,0,0,dual_purpose_kerosene,35000.0,tanker,40000.0,0.875,10.5,39.2,28.7,32.58,184.0,Synthetic Customer - Bauchi,4320.0,2026-06-12T12:44:29.956114+00:00
a6b890e1-6ce2-444b-9850-54da678685d1,SYN-WB-59D8975AA0,Sapele Terminal,"Osogbo, Nigeria","Osogbo, Nigeria",Sapele Terminal → OSOGBO,1200.0,synthetic,24.0,1440.0,11,6,1,0,bitumen_40_50,30000.0,tanker,40000.0,0.75,11.0,35.6,24.6,32.78,376.0,Synthetic Customer - Osogbo,1440.0,2026-02-16T11:24:29.956114+00:00
a0ca54bd-2fc1-4792-b6be-31d315c014ee,SYN-WB-24C6AB2DB2,Kano Terminal,"Maiduguri, Nigeria","Maiduguri, Nigeria",Kano Terminal → MAIDUGURI,1200.0,synthetic,24.0,1440.0,14,5,1,0,cutback_bitumen,25000.0,tanker,35000.0,0.7143,12.0,32.5,20.5,28.36,307.0,Synthetic Customer - Maiduguri,1440.0,2025-11-23T14:13:29.956114+00:00
2800bfa1-dc46-4bb3-922b-ccb6cf9559b6,SYN-WB-8D878C400F,Gwagwalada Terminal,"Katsina, Nigeria","Katsina, Nigeria",Gwagwalada Terminal → KATSINA,2400.0,synthetic,48.0,2880.0,2,1,0,0,bitumen_40_50,20000.0,tanker,20000.0,1.0,11.0,27.4,16.4,33.94,235.0,Synthetic Customer - Katsina,2880.0,2025-10-16T02:55:29.956114+00:00
9330a719-d042-4ef9-8e0b-c98463b519f0,SYN-WB-1A500320DA,Sapele Terminal,"Ilorin, Nigeria","Ilorin, Nigeria",Sapele Terminal → ILORIN,1450.0,synthetic,29.0,1740.0,2,4,0,0,transmission_fluid,35000.0,tanker,40000.0,0.875,13.0,41.7,28.7,36.66,496.0,Synthetic Customer - Ilorin,1740.0,2026-06-20T07:34:29.956114+00:00
fac85557-a2e6-4358-b6e8-0e4ebbacde92,SYN-WB-7260086B9C,Sapele Terminal,"Gusau, Nigeria","Gusau, Nigeria",Sapele Terminal → GUSAU,4800.0,synthetic,96.0,5760.0,1,2,0,0,engine_oil,25000.0,tanker,25000.0,1.0,12.5,33.0,20.5,35.74,410.0,Synthetic Customer - Gusau,5760.0,2025-10-26T01:24:29.956114+00:00
ecf501eb-123e-4dbe-8be8-478a81aa97a2,SYN-WB-D4CD8C4A34,Sapele Terminal,"Mubi, Nigeria","Mubi, Nigeria",Sapele Terminal → MUBI,6000.0,synthetic,120.0,7200.0,3,6,1,0,natural_gas,25000.0,tanker,25000.0,1.0,13.0,33.5,20.5,31.47,338.0,Synthetic Customer - Mubi,7200.0,2025-11-07T03:52:29.956114+00:00
1654a16c-ed5b-40ce-8a06-2aa0dff694ae,SYN-WB-B74A16A95C,Sapele Terminal,"Mokwa, Nigeria","Mokwa, Nigeria",Sapele Terminal → MOKWA,2400.0,synthetic,48.0,2880.0,3,5,1,0,solvent,25000.0,tanker,25000.0,1.0,12.5,33.0,20.5,28.08,173.0,Synthetic Customer - Mokwa,2880.0,2025-09-15T03:07:29.956114+00:00
e0966c06-7186-4b63-8d4a-eba2a4c78b86,SYN-WB-E323547863,PHC Terminal,"Aba, Nigeria","Aba, Nigeria",PHC Terminal → ABA,150.0,synthetic,3.0,180.0,14,6,1,0,marine_gas_oil,20000.0,tanker,20000.0,1.0,11.5,27.9,16.4,29.05,315.0,Synthetic Customer - Aba,180.0,2026-06-07T17:51:29.956114+00:00
16974bbc-0282-4df6-b521-68b7dad3acd9,SYN-WB-FE4AB57132,Gwagwalada Terminal,"Damaturu, Nigeria","Damaturu, Nigeria",Gwagwalada Terminal → DAMATURU,2400.0,synthetic,48.0,2880.0,4,6,1,0,bitumen_60_70,20000.0,tanker,40000.0,0.5,12.0,28.4,16.4,34.34,209.0,Synthetic Customer - Damaturu,2880.0,2026-02-03T04:56:29.956114+00:00
43919e9e-ac18-431e-a540-ecf47c26ac2d,SYN-WB-0F218BDEB1,Sapele Terminal,"Mowe, Nigeria","Mowe, Nigeria",Sapele Terminal → MOWE,1200.0,synthetic,24.0,1440.0,9,4,0,1,polymer_modified_bitumen,40000.0,tanker,40000.0,1.0,12.0,44.8,32.8,37.17,487.0,Synthetic Customer - Mowe,1440.0,2025-10-18T09:23:29.956114+00:00
bb789bc9-c59c-4d25-8ed9-f995c9b0b6d8,SYN-WB-060A7CFC76,Sapele Terminal,"Uyo, Nigeria","Uyo, Nigeria",Sapele Terminal → UYO,1350.0,synthetic,27.0,1620.0,11,1,0,0,marine_gas_oil,33000.0,tanker,33000.0,1.0,13.5,40.56,27.06,28.06,101.0,Synthetic Customer - Uyo,1620.0,2026-05-13T14:15:29.956114+00:00
2e9dd433-fb43-4290-b338-2b730af31339,SYN-WB-23E3640C82,Gwagwalada Terminal,"Mowe, Nigeria","Mowe, Nigeria",Gwagwalada Terminal → MOWE,2400.0,synthetic,48.0,2880.0,13,5,1,0,gear_oil,20000.0,tanker,20000.0,1.0,11.5,27.9,16.4,33.1,439.0,Synthetic Customer - Mowe,2880.0,2026-05-11T13:59:29.956114+00:00
40e5ee9f-0859-4a12-8da7-3b579312f372,SYN-WB-2D702C6A94,PHC Terminal,"Talata Mafara, Nigeria","Talata Mafara, Nigeria",PHC Terminal → TALATA MAFARA,6000.0,synthetic,120.0,7200.0,1,1,0,0,engine_oil,20000.0,tanker,25000.0,0.8,13.0,29.4,16.4,37.26,380.0,Synthetic Customer - Talata Mafara,7200.0,2025-09-07T01:26:29.956114+00:00
fcc65171-3e4d-484f-a9d2-3c8b499481b8,SYN-WB-E69CD6A436,Kano Terminal,"Enugu, Nigeria","Enugu, Nigeria",Kano Terminal → ENUGU,2400.0,synthetic,48.0,2880.0,11,6,1,0,household_kerosene,35000.0,tanker,35000.0,1.0,11.5,40.2,28.7,29.11,300.0,Synthetic Customer - Enugu,2880.0,2025-09-09T11:18:29.956114+00:00
a4c2a267-8648-4da4-9ce4-327ee64c693f,SYN-WB-69E5E562D6,Kano Terminal,"Sapele, Nigeria","Sapele, Nigeria",Kano Terminal → SAPELE,3600.0,synthetic,72.0,4320.0,13,4,0,0,natural_gas,25000.0,tanker,25000.0,1.0,12.5,33.0,20.5,36.07,445.0,Synthetic Customer - Sapele,4320.0,2026-03-16T13:58:29.956114+00:00
43b7376f-664e-425e-9bf1-5b58394d1765,SYN-WB-E7860C29AF,Gwagwalada Terminal,"Okene, Nigeria","Okene, Nigeria",Gwagwalada Terminal → OKENE,300.0,synthetic,6.0,360.0,4,6,1,0,cationic_bitumen_emulsion,25000.0,tanker,40000.0,0.625,11.5,32.0,20.5,34.27,290.0,Synthetic Customer - Okene,360.0,2025-08-24T10:51:29.956114+00:00
efca8e1b-556e-4266-ae17-71c1b44a695c,SYN-WB-F5B34AE70F,Sapele Terminal,"Abuja, Nigeria","Abuja, Nigeria",Sapele Terminal → ABUJA,2400.0,synthetic,48.0,2880.0,10,3,0,0,dual_purpose_kerosene,33000.0,tanker,33000.0,1.0,13.5,40.56,27.06,31.37,422.0,Synthetic Customer - Abuja,2880.0,2026-05-16T10:47:29.956114+00:00
ad9d2b07-cfcf-4033-b24b-331e057adeba,SYN-WB-AD639440E4,Sapele Terminal,"Bida, Nigeria","Bida, Nigeria",Sapele Terminal → BIDA,4800.0,synthetic,96.0,5760.0,5,0,0,0,bitumen_60_70,25000.0,tanker,25000.0,1.0,13.5,34.0,20.5,30.3,458.0,Synthetic Customer - Bida,5760.0,2025-12-12T05:05:29.956114+00:00
e4c326e9-213d-4896-b597-484300dddd63,SYN-WB-435A6DB130,Sapele Terminal,"Minna, Nigeria","Minna, Nigeria",Sapele Terminal → MINNA,3600.0,synthetic,72.0,4320.0,12,6,1,0,marine_gas_oil,40000.0,tanker,40000.0,1.0,10.5,43.3,32.8,31.1,146.0,Synthetic Customer - Minna,4320.0,2025-12-10T12:48:29.956114+00:00
eb6214f5-5b41-4ed9-84b5-3a8cf60ff19a,SYN-WB-20841FC709,PHC Terminal,"Maiduguri, Nigeria","Maiduguri, Nigeria",PHC Terminal → MAIDUGURI,6000.0,synthetic,120.0,7200.0,8,0,0,1,household_kerosene,20000.0,tanker,20000.0,1.0,12.0,28.4,16.4,30.31,119.0,Synthetic Customer - Maiduguri,7200.0,2026-02-28T08:16:29.956114+00:00
ab244c72-e621-4c84-aaa2-ae2c73c0e3ad,SYN-WB-C993AE0649,PHC Terminal,"Kano, Nigeria","Kano, Nigeria",PHC Terminal → KANO,3600.0,synthetic,72.0,4320.0,7,1,0,1,household_kerosene,20000.0,tanker,20000.0,1.0,11.0,27.4,16.4,28.33,188.0,Synthetic Customer - Kano,4320.0,2026-02-13T07:28:29.956114+00:00
ce67c068-8d4a-4654-956d-4f49f0b10a96,SYN-WB-311A275B3B,Kano Terminal,"Port Harcourt, Nigeria","Port Harcourt, Nigeria",Kano Terminal → PHC,4800.0,synthetic,96.0,5760.0,2,2,0,0,solvent,33000.0,tanker,35000.0,0.9429,13.5,40.56,27.06,27.18,417.0,Synthetic Customer - Port Harcourt,5760.0,2026-03-29T02:54:29.956114+00:00
626af7aa-f4d3-43db-ad0b-8434f6dc88af,SYN-WB-C13967890A,PHC Terminal,"Mayo-Belwa, Nigeria","Mayo-Belwa, Nigeria",PHC Terminal → MAYO BELWA,3600.0,synthetic,72.0,4320.0,5,3,0,0,bitumen_40_50,25000.0,tanker,40000.0,0.625,11.5,32.0,20.5,27.66,434.0,Synthetic Customer - Mayo-Belwa,4320.0,2026-06-21T05:02:29.956114+00:00
62937138-0333-4ed8-9f76-a940465008c1,SYN-WB-4650B8D844,Sapele Terminal,"Jebba, Nigeria","Jebba, Nigeria",Sapele Terminal → JEBBA,2400.0,synthetic,48.0,2880.0,2,5,1,0,grease,25000.0,tanker,25000.0,1.0,10.5,31.0,20.5,26.44,245.0,Synthetic Customer - Jebba,2880.0,2026-03-30T02:51:29.956114+00:00
445d7560-5970-48da-a6b8-31250c0494a0,SYN-WB-7871F2BC58,Sapele Terminal,"Gusau, Nigeria","Gusau, Nigeria",Sapele Terminal → GUSAU,4800.0,synthetic,96.0,5760.0,6,1,0,0,marine_diesel_oil,35000.0,tanker,40000.0,0.875,13.0,41.7,28.7,35.12,299.0,Synthetic Customer - Gusau,5760.0,2026-05-02T06:46:29.956114+00:00
dcd1fd57-7a78-477b-96e3-88e3126f2665,SYN-WB-09B1E498FB,Kano Terminal,"Anambra, Nigeria","Anambra, Nigeria",Kano Terminal → ANAMBRA,3600.0,synthetic,72.0,4320.0,2,2,0,0,liquefied_natural_gas,20000.0,tanker,20000.0,1.0,11.5,27.9,16.4,34.86,381.0,Synthetic Customer - Anambra,4320.0,2025-09-06T02:25:29.956114+00:00
3c1dee32-df52-4e50-80d6-d07d283b99f7,SYN-WB-64A1B28177,Gwagwalada Terminal,"Lagos, Nigeria","Lagos, Nigeria",Gwagwalada Terminal → LAGOS,3600.0,synthetic,72.0,4320.0,6,4,0,0,polymer_modified_bitumen,20000.0,tanker,20000.0,1.0,10.5,26.9,16.4,37.66,483.0,Synthetic Customer - Lagos,4320.0,2025-09-08T06:38:29.956114+00:00
e5a4ffc4-d3ba-4c0d-9366-b82a27536535,SYN-WB-209D7665F1,PHC Terminal,"Abeokuta, Nigeria","Abeokuta, Nigeria",PHC Terminal → ABEOKUTA,1200.0,synthetic,24.0,1440.0,8,2,0,1,base_oil,30000.0,tanker,35000.0,0.8571,13.5,38.1,24.6,36.17,415.0,Synthetic Customer - Abeokuta,1440.0,2026-03-12T08:53:29.956114+00:00
64353514-8777-4a54-b3cb-57edd5e9a3e3,SYN-WB-62E1CCD859,Sapele Terminal,"Aba, Nigeria","Aba, Nigeria",Sapele Terminal → ABA,1200.0,synthetic,24.0,1440.0,7,3,0,1,marine_gas_oil,25000.0,tanker,25000.0,1.0,13.0,33.5,20.5,37.34,421.0,Synthetic Customer - Aba,1440.0,2025-09-05T07:34:29.956114+00:00
14a44bd7-3a12-4b8a-9dfe-d6cb982d3ece,SYN-WB-C276408FD4,Kano Terminal,"Mayo-Belwa, Nigeria","Mayo-Belwa, Nigeria",Kano Terminal → MAYO BELWA,2400.0,synthetic,48.0,2880.0,8,2,0,1,bitumen_40_50,20000.0,tanker,25000.0,0.8,11.5,27.9,16.4,32.19,142.0,Synthetic Customer - Mayo-Belwa,2880.0,2025-12-12T08:05:29.956114+00:00
9279578d-99e8-474f-9eaa-5fb3fd4d74b3,SYN-WB-DE2313D3E4,Sapele Terminal,"Damaturu, Nigeria","Damaturu, Nigeria",Sapele Terminal → DAMATURU,6000.0,synthetic,120.0,7200.0,3,2,0,0,household_kerosene,20000.0,tanker,20000.0,1.0,12.5,28.9,16.4,37.21,120.0,Synthetic Customer - Damaturu,7200.0,2026-04-06T03:21:29.956114+00:00
9d31b5eb-169b-406c-aa73-d50b26ef1f48,SYN-WB-135E3AAE07,Sapele Terminal,"Oyo, Nigeria","Oyo, Nigeria",Sapele Terminal → OYO,1200.0,synthetic,24.0,1440.0,7,6,1,1,bitumen_60_70,30000.0,tanker,40000.0,0.75,10.5,35.1,24.6,32.08,152.0,Synthetic Customer - Oyo,1440.0,2026-02-02T07:38:29.956114+00:00
fe3c6ef6-6b64-4631-8e44-206326933032,SYN-WB-15D1066837,Sapele Terminal,"Ogun, Nigeria","Ogun, Nigeria",Sapele Terminal → OGUN,1200.0,synthetic,24.0,1440.0,13,3,0,0,premium_motor_spirit,25000.0,tanker,25000.0,1.0,11.5,32.0,20.5,29.47,310.0,Synthetic Customer - Ogun,1440.0,2026-04-17T13:50:29.956114+00:00
8f22790f-2dff-47b7-9ee1-12387d683db9,SYN-WB-CDC90C4C67,PHC Terminal,"Umuahia, Nigeria","Umuahia, Nigeria",PHC Terminal → UMUAHIA,200.0,synthetic,4.0,240.0,3,0,0,0,cutback_bitumen,20000.0,tanker,20000.0,1.0,11.5,27.9,16.4,29.04,402.0,Synthetic Customer - Umuahia,240.0,2026-06-15T07:59:29.956114+00:00
0ac2bfa0-b183-4824-9c33-a53fc5c0e78f,SYN-WB-6619842D11,PHC Terminal,"Gombe, Nigeria","Gombe, Nigeria",PHC Terminal → GOMBE,3600.0,synthetic,72.0,4320.0,3,5,1,0,marine_diesel_oil,20000.0,tanker,40000.0,0.5,11.0,27.4,16.4,35.6,265.0,Synthetic Customer - Gombe,4320.0,2025-12-09T03:14:29.956114+00:00
111dfe67-7e16-4e28-8e21-def95198aa41,SYN-WB-6387BAE845,Sapele Terminal,"Birnin Kebbi, Nigeria","Birnin Kebbi, Nigeria",Sapele Terminal → BIRNIN KEBBI,7200.0,synthetic,144.0,8640.0,5,0,0,0,polymer_modified_bitumen,25000.0,tanker,33000.0,0.7576,10.5,31.0,20.5,31.52,348.0,Synthetic Customer - Birnin Kebbi,8640.0,2026-03-01T05:51:29.956114+00:00
61a7dd03-59d5-419d-a9cb-8c3caa97106c,SYN-WB-07FC8A4427,PHC Terminal,"Umuahia, Nigeria","Umuahia, Nigeria",PHC Terminal → UMUAHIA,200.0,synthetic,4.0,240.0,3,0,0,0,bitumen_40_50,33000.0,tanker,35000.0,0.9429,12.5,39.56,27.06,31.16,248.0,Synthetic Customer - Umuahia,240.0,2026-01-26T07:32:29.956114+00:00
e09ff269-1ef9-4ee2-bfb7-7f6fa204dea2,SYN-WB-2A719CC728,Sapele Terminal,RIVERS,RIVER,Sapele Terminal → RIVERS,300.0,synthetic,6.0,360.0,3,1,0,0,bitumen_40_50,40000.0,tanker,40000.0,1.0,12.0,44.8,32.8,31.8,427.0,Synthetic Customer - Rivers,360.0,2026-05-19T09:51:29.956114+00:00
e973830a-d5c5-401f-91c8-841a75ecbcfe,SYN-WB-F78DE91637,PHC Terminal,"Kwara, Nigeria","Kwara, Nigeria",PHC Terminal → KWARA,2400.0,synthetic,48.0,2880.0,2,6,1,0,premium_motor_spirit,35000.0,tanker,35000.0,1.0,12.0,40.7,28.7,33.85,102.0,Synthetic Customer - Kwara,2880.0,2026-03-31T02:02:29.956114+00:00
3d7d1815-b5d8-47dc-b5dc-d92451b46172,SYN-WB-6DF739BEAB,Gwagwalada Terminal,"Maiduguri, Nigeria","Maiduguri, Nigeria",Gwagwalada Terminal → MAIDUGURI,2400.0,synthetic,48.0,2880.0,10,2,0,0,heavy_fuel_oil,30000.0,tanker,30000.0,1.0,13.5,38.1,24.6,34.64,286.0,Synthetic Customer - Maiduguri,2880.0,2026-06-05T10:57:29.956114+00:00
f215439f-f3d9-49c9-a957-42e2536fff3c,SYN-WB-F57FB5765C,PHC Terminal,"Umuahia, Nigeria","Umuahia, Nigeria",PHC Terminal → UMUAHIA,200.0,synthetic,4.0,240.0,3,1,0,0,engine_oil,35000.0,tanker,35000.0,1.0,11.0,39.7,28.7,32.93,490.0,Synthetic Customer - Umuahia,240.0,2025-11-25T07:04:29.956114+00:00
3e5aa95f-8117-4f4f-b963-9d8502948f08,SYN-WB-8AA55C4E74,Sapele Terminal,FUTUA,FUTUA,Sapele Terminal → FUTUA,4800.0,synthetic,96.0,5760.0,14,3,0,0,solvent,33000.0,tanker,40000.0,0.825,12.5,39.56,27.06,35.0,234.0,Synthetic Customer - Futua,5760.0,2026-07-06T14:17:29.956114+00:00
ffc1bc84-bb20-4340-9ce6-ebeeed0b5cf9,SYN-WB-1C9FFE7A0B,Gwagwalada Terminal,FUTUA,FUTUA,Gwagwalada Terminal → FUTUA,1200.0,synthetic,24.0,1440.0,9,4,0,1,anionic_bitumen_emulsion,40000.0,tanker,40000.0,1.0,12.0,44.8,32.8,26.33,465.0,Synthetic Customer - Futua,1440.0,2026-04-04T09:38:29.956114+00:00
08b786a0-3623-4a8b-a62e-a58804cc69c7,SYN-WB-CFFAA58F02,Kano Terminal,"Biu, Nigeria","Biu, Nigeria",Kano Terminal → BIU,1200.0,synthetic,24.0,1440.0,9,2,0,1,transmission_fluid,20000.0,tanker,20000.0,1.0,13.5,29.9,16.4,27.22,199.0,Synthetic Customer - Biu,1440.0,2026-08-13T09:11:29.956114+00:00
f47e6ae2-e495-4794-8f51-c4eaec44dbf0,SYN-WB-547E7145E8,PHC Terminal,"Calabar, Nigeria","Calabar, Nigeria",PHC Terminal → CALABAR,1200.0,synthetic,24.0,1440.0,13,1,0,0,household_kerosene,25000.0,tanker,25000.0,1.0,13.5,34.0,20.5,27.53,258.0,Synthetic Customer - Calabar,1440.0,2025-09-10T13:03:29.956114+00:00
fe8fbc8e-aa42-4bff-b2d3-c47ded9e3a00,SYN-WB-1D876DEC3E,PHC Terminal,"Abuja, Nigeria","Abuja, Nigeria",PHC Terminal → ABUJA,2400.0,synthetic,48.0,2880.0,5,6,1,0,cutback_bitumen,40000.0,tanker,40000.0,1.0,13.5,46.3,32.8,37.64,216.0,Synthetic Customer - Abuja,2880.0,2026-01-20T05:17:29.956114+00:00
62cc9070-6ce7-49e8-bbd1-e91a03ec286d,SYN-WB-67223EBD0A,Kano Terminal,"Bauchi, Nigeria","Bauchi, Nigeria",Kano Terminal → BAUCHI,500.0,synthetic,10.0,600.0,13,3,0,0,bitumen_40_50,20000.0,tanker,25000.0,0.8,13.0,29.4,16.4,26.42,473.0,Synthetic Customer - Bauchi,600.0,2026-08-06T23:57:29.956114+00:00
3f3ff9cb-7be8-45a0-b542-557e2438c37c,SYN-WB-7A6690E14B,Sapele Terminal,"Uyo, Nigeria","Uyo, Nigeria",Sapele Terminal → UYO,1350.0,synthetic,27.0,1620.0,4,2,0,0,engine_oil,20000.0,tanker,20000.0,1.0,10.5,26.9,16.4,27.82,310.0,Synthetic Customer - Uyo,1620.0,2026-02-05T07:36:29.956114+00:00
8cba8005-445a-42b0-a363-b48942025d16,SYN-WB-2B6797EEAC,Sapele Terminal,"Kaduna, Nigeria","Kaduna, Nigeria",Sapele Terminal → KADUNA,2400.0,synthetic,48.0,2880.0,4,1,0,0,marine_diesel_oil,33000.0,tanker,33000.0,1.0,13.0,40.06,27.06,37.22,282.0,Synthetic Customer - Kaduna,2880.0,2026-04-09T04:31:29.956114+00:00
015bc56c-efc6-43f9-bfe6-51ac5b770668,SYN-WB-E13ED958C6,Sapele Terminal,"Uyo, Nigeria","Uyo, Nigeria",Sapele Terminal → UYO,1350.0,synthetic,27.0,1620.0,10,4,0,0,polymer_modified_bitumen,20000.0,tanker,20000.0,1.0,11.5,27.9,16.4,31.91,296.0,Synthetic Customer - Uyo,1620.0,2026-04-04T13:00:29.956114+00:00
695db3a3-3055-4b67-8225-2b0b5b167f6f,SYN-WB-D87347B407,PHC Terminal,"Enugu, Nigeria","Enugu, Nigeria",PHC Terminal → ENUGU,400.0,synthetic,8.0,480.0,12,5,1,0,compressed_natural_gas,35000.0,tanker,35000.0,1.0,12.0,40.7,28.7,29.03,456.0,Synthetic Customer - Enugu,480.0,2025-08-30T20:38:29.956114+00:00
8c5292fa-593b-4c5b-a64a-09316114b919,SYN-WB-EE47D47668,Sapele Terminal,"Biu, Nigeria","Biu, Nigeria",Sapele Terminal → BIU,4800.0,synthetic,96.0,5760.0,12,5,1,0,cationic_bitumen_emulsion,35000.0,tanker,40000.0,0.875,13.5,42.2,28.7,36.66,308.0,Synthetic Customer - Biu,5760.0,2025-10-29T12:06:29.956114+00:00
e26cd244-f55e-4e89-bfde-f0fdb0812963,SYN-WB-9F93B8FF4B,Kano Terminal,"Katsina, Nigeria","Katsina, Nigeria",Kano Terminal → KATSINA,1200.0,synthetic,24.0,1440.0,11,1,0,0,crumb_rubber_modified_bitumen,20000.0,tanker,20000.0,1.0,13.5,29.9,16.4,30.61,310.0,Synthetic Customer - Katsina,1440.0,2026-02-25T11:28:29.956114+00:00
c13ea4a7-5fa2-4732-a1e0-748229ebde58,SYN-WB-F9CF343659,PHC Terminal,"Birnin Kebbi, Nigeria","Birnin Kebbi, Nigeria",PHC Terminal → BIRNIN KEBBI,7200.0,synthetic,144.0,8640.0,5,3,0,0,hydraulic_oil,25000.0,tanker,35000.0,0.7143,11.0,31.5,20.5,33.42,210.0,Synthetic Customer - Birnin Kebbi,8640.0,2026-07-29T05:02:29.956114+00:00
b213ee36-0805-4fed-aee9-688294a9d282,SYN-WB-96C044067E,Sapele Terminal,"Nasarawa, Nigeria","Nasarawa, Nigeria",Sapele Terminal → NASARAWA,3600.0,synthetic,72.0,4320.0,10,1,0,0,compressed_natural_gas,20000.0,tanker,40000.0,0.5,11.0,27.4,16.4,32.63,290.0,Synthetic Customer - Nasarawa,4320.0,2025-10-17T10:00:29.956114+00:00
679a2dc8-e91f-4cc9-9a11-cb5fac180e27,SYN-WB-A7165095D3,Sapele Terminal,"Gusau, Nigeria","Gusau, Nigeria",Sapele Terminal → GUSAU,4800.0,synthetic,96.0,5760.0,7,4,0,1,dual_purpose_kerosene,33000.0,tanker,40000.0,0.825,13.0,40.06,27.06,25.01,157.0,Synthetic Customer - Gusau,5760.0,2025-10-14T07:42:29.956114+00:00
a09051d1-e588-44b3-9239-47e54cf2b518,SYN-WB-E082822D49,PHC Terminal,YENOGOA,YENOGOA,PHC Terminal → YENOGOA,250.0,synthetic,5.0,300.0,6,3,0,0,crumb_rubber_modified_bitumen,25000.0,tanker,25000.0,1.0,12.0,32.5,20.5,28.77,151.0,Synthetic Customer - Yenagoa,300.0,2025-09-18T11:17:29.956114+00:00
0186c90a-6f0e-4562-bb3c-9111ded4272a,SYN-WB-99D242F9FE,Sapele Terminal,"Kwara, Nigeria","Kwara, Nigeria",Sapele Terminal → KWARA,2400.0,synthetic,48.0,2880.0,1,4,0,0,base_oil,20000.0,tanker,40000.0,0.5,13.5,29.9,16.4,28.1,241.0,Synthetic Customer - Kwara,2880.0,2026-07-26T01:51:29.956114+00:00
3ae916ea-ddd1-409e-a9ba-1f228bc3da3e,SYN-WB-CD5BF81D71,PHC Terminal,"Sapele, Nigeria","Sapele, Nigeria",PHC Terminal → SAPELE,300.0,synthetic,6.0,360.0,10,2,0,0,liquefied_natural_gas,20000.0,tanker,20000.0,1.0,12.5,28.9,16.4,30.08,340.0,Synthetic Customer - Sapele,360.0,2025-11-19T16:50:29.956114+00:00
f8a85ccd-62c0-4871-8fff-9fc23fd0dbfb,SYN-WB-537AF2C5B2,Sapele Terminal,"Port Harcourt, Nigeria","Port Harcourt, Nigeria",Sapele Terminal → PORT-HAROURT,200.0,synthetic,4.0,240.0,11,2,0,0,cationic_bitumen_emulsion,25000.0,tanker,25000.0,1.0,13.5,34.0,20.5,33.93,465.0,Synthetic Customer - Port Harcourt,240.0,2026-06-10T15:37:29.956114+00:00
523f3cd5-dad8-4833-a2bc-e06ed1f5a230,SYN-WB-BD001E8734,Kano Terminal,"Uyo, Nigeria","Uyo, Nigeria",Kano Terminal → UYO,3600.0,synthetic,72.0,4320.0,4,5,1,0,solvent,20000.0,tanker,25000.0,0.8,13.5,29.9,16.4,29.42,310.0,Synthetic Customer - Uyo,4320.0,2025-09-16T04:57:29.956114+00:00
cbeadf18-dbd9-4185-8f10-0f754b51ddde,SYN-WB-4C4C5B9CA2,Sapele Terminal,"Port Harcourt, Nigeria","Port Harcourt, Nigeria",Sapele Terminal → PORT-HAROURT,200.0,synthetic,4.0,240.0,14,3,0,0,household_kerosene,25000.0,tanker,25000.0,1.0,11.5,32.0,20.5,25.76,266.0,Synthetic Customer - Port Harcourt,240.0,2026-05-28T18:31:29.956114+00:00
2efed5a4-827d-452b-93b6-d76fc5a03088,SYN-WB-66C5FE95C3,Gwagwalada Terminal,"Zamfara, Nigeria","Zamfara, Nigeria",Gwagwalada Terminal → ZAMFARA,1200.0,synthetic,24.0,1440.0,14,4,0,0,engine_oil,30000.0,tanker,30000.0,1.0,11.5,36.1,24.6,36.49,275.0,Synthetic Customer - Zamfara,1440.0,2025-10-18T14:38:29.956114+00:00
71910786-2cb6-49a4-b5fc-a2cc780b2177,SYN-WB-C680F04145,Kano Terminal,"Birnin Kebbi, Nigeria","Birnin Kebbi, Nigeria",Kano Terminal → BIRNIN KEBBI,2400.0,synthetic,48.0,2880.0,9,1,0,1,paraffin_wax,25000.0,tanker,25000.0,1.0,11.0,31.5,20.5,28.98,397.0,Synthetic Customer - Birnin Kebbi,2880.0,2026-08-06T09:10:29.956114+00:00
5f612119-beb0-4d27-9ec7-66d448113687,SYN-WB-94B5BB8A59,Sapele Terminal,"Zamfara, Nigeria","Zamfara, Nigeria",Sapele Terminal → ZAMFARA,4800.0,synthetic,96.0,5760.0,4,5,1,0,bitumen_40_50,20000.0,tanker,40000.0,0.5,13.5,29.9,16.4,34.06,116.0,Synthetic Customer - Zamfara,5760.0,2026-04-29T04:12:29.956114+00:00
c24917bd-4b56-4d74-8337-b40a6f8e75f7,SYN-WB-0BC3EC9750,Sapele Terminal,"Sokoto, Nigeria","Sokoto, Nigeria",Sapele Terminal → SOKOTO,6000.0,synthetic,120.0,7200.0,0,1,0,0,bitumen_40_50,33000.0,tanker,33000.0,1.0,13.5,40.56,27.06,32.62,218.0,Synthetic Customer - Sokoto,7200.0,2025-08-24T00:19:29.956114+00:00
4fc608b4-5f97-4d2a-b668-256ac0eb4740,SYN-WB-2F9D70FED9,Gwagwalada Terminal,"Maiduguri, Nigeria","Maiduguri, Nigeria",Gwagwalada Terminal → MAIDUGURI,2400.0,synthetic,48.0,2880.0,13,0,0,0,gear_oil,25000.0,tanker,40000.0,0.625,12.0,32.5,20.5,30.37,430.0,Synthetic Customer - Maiduguri,2880.0,2025-12-10T13:37:29.956114+00:00
2eb9bea6-abc9-47ca-bf0d-19833cabda0c,SYN-WB-BE3E443D75,Kano Terminal,"Gombe, Nigeria","Gombe, Nigeria",Kano Terminal → GOMBE,1200.0,synthetic,24.0,1440.0,5,0,0,0,solvent,35000.0,tanker,35000.0,1.0,10.5,39.2,28.7,28.44,141.0,Synthetic Customer - Gombe,1440.0,2026-03-24T05:53:29.956114+00:00
f17d7449-7da4-4efa-a0ef-1847a688e590,SYN-WB-850EA27A58,Sapele Terminal,"Gusau, Nigeria","Gusau, Nigeria",Sapele Terminal → GUSAU,4800.0,synthetic,96.0,5760.0,13,6,1,0,engine_oil,25000.0,tanker,25000.0,1.0,13.0,33.5,20.5,33.53,482.0,Synthetic Customer - Gusau,5760.0,2026-02-12T13:07:29.956114+00:00
5c3258f9-aa6c-4c24-8880-bed334ea3952,SYN-WB-D38D8D6132,Gwagwalada Terminal,"Uyo, Nigeria","Uyo, Nigeria",Gwagwalada Terminal → UYO,3600.0,synthetic,72.0,4320.0,7,6,1,1,bitumen_40_50,25000.0,tanker,35000.0,0.7143,13.5,34.0,20.5,35.11,183.0,Synthetic Customer - Uyo,4320.0,2025-10-22T07:54:29.956114+00:00
ed714fea-2dee-4762-adf2-6af3945bc0c9,SYN-WB-EBCF2B77C8,Sapele Terminal,"Kano, Nigeria","Kano, Nigeria",Sapele Terminal → KANO,3600.0,synthetic,72.0,4320.0,6,2,0,0,base_oil,40000.0,tanker,40000.0,1.0,11.0,43.8,32.8,30.91,410.0,Synthetic Customer - Kano,4320.0,2026-01-17T06:05:29.956114+00:00
f044aed1-23c0-4ba7-b852-1ba73ac699df,SYN-WB-1F92ED1A7A,Sapele Terminal,"Ilorin, Nigeria","Ilorin, Nigeria",Sapele Terminal → ILORIN,1450.0,synthetic,29.0,1740.0,13,5,1,0,grease,33000.0,tanker,33000.0,1.0,12.0,39.06,27.06,29.25,417.0,Synthetic Customer - Ilorin,1740.0,2025-11-23T18:22:29.956114+00:00
cbe2db9b-2136-47fe-8e63-effe6b1cd77a,SYN-WB-FC11113B4A,Kano Terminal,"Gusau, Nigeria","Gusau, Nigeria",Kano Terminal → GUSAU,400.0,synthetic,8.0,480.0,5,0,0,0,heavy_fuel_oil,20000.0,tanker,20000.0,1.0,11.0,27.4,16.4,27.67,118.0,Synthetic Customer - Gusau,480.0,2026-05-11T13:28:29.956114+00:00
0bb9041a-201e-486b-9209-ba386a63b180,SYN-WB-6726EDE1CE,Sapele Terminal,AKWAIBOM,"Uyo, Nigeria",Sapele Terminal → AKWAIBOM,1200.0,synthetic,24.0,1440.0,1,5,1,0,paraffin_wax,33000.0,tanker,33000.0,1.0,11.5,38.56,27.06,34.98,166.0,Synthetic Customer - Uyo,1440.0,2026-06-07T01:46:29.956114+00:00
302c7aef-3e71-4cab-a9c7-9e043b29f5f0,SYN-WB-BAAA8DE0D0,Gwagwalada Terminal,"Gusau, Nigeria","Gusau, Nigeria",Gwagwalada Terminal → GUSAU,1200.0,synthetic,24.0,1440.0,14,0,0,0,bitumen_80_100,25000.0,tanker,35000.0,0.7143,13.5,34.0,20.5,35.39,374.0,Synthetic Customer - Gusau,1440.0,2026-01-06T14:26:29.956114+00:00
d5248a97-ef19-4401-bfe5-8a3e7d4204cb,SYN-WB-47C90C8AD6,Sapele Terminal,"Bayelsa, Nigeria","Bayelsa, Nigeria",Sapele Terminal → BAYELSA,300.0,synthetic,6.0,360.0,13,5,1,0,bitumen_60_70,25000.0,tanker,40000.0,0.625,10.5,31.0,20.5,33.38,137.0,Synthetic Customer - Bayelsa,360.0,2026-06-27T19:38:29.956114+00:00
82c8c917-dd3b-4d25-823d-328a8df611be,SYN-WB-A43735EB87,Gwagwalada Terminal,"Ogbomoso, Nigeria","Ogbomoso, Nigeria",Gwagwalada Terminal → OGBOMOSO,3600.0,synthetic,72.0,4320.0,3,3,0,0,compressed_natural_gas,25000.0,tanker,25000.0,1.0,11.0,31.5,20.5,25.95,288.0,Synthetic Customer - Ogbomoso,4320.0,2026-03-15T03:33:29.956114+00:00
8f9e319d-bc48-4314-a3b6-2d0f043ae7e3,SYN-WB-541A8F31E2,Sapele Terminal,"Mayo-Belwa, Nigeria","Mayo-Belwa, Nigeria",Sapele Terminal → MAYO BELWA,3600.0,synthetic,72.0,4320.0,4,3,0,0,compressed_natural_gas,20000.0,tanker,20000.0,1.0,13.5,29.9,16.4,35.13,161.0,Synthetic Customer - Mayo-Belwa,4320.0,2025-12-14T04:22:29.956114+00:00
4be03724-d739-433f-9233-701e4f12d57b,SYN-WB-1AE2EAF254,Kano Terminal,"Zamfara, Nigeria","Zamfara, Nigeria",Kano Terminal → ZAMFARA,1200.0,synthetic,24.0,1440.0,12,4,0,0,aviation_turbine_kerosene,25000.0,tanker,25000.0,1.0,13.5,34.0,20.5,28.31,465.0,Synthetic Customer - Zamfara,1440.0,2026-02-14T12:21:29.956114+00:00
2f518d73-fc1f-4712-9fa5-69bd7482205f,SYN-WB-793ABD0A70,PHC Terminal,"Sokoto, Nigeria","Sokoto, Nigeria",PHC Terminal → SOKOTO,6000.0,synthetic,120.0,7200.0,11,6,1,0,bitumen_60_70,25000.0,tanker,25000.0,1.0,12.0,32.5,20.5,37.08,267.0,Synthetic Customer - Sokoto,7200.0,2026-07-24T11:16:29.956114+00:00
d16df14e-2029-444a-92d1-25d93f411cfc,SYN-WB-5D97C5366C,PHC Terminal,AKWAIBOM,AKWAIBOM,PHC Terminal → AKWAIBOM,400.0,synthetic,8.0,480.0,5,3,0,0,polymer_modified_bitumen,25000.0,tanker,40000.0,0.625,12.0,32.5,20.5,27.26,202.0,Synthetic Customer - Akwaibom,480.0,2025-09-18T13:47:29.956114+00:00
7471c173-3410-4847-b1f8-56cd2a80d4ea,SYN-WB-F5F7513ACF,PHC Terminal,"Jigawa, Nigeria","Jigawa, Nigeria",PHC Terminal → JIGAWA,3600.0,synthetic,72.0,4320.0,9,0,0,1,aviation_turbine_kerosene,20000.0,tanker,35000.0,0.5714,13.5,29.9,16.4,34.27,287.0,Synthetic Customer - Jigawa,4320.0,2025-12-25T09:14:29.956114+00:00
bfd52b35-83cb-49fc-aecf-9ccb8c8324e1,SYN-WB-7E1E0D5329,Gwagwalada Terminal,"Kontagora, Nigeria","Kontagora, Nigeria",Gwagwalada Terminal → KONTAGORA,1200.0,synthetic,24.0,1440.0,7,3,0,1,paraffin_wax,25000.0,tanker,25000.0,1.0,12.0,32.5,20.5,37.27,326.0,Synthetic Customer - Kontagora,1440.0,2026-05-15T07:17:29.956114+00:00
c721f3eb-8812-4c01-bbef-da279e095503,SYN-WB-698BB73AAE,Gwagwalada Terminal,"Ogun, Nigeria","Ogun, Nigeria",Gwagwalada Terminal → OGUN,2400.0,synthetic,48.0,2880.0,14,1,0,0,aviation_turbine_kerosene,20000.0,tanker,20000.0,1.0,12.0,28.4,16.4,27.73,314.0,Synthetic Customer - Ogun,2880.0,2026-02-19T14:01:29.956114+00:00
3de2e346-5e45-4b70-89e1-65f48dff8e5b,SYN-WB-C4E2DB176B,Sapele Terminal,"Anambra, Nigeria","Anambra, Nigeria",Sapele Terminal → ANAMBRA,1200.0,synthetic,24.0,1440.0,2,0,0,0,grease,30000.0,tanker,33000.0,0.9091,12.0,36.6,24.6,35.92,350.0,Synthetic Customer - Anambra,1440.0,2026-07-21T02:49:29.956114+00:00
83e711be-66c4-40f8-b4a3-339a6d912a9b,SYN-WB-8249B1E38B,PHC Terminal,"Lagos, Nigeria","Lagos, Nigeria",PHC Terminal → LAGOS,1500.0,synthetic,30.0,1800.0,10,6,1,0,liquefied_petroleum_gas,33000.0,tanker,40000.0,0.825,13.5,40.56,27.06,36.97,157.0,Synthetic Customer - Lagos,1800.0,2026-02-16T16:26:29.956114+00:00
c29774c6-d9b0-444b-8eda-aa02f3a2c8e3,SYN-WB-33BC398917,Sapele Terminal,"Borno, Nigeria","Borno, Nigeria",Sapele Terminal → BORNO,4800.0,synthetic,96.0,5760.0,13,3,0,0,premium_motor_spirit,20000.0,tanker,20000.0,1.0,13.5,29.9,16.4,25.19,377.0,Synthetic Customer - Borno,5760.0,2026-01-05T13:12:29.956114+00:00
e5aa6f24-095a-49a5-9b51-01c66869418c,SYN-WB-45917D3E6B,PHC Terminal,"Kaiama, Nigeria","Kaiama, Nigeria",PHC Terminal → KAIAMA,2700.0,synthetic,54.0,3240.0,7,1,0,1,marine_gas_oil,30000.0,tanker,40000.0,0.75,12.0,36.6,24.6,29.33,186.0,Synthetic Customer - Kaiama,3240.0,2025-10-02T13:05:29.956114+00:00
1b1b55f3-5fb7-40f2-a52a-4c972a559a26,SYN-WB-E0609E95EE,Kano Terminal,"Anambra, Nigeria","Anambra, Nigeria",Kano Terminal → ANAMBRA,3600.0,synthetic,72.0,4320.0,9,1,0,1,crumb_rubber_modified_bitumen,20000.0,tanker,20000.0,1.0,12.0,28.4,16.4,27.36,427.0,Synthetic Customer - Anambra,4320.0,2026-08-07T09:01:29.956114+00:00
f719549e-fa3c-4949-8133-f7fa94277c57,SYN-WB-98375B157D,Sapele Terminal,"Gombe, Nigeria","Gombe, Nigeria",Sapele Terminal → GOMBE,6000.0,synthetic,120.0,7200.0,10,4,0,0,compressed_natural_gas,20000.0,tanker,20000.0,1.0,13.5,29.9,16.4,34.21,412.0,Synthetic Customer - Gombe,7200.0,2026-02-11T10:30:29.956114+00:00
52faab38-1638-48ee-946b-86aa093b2251,SYN-WB-126EF9D055,PHC Terminal,"Damaturu, Nigeria","Damaturu, Nigeria",PHC Terminal → DAMATURU,6000.0,synthetic,120.0,7200.0,5,6,1,0,aviation_turbine_kerosene,40000.0,tanker,40000.0,1.0,13.5,46.3,32.8,35.15,241.0,Synthetic Customer - Damaturu,7200.0,2026-04-10T05:41:29.956114+00:00
a10720d3-dd87-47ee-ad70-18922422a73a,SYN-WB-708E8D51F0,Sapele Terminal,"Kano, Nigeria","Kano, Nigeria",Sapele Terminal → KANO,3600.0,synthetic,72.0,4320.0,13,4,0,0,premium_motor_spirit,30000.0,tanker,40000.0,0.75,11.5,36.1,24.6,28.27,363.0,Synthetic Customer - Kano,4320.0,2026-05-04T13:12:29.956114+00:00
aa7ba198-db32-4e49-b0bc-8d1d27b1816f,SYN-WB-C5CB8732B2,PHC Terminal,"Mokwa, Nigeria","Mokwa, Nigeria",PHC Terminal → MOKWA,4800.0,synthetic,96.0,5760.0,4,3,0,0,marine_gas_oil,35000.0,tanker,35000.0,1.0,11.0,39.7,28.7,26.5,350.0,Synthetic Customer - Mokwa,5760.0,2026-04-06T04:08:29.956114+00:00
f4389b72-e1d9-4770-ac0b-21e7f8271b90,SYN-WB-6322F8AC6D,Sapele Terminal,"Abuja, Nigeria","Abuja, Nigeria",Sapele Terminal → ABUJA,2400.0,synthetic,48.0,2880.0,10,4,0,0,hydraulic_oil,25000.0,tanker,40000.0,0.625,12.0,32.5,20.5,33.08,368.0,Synthetic Customer - Abuja,2880.0,2026-03-29T10:06:29.956114+00:00
6c8d520c-4afc-4261-a9ce-9f103e08ceb2,SYN-WB-7E6C951BF0,Gwagwalada Terminal,FUTUA,FUTUA,Gwagwalada Terminal → FUTUA,1200.0,synthetic,24.0,1440.0,1,4,0,0,automotive_gas_oil,25000.0,tanker,25000.0,1.0,13.0,33.5,20.5,31.71,382.0,Synthetic Customer - Futua,1440.0,2026-08-15T01:42:29.956114+00:00
30aacac6-bc38-4d5d-ae8d-75a89cfb98ac,SYN-WB-950BFBF0BC,Sapele Terminal,"Oyo, Nigeria","Oyo, Nigeria",Sapele Terminal → OYO,1200.0,synthetic,24.0,1440.0,6,0,0,0,base_oil,25000.0,tanker,25000.0,1.0,11.0,31.5,20.5,31.36,266.0,Synthetic Customer - Oyo,1440.0,2025-08-19T06:07:29.956114+00:00
2c0b60b8-8d47-4b29-9ef7-4d1f1dcab4fc,SYN-WB-AB5E277480,Kano Terminal,"Mubi, Nigeria","Mubi, Nigeria",Kano Terminal → MUBI,2400.0,synthetic,48.0,2880.0,14,0,0,0,marine_gas_oil,30000.0,tanker,35000.0,0.8571,12.0,36.6,24.6,36.23,241.0,Synthetic Customer - Mubi,2880.0,2026-03-18T14:28:29.956114+00:00
fee92131-e23e-4d82-b989-19f8aca43929,SYN-WB-D861F84EE9,PHC Terminal,"Anambra, Nigeria","Anambra, Nigeria",PHC Terminal → ANAMBRA,400.0,synthetic,8.0,480.0,10,4,0,0,transmission_fluid,35000.0,tanker,35000.0,1.0,13.5,42.2,28.7,33.44,159.0,Synthetic Customer - Anambra,480.0,2026-01-30T18:34:29.956114+00:00
07795882-850c-4372-9199-74fc95123650,SYN-WB-EF1F66E58D,Kano Terminal,"Biu, Nigeria","Biu, Nigeria",Kano Terminal → BIU,1200.0,synthetic,24.0,1440.0,12,2,0,0,solvent,20000.0,tanker,20000.0,1.0,13.5,29.9,16.4,25.8,499.0,Synthetic Customer - Biu,1440.0,2026-05-28T12:04:29.956114+00:00
f71ddab5-fe1d-4d58-80aa-d60f1b728a24,SYN-WB-0B8523FE4E,PHC Terminal,"Jalingo, Nigeria","Jalingo, Nigeria",PHC Terminal → JALINGO,3600.0,synthetic,72.0,4320.0,4,5,1,0,natural_gas,20000.0,tanker,25000.0,0.8,11.5,27.9,16.4,27.93,168.0,Synthetic Customer - Jalingo,4320.0,2025-11-18T04:16:29.956114+00:00
b986cc5d-301c-467a-9ff6-f185e2c6b04f,SYN-WB-12D0871CD1,PHC Terminal,"Biu, Nigeria","Biu, Nigeria",PHC Terminal → BIU,3600.0,synthetic,72.0,4320.0,3,2,0,0,marine_gas_oil,25000.0,tanker,25000.0,1.0,12.0,32.5,20.5,27.93,479.0,Synthetic Customer - Biu,4320.0,2026-02-28T03:51:29.956114+00:00
da4be607-7fae-40af-8c9a-828af9a0c54c,SYN-WB-8E97A41ED6,Gwagwalada Terminal,"Aba, Nigeria","Aba, Nigeria",Gwagwalada Terminal → ABA,3600.0,synthetic,72.0,4320.0,1,0,0,0,engine_oil,30000.0,tanker,35000.0,0.8571,11.5,36.1,24.6,26.33,144.0,Synthetic Customer - Aba,4320.0,2026-02-19T01:03:29.956114+00:00
5e7332bb-ca65-4151-9922-db1a3afa918c,SYN-WB-352D6BF252,Gwagwalada Terminal,"Ondo, Nigeria","Ondo, Nigeria",Gwagwalada Terminal → ONDO,2400.0,synthetic,48.0,2880.0,3,4,0,0,heavy_fuel_oil,25000.0,tanker,40000.0,0.625,12.0,32.5,20.5,34.85,133.0,Synthetic Customer - Ondo,2880.0,2025-11-09T03:16:29.956114+00:00
c3e1b200-2685-4cb3-9981-df254d52295d,SYN-WB-0F3904C562,Gwagwalada Terminal,"Ogun, Nigeria","Ogun, Nigeria",Gwagwalada Terminal → OGUN,2400.0,synthetic,48.0,2880.0,4,6,1,0,household_kerosene,35000.0,tanker,40000.0,0.875,11.5,40.2,28.7,31.43,157.0,Synthetic Customer - Ogun,2880.0,2026-05-05T04:35:29.956114+00:00
7bb0dc34-8ec4-473a-9cf8-7e7198e67a67,SYN-WB-E2E4B29E59,Kano Terminal,"Maiduguri, Nigeria","Maiduguri, Nigeria",Kano Terminal → MAIDUGURI,1200.0,synthetic,24.0,1440.0,7,6,1,1,solvent,20000.0,tanker,20000.0,1.0,11.5,27.9,16.4,25.82,287.0,Synthetic Customer - Maiduguri,1440.0,2026-05-25T07:52:29.956114+00:00
b7d0e68c-0f5c-4358-88b7-8b4bc996d986,SYN-WB-9D89EB5B31,Sapele Terminal,"Katsina, Nigeria","Katsina, Nigeria",Sapele Terminal → KATSINA,4800.0,synthetic,96.0,5760.0,14,0,0,0,hydraulic_oil,33000.0,tanker,40000.0,0.825,13.5,40.56,27.06,31.87,285.0,Synthetic Customer - Katsina,5760.0,2026-05-22T14:25:29.956114+00:00
7b9918c9-43c8-483c-bae8-5221d9bab87a,SYN-WB-5C6C20C64F,Sapele Terminal,"Bida, Nigeria","Bida, Nigeria",Sapele Terminal → BIDA,4800.0,synthetic,96.0,5760.0,13,6,1,0,anionic_bitumen_emulsion,25000.0,tanker,25000.0,1.0,11.0,31.5,20.5,27.85,167.0,Synthetic Customer - Bida,5760.0,2025-10-23T13:12:29.956114+00:00
2b2fc722-188b-426a-bd5f-e7b00b375249,SYN-WB-7B6961497F,Gwagwalada Terminal,"Uyo, Nigeria","Uyo, Nigeria",Gwagwalada Terminal → UYO,3600.0,synthetic,72.0,4320.0,2,6,1,0,bitumen_80_100,30000.0,tanker,30000.0,1.0,12.0,36.6,24.6,37.14,361.0,Synthetic Customer - Uyo,4320.0,2026-06-03T02:33:29.956114+00:00
ba9c7d28-cf25-4b5d-98cb-b6bd5d5b04be,SYN-WB-8367629D6F,Kano Terminal,"Yola, Nigeria","Yola, Nigeria",Kano Terminal → YOLA,2400.0,synthetic,48.0,2880.0,6,2,0,0,dual_purpose_kerosene,25000.0,tanker,25000.0,1.0,11.0,31.5,20.5,30.34,379.0,Synthetic Customer - Yola,2880.0,2025-11-21T06:36:29.956114+00:00
3c8d6c16-e4d2-464e-9d98-e8ef7bf218ca,SYN-WB-F6F37586C9,Gwagwalada Terminal,"Ogbomoso, Nigeria","Ogbomoso, Nigeria",Gwagwalada Terminal → OGBOMOSO,3600.0,synthetic,72.0,4320.0,11,4,0,0,aviation_turbine_kerosene,35000.0,tanker,40000.0,0.875,11.0,39.7,28.7,36.44,311.0,Synthetic Customer - Ogbomoso,4320.0,2026-05-18T11:28:29.956114+00:00
0a812a85-543c-45e7-8913-0b2054563249,SYN-WB-9717F74B81,PHC Terminal,"Ilorin, Nigeria","Ilorin, Nigeria",PHC Terminal → ILORIN,1200.0,synthetic,24.0,1440.0,0,4,0,0,hydraulic_oil,40000.0,tanker,40000.0,1.0,10.5,43.3,32.8,37.22,374.0,Synthetic Customer - Ilorin,1440.0,2026-04-04T00:43:29.956114+00:00
8f424b20-74c5-4537-9b54-b37ffe695343,SYN-WB-9D14BEDD11,Kano Terminal,"Damaturu, Nigeria","Damaturu, Nigeria",Kano Terminal → DAMATURU,1200.0,synthetic,24.0,1440.0,3,3,0,0,bitumen_40_50,20000.0,tanker,20000.0,1.0,13.5,29.9,16.4,27.49,447.0,Synthetic Customer - Damaturu,1440.0,2025-09-19T03:26:29.956114+00:00
5a0ad3d2-e04c-4028-b0e0-74cbc4ac35b1,SYN-WB-D0B28A824E,PHC Terminal,AKWAIBOM,AKWAIBOM,PHC Terminal → AKWAIBOM,400.0,synthetic,8.0,480.0,9,0,0,1,engine_oil,20000.0,tanker,40000.0,0.5,12.0,28.4,16.4,26.41,219.0,Synthetic Customer - Akwaibom,480.0,2025-12-29T17:03:29.956114+00:00
afb0a55f-09ae-42ac-90f8-ae288345c19e,SYN-WB-0E4AC2B631,Sapele Terminal,"Anambra, Nigeria","Anambra, Nigeria",Sapele Terminal → ANAMBRA,1200.0,synthetic,24.0,1440.0,4,4,0,0,engine_oil,25000.0,tanker,25000.0,1.0,13.5,34.0,20.5,37.45,105.0,Synthetic Customer - Anambra,1440.0,2026-05-23T04:56:29.956114+00:00
3e9423a0-8c1b-491c-aade-6f3aac0fae43,SYN-WB-4FAB6B7DBF,Kano Terminal,"Anambra, Nigeria","Anambra, Nigeria",Kano Terminal → ANAMBRA,3600.0,synthetic,72.0,4320.0,8,2,0,1,crumb_rubber_modified_bitumen,25000.0,tanker,35000.0,0.7143,12.0,32.5,20.5,28.16,184.0,Synthetic Customer - Anambra,4320.0,2026-04-25T08:47:29.956114+00:00
ce73bb65-fbf7-4638-9973-edce5398ea83,SYN-WB-F580784DCC,Kano Terminal,"Nasarawa, Nigeria","Nasarawa, Nigeria",Kano Terminal → NASARAWA,1200.0,synthetic,24.0,1440.0,4,1,0,0,hydraulic_oil,20000.0,tanker,20000.0,1.0,13.0,29.4,16.4,35.96,484.0,Synthetic Customer - Nasarawa,1440.0,2026-05-20T04:49:29.956114+00:00
927b9512-a357-483d-81d9-6d7ad4c0d2e2,SYN-WB-3BC59B9E3E,Kano Terminal,"Enugu, Nigeria","Enugu, Nigeria",Kano Terminal → ENUGU,2400.0,synthetic,48.0,2880.0,6,4,0,0,anionic_bitumen_emulsion,25000.0,tanker,25000.0,1.0,11.0,31.5,20.5,36.48,117.0,Synthetic Customer - Enugu,2880.0,2026-08-02T06:54:29.956114+00:00
e6c4b45f-153d-47e0-be70-17291206a8a4,SYN-WB-F1F61CB3F7,Sapele Terminal,"Kaiama, Nigeria","Kaiama, Nigeria",Sapele Terminal → KAIAMA,3600.0,synthetic,72.0,4320.0,6,6,1,0,aviation_turbine_kerosene,30000.0,tanker,33000.0,0.9091,10.5,35.1,24.6,32.98,366.0,Synthetic Customer - Kaiama,4320.0,2025-12-10T06:20:29.956114+00:00
4ab978c9-cb80-4470-9fc7-b6ea440ae0d1,SYN-WB-FCDBAABF1D,Kano Terminal,"Nasarawa, Nigeria","Nasarawa, Nigeria",Kano Terminal → NASARAWA,1200.0,synthetic,24.0,1440.0,13,1,0,0,polymer_modified_bitumen,25000.0,tanker,25000.0,1.0,13.0,33.5,20.5,36.25,328.0,Synthetic Customer - Nasarawa,1440.0,2025-12-31T13:34:29.956114+00:00
c3926a0a-1990-4d47-aec9-423041883bad,SYN-WB-400C2C11AA,Sapele Terminal,"Abia, Nigeria","Abia, Nigeria",Sapele Terminal → ABIA,250.0,synthetic,5.0,300.0,3,5,1,0,natural_gas,20000.0,tanker,20000.0,1.0,11.0,27.4,16.4,37.04,149.0,Synthetic Customer - Abia,300.0,2026-06-06T08:21:29.956114+00:00
718b4a5f-c7aa-4bf7-b699-dd45e626583d,SYN-WB-176125CE3F,Kano Terminal,"Damaturu, Nigeria","Damaturu, Nigeria",Kano Terminal → DAMATURU,1200.0,synthetic,24.0,1440.0,6,6,1,0,compressed_natural_gas,25000.0,tanker,25000.0,1.0,12.0,32.5,20.5,37.5,151.0,Synthetic Customer - Damaturu,1440.0,2025-10-13T06:59:29.956114+00:00
ef1f3fda-781b-4029-8e86-8739d07ac2a9,SYN-WB-54C1191E99,Gwagwalada Terminal,"Biu, Nigeria","Biu, Nigeria",Gwagwalada Terminal → BIU,2400.0,synthetic,48.0,2880.0,11,1,0,0,compressed_natural_gas,25000.0,tanker,25000.0,1.0,12.5,33.0,20.5,25.03,392.0,Synthetic Customer - Biu,2880.0,2026-04-30T11:15:29.956114+00:00
f1149137-7b9a-41b9-9f95-46c370c52ce7,SYN-WB-529679CD4E,Gwagwalada Terminal,"Kontagora, Nigeria","Kontagora, Nigeria",Gwagwalada Terminal → KONTAGORA,1200.0,synthetic,24.0,1440.0,11,6,1,0,liquefied_natural_gas,20000.0,tanker,35000.0,0.5714,11.5,27.9,16.4,29.48,435.0,Synthetic Customer - Kontagora,1440.0,2025-10-13T11:18:29.956114+00:00
3437f815-3f48-4de3-be21-a89f93cb29ff,SYN-WB-8538ED41DA,PHC Terminal,"Dutse, Nigeria","Dutse, Nigeria",PHC Terminal → DUTSE,4800.0,synthetic,96.0,5760.0,10,4,0,0,marine_diesel_oil,35000.0,tanker,40000.0,0.875,13.0,41.7,28.7,26.94,110.0,Synthetic Customer - Dutse,5760.0,2026-06-30T10:56:29.956114+00:00
4c0eaa26-d7bf-4843-a985-f0a7a2f25b95,SYN-WB-D208349A01,Gwagwalada Terminal,"Dutse, Nigeria","Dutse, Nigeria",Gwagwalada Terminal → DUTSE,1200.0,synthetic,24.0,1440.0,8,2,0,1,heavy_fuel_oil,33000.0,tanker,40000.0,0.825,12.5,39.56,27.06,33.98,453.0,Synthetic Customer - Dutse,1440.0,2026-08-06T08:17:29.956114+00:00
ae9540b1-bfd2-49de-b33a-8873d874bfd4,SYN-WB-3A90283050,Gwagwalada Terminal,"Mowe, Nigeria","Mowe, Nigeria",Gwagwalada Terminal → MOWE,2400.0,synthetic,48.0,2880.0,6,2,0,0,natural_gas,25000.0,tanker,40000.0,0.625,11.0,31.5,20.5,26.27,464.0,Synthetic Customer - Mowe,2880.0,2025-10-10T06:45:29.956114+00:00
1cf03a00-efa3-40d3-a56f-a503069a5146,SYN-WB-EC2273C3DB,PHC Terminal,"Bauchi, Nigeria","Bauchi, Nigeria",PHC Terminal → BAUCHI,2400.0,synthetic,48.0,2880.0,13,2,0,0,engine_oil,25000.0,tanker,35000.0,0.7143,12.5,33.0,20.5,27.28,167.0,Synthetic Customer - Bauchi,2880.0,2025-09-05T13:36:29.956114+00:00
91356bea-855c-4630-a209-4125e97a7d5b,SYN-WB-EAC1A173E3,PHC Terminal,"Ogun, Nigeria","Ogun, Nigeria",PHC Terminal → OGUN,1200.0,synthetic,24.0,1440.0,10,4,0,0,hydraulic_oil,40000.0,tanker,40000.0,1.0,10.5,43.3,32.8,34.79,489.0,Synthetic Customer - Ogun,1440.0,2025-09-20T10:22:29.956114+00:00
9f9cb888-d5f5-4b1f-baf8-db74495f0286,SYN-WB-038684C951,Sapele Terminal,"Dutse, Nigeria","Dutse, Nigeria",Sapele Terminal → DUTSE,4800.0,synthetic,96.0,5760.0,6,3,0,0,anionic_bitumen_emulsion,25000.0,tanker,25000.0,1.0,13.0,33.5,20.5,32.51,112.0,Synthetic Customer - Dutse,5760.0,2026-03-09T06:55:29.956114+00:00
26d02181-a8a5-495a-9aaa-df58d0a707fa,SYN-WB-3570F5FB6F,Sapele Terminal,"Mubi, Nigeria","Mubi, Nigeria",Sapele Terminal → MUBI,6000.0,synthetic,120.0,7200.0,12,5,1,0,solvent,25000.0,tanker,25000.0,1.0,13.5,34.0,20.5,34.58,270.0,Synthetic Customer - Mubi,7200.0,2026-04-02T12:01:29.956114+00:00
ad2798db-e550-4c24-875e-08efa4767e3c,SYN-WB-E2C6F52E0F,Sapele Terminal,"Abia, Nigeria","Abia, Nigeria",Sapele Terminal → ABIA,250.0,synthetic,5.0,300.0,1,4,0,0,compressed_natural_gas,25000.0,tanker,25000.0,1.0,12.0,32.5,20.5,35.94,215.0,Synthetic Customer - Abia,300.0,2026-04-10T06:58:29.956114+00:00
e77ec813-51d8-412e-b178-2bf1c77b1d9f,SYN-WB-5324CCFEB5,Sapele Terminal,"Jigawa, Nigeria","Jigawa, Nigeria",Sapele Terminal → JIGAWA,4800.0,synthetic,96.0,5760.0,1,6,1,0,gear_oil,40000.0,tanker,40000.0,1.0,13.0,45.8,32.8,31.36,353.0,Synthetic Customer - Jigawa,5760.0,2026-02-05T01:33:29.956114+00:00
9d156450-94ff-4dba-a009-3d138c9a066a,SYN-WB-8C49398B7B,Kano Terminal,"Nasarawa, Nigeria","Nasarawa, Nigeria",Kano Terminal → NASARAWA,1200.0,synthetic,24.0,1440.0,3,1,0,0,bitumen_60_70,20000.0,tanker,20000.0,1.0,10.5,26.9,16.4,29.93,156.0,Synthetic Customer - Nasarawa,1440.0,2026-05-27T03:34:29.956114+00:00
79d72bcd-7c4d-4e12-a086-b1ec3898be73,SYN-WB-A0BC7DE5A5,PHC Terminal,"Dutse, Nigeria","Dutse, Nigeria",PHC Terminal → DUTSE,4800.0,synthetic,96.0,5760.0,7,0,0,1,premium_motor_spirit,25000.0,tanker,25000.0,1.0,13.0,33.5,20.5,37.64,442.0,Synthetic Customer - Dutse,5760.0,2026-01-09T07:00:29.956114+00:00
c74d63c6-a5ae-426d-b714-75387d8c40e4,SYN-WB-96096AF986,Gwagwalada Terminal,"Minna, Nigeria","Minna, Nigeria",Gwagwalada Terminal → MINNA,300.0,synthetic,6.0,360.0,7,6,1,1,solvent,25000.0,tanker,40000.0,0.625,13.0,33.5,20.5,27.07,240.0,Synthetic Customer - Minna,360.0,2026-03-29T13:52:29.956114+00:00
1066ed6d-9430-4657-8c8d-d2c3f241eba9,SYN-WB-A47207769F,Sapele Terminal,"Ebonyi, Nigeria","Ebonyi, Nigeria",Sapele Terminal → EBONYI,1200.0,synthetic,24.0,1440.0,1,2,0,0,engine_oil,33000.0,tanker,40000.0,0.825,10.5,37.56,27.06,35.71,113.0,Synthetic Customer - Ebonyi,1440.0,2025-09-18T01:42:29.956114+00:00
e7c9573b-2ae0-4768-ad8b-2f46320b925d,SYN-WB-8654AD4867,PHC Terminal,"Gombe, Nigeria","Gombe, Nigeria",PHC Terminal → GOMBE,3600.0,synthetic,72.0,4320.0,4,5,1,0,anionic_bitumen_emulsion,20000.0,tanker,35000.0,0.5714,11.5,27.9,16.4,25.23,102.0,Synthetic Customer - Gombe,4320.0,2026-05-19T04:31:29.956114+00:00
c9aafbc5-470f-4f7f-96e2-6b4e85170409,SYN-WB-01C2614252,Sapele Terminal,"Enugu, Nigeria","Enugu, Nigeria",Sapele Terminal → ENUGU,1200.0,synthetic,24.0,1440.0,11,0,0,0,bitumen_40_50,20000.0,tanker,20000.0,1.0,11.0,27.4,16.4,29.4,404.0,Synthetic Customer - Enugu,1440.0,2026-03-10T11:48:29.956114+00:00
83caf765-b57c-448b-870c-f4ccf0feddaf,SYN-WB-4CC8014963,Gwagwalada Terminal,"Talata Mafara, Nigeria","Talata Mafara, Nigeria",Gwagwalada Terminal → TALATA MAFARA,1600.0,synthetic,32.0,1920.0,7,3,0,1,liquefied_natural_gas,40000.0,tanker,40000.0,1.0,13.0,45.8,32.8,26.19,461.0,Synthetic Customer - Talata Mafara,1920.0,2025-11-28T15:35:29.956114+00:00
ed0f8324-830b-4086-954a-f7e25275e1be,SYN-WB-5DF78F3281,PHC Terminal,"Abuja, Nigeria","Abuja, Nigeria",PHC Terminal → ABUJA,2400.0,synthetic,48.0,2880.0,4,1,0,0,low_pour_fuel_oil,20000.0,tanker,20000.0,1.0,13.0,29.4,16.4,31.19,248.0,Synthetic Customer - Abuja,2880.0,2025-11-20T04:25:29.956114+00:00
25061f0a-8c3b-4203-bfce-55ae4faa4ef3,SYN-WB-A1F9790F78,Kano Terminal,"Uyo, Nigeria","Uyo, Nigeria",Kano Terminal → UYO,3600.0,synthetic,72.0,4320.0,2,2,0,0,engine_oil,35000.0,tanker,35000.0,1.0,13.0,41.7,28.7,27.92,152.0,Synthetic Customer - Uyo,4320.0,2025-12-27T02:37:29.956114+00:00
f4eefb64-4637-40bc-866f-3443b68927eb,SYN-WB-68AD8FD920,Gwagwalada Terminal,"Birnin Kebbi, Nigeria","Birnin Kebbi, Nigeria",Gwagwalada Terminal → BIRNIN KEBBI,2400.0,synthetic,48.0,2880.0,2,0,0,0,aviation_turbine_kerosene,35000.0,tanker,40000.0,0.875,10.5,39.2,28.7,34.77,303.0,Synthetic Customer - Birnin Kebbi,2880.0,2026-06-03T02:15:29.956114+00:00
0e95be83-6ca9-43d9-996c-639093687e6c,SYN-WB-FE6B9D241E,Gwagwalada Terminal,"Birnin Kebbi, Nigeria","Birnin Kebbi, Nigeria",Gwagwalada Terminal → BIRNIN KEBBI,2400.0,synthetic,48.0,2880.0,6,1,0,0,natural_gas,30000.0,tanker,30000.0,1.0,10.5,35.1,24.6,26.48,438.0,Synthetic Customer - Birnin Kebbi,2880.0,2025-12-25T06:28:29.956114+00:00
f1cbcb18-ba50-4787-8be8-0df70ae4003a,SYN-WB-7778205299,Sapele Terminal,"Bida, Nigeria","Bida, Nigeria",Sapele Terminal → BIDA,4800.0,synthetic,96.0,5760.0,9,3,0,1,premium_motor_spirit,25000.0,tanker,40000.0,0.625,13.5,34.0,20.5,31.6,140.0,Synthetic Customer - Bida,5760.0,2026-08-17T09:06:29.956114+00:00
dc2f8155-86ae-422b-abec-425c38f46e90,SYN-WB-E133DA0A4A,Kano Terminal,"Talata Mafara, Nigeria","Talata Mafara, Nigeria",Kano Terminal → TALATA MAFARA,500.0,synthetic,10.0,600.0,7,2,0,1,bitumen_80_100,25000.0,tanker,25000.0,1.0,12.0,32.5,20.5,26.75,136.0,Synthetic Customer - Talata Mafara,600.0,2025-11-12T17:30:29.956114+00:00
ddf30064-9aac-41a0-ab7b-dcb23202bfd8,SYN-WB-AD01D98B36,Sapele Terminal,"Abia, Nigeria","Abia, Nigeria",Sapele Terminal → ABIA,250.0,synthetic,5.0,300.0,9,5,1,1,solvent,30000.0,tanker,33000.0,0.9091,11.5,36.1,24.6,34.11,234.0,Synthetic Customer - Abia,300.0,2025-11-22T14:21:29.956114+00:00
0dc4e43d-5d66-4479-a4c4-b12265d84582,SYN-WB-1E57BE63CB,Kano Terminal,"Mayo-Belwa, Nigeria","Mayo-Belwa, Nigeria",Kano Terminal → MAYO BELWA,2400.0,synthetic,48.0,2880.0,1,5,1,0,base_oil,35000.0,tanker,35000.0,1.0,12.0,40.7,28.7,26.32,345.0,Synthetic Customer - Mayo-Belwa,2880.0,2025-08-18T01:18:29.956114+00:00
04c4c368-a5b1-41b1-90ab-397df2c336e6,SYN-WB-4E5EA809AD,Sapele Terminal,RIVERS,RIVER,Sapele Terminal → RIVERS,300.0,synthetic,6.0,360.0,13,5,1,0,cationic_bitumen_emulsion,20000.0,tanker,20000.0,1.0,12.5,28.9,16.4,33.39,170.0,Synthetic Customer - Rivers,360.0,2025-11-15T19:00:29.956114+00:00
20c54a2f-ac7c-4d2d-9d10-15d049f30e38,SYN-WB-3759402843,Gwagwalada Terminal,"Mokwa, Nigeria","Mokwa, Nigeria",Gwagwalada Terminal → MOKWA,2400.0,synthetic,48.0,2880.0,7,3,0,1,base_oil,35000.0,tanker,40000.0,0.875,12.5,41.2,28.7,36.69,197.0,Synthetic Customer - Mokwa,2880.0,2026-03-28T07:24:29.956114+00:00
bfe63b7f-5b1f-418a-b8b5-08bf37141a72,SYN-WB-FF6B5F0B2E,Sapele Terminal,"Jalingo, Nigeria","Jalingo, Nigeria",Sapele Terminal → JALINGO,3600.0,synthetic,72.0,4320.0,5,1,0,0,liquefied_petroleum_gas,25000.0,tanker,25000.0,1.0,13.0,33.5,20.5,32.7,152.0,Synthetic Customer - Jalingo,4320.0,2026-03-13T05:42:29.956114+00:00
5109a7d1-b750-4803-9c5b-ff9843d00e65,SYN-WB-58A796F6C9,PHC Terminal,"Talata Mafara, Nigeria","Talata Mafara, Nigeria",PHC Terminal → TALATA MAFARA,6000.0,synthetic,120.0,7200.0,3,2,0,0,aviation_turbine_kerosene,25000.0,tanker,25000.0,1.0,11.0,31.5,20.5,37.99,120.0,Synthetic Customer - Talata Mafara,7200.0,2026-08-03T03:56:29.956114+00:00
d4375383-adfe-4a76-896b-5fb8a574f17a,SYN-WB-3C52EACA36,Kano Terminal,"Mubi, Nigeria","Mubi, Nigeria",Kano Terminal → MUBI,2400.0,synthetic,48.0,2880.0,10,1,0,0,liquefied_natural_gas,20000.0,tanker,20000.0,1.0,10.5,26.9,16.4,35.2,322.0,Synthetic Customer - Mubi,2880.0,2025-12-18T10:23:29.956114+00:00
4c6db6a8-39b7-4b34-a7c5-b871947467ee,SYN-WB-0B17396555,Kano Terminal,"Jalingo, Nigeria","Jalingo, Nigeria",Kano Terminal → JALINGO,2400.0,synthetic,48.0,2880.0,10,4,0,0,hydraulic_oil,20000.0,tanker,20000.0,1.0,11.0,27.4,16.4,35.47,173.0,Synthetic Customer - Jalingo,2880.0,2026-06-28T10:55:29.956114+00:00
c9c417e7-f00d-43b4-a007-7edd89d7b84a,SYN-WB-7945322DD7,Kano Terminal,"Jos, Nigeria","Jos, Nigeria",Kano Terminal → JOS,1200.0,synthetic,24.0,1440.0,8,4,0,1,low_pour_fuel_oil,25000.0,tanker,25000.0,1.0,10.5,31.0,20.5,36.76,164.0,Synthetic Customer - Jos,1440.0,2025-08-30T08:13:29.956114+00:00
0949829e-5f3d-4871-9a51-f02852ebc834,SYN-WB-34FCA897BA,Kano Terminal,"Nasarawa, Nigeria","Nasarawa, Nigeria",Kano Terminal → NASARAWA,1200.0,synthetic,24.0,1440.0,9,5,1,1,bitumen_40_50,35000.0,tanker,35000.0,1.0,10.5,39.2,28.7,31.93,364.0,Synthetic Customer - Nasarawa,1440.0,2026-01-25T09:51:29.956114+00:00
42113286-162a-4876-ad59-7840ad692d03,SYN-WB-1F5E78B003,Kano Terminal,"Lagos, Nigeria","Lagos, Nigeria",Kano Terminal → LAGOS,3600.0,synthetic,72.0,4320.0,13,3,0,0,solvent,25000.0,tanker,25000.0,1.0,12.5,33.0,20.5,37.86,209.0,Synthetic Customer - Lagos,4320.0,2026-07-12T13:55:29.956114+00:00
4aa2236a-828f-4a70-bcf4-93f7779a7000,SYN-WB-82F6F0E739,Gwagwalada Terminal,"Nasarawa, Nigeria","Nasarawa, Nigeria",Gwagwalada Terminal → NASARAWA,300.0,synthetic,6.0,360.0,8,5,1,1,bitumen_60_70,20000.0,tanker,20000.0,1.0,13.5,29.9,16.4,28.58,387.0,Synthetic Customer - Nasarawa,360.0,2026-05-02T14:06:29.956114+00:00
dacbd4f0-3ebc-42fa-b439-ca4e85a3b90a,SYN-WB-9654B5A59A,Sapele Terminal,"Abuja, Nigeria","Abuja, Nigeria",Sapele Terminal → ABUJA,2400.0,synthetic,48.0,2880.0,7,5,1,1,automotive_gas_oil,30000.0,tanker,33000.0,0.9091,10.5,35.1,24.6,28.94,202.0,Synthetic Customer - Abuja,2880.0,2026-07-20T07:50:29.956114+00:00
cdd63ca2-1eff-4d91-ad03-0d592821fa43,SYN-WB-8B6AB89EA2,PHC Terminal,"Sapele, Nigeria","Sapele, Nigeria",PHC Terminal → SAPELE,300.0,synthetic,6.0,360.0,6,0,0,0,heavy_fuel_oil,20000.0,tanker,20000.0,1.0,12.0,28.4,16.4,31.27,376.0,Synthetic Customer - Sapele,360.0,2025-09-29T12:17:29.956114+00:00
cdb857a9-fc77-4dae-adbc-81a7fb2963e8,SYN-WB-FB46C5071B,PHC Terminal,"Mubi, Nigeria","Mubi, Nigeria",PHC Terminal → MUBI,4800.0,synthetic,96.0,5760.0,14,0,0,0,automotive_gas_oil,40000.0,tanker,40000.0,1.0,12.5,45.3,32.8,34.32,286.0,Synthetic Customer - Mubi,5760.0,2025-12-12T14:09:29.956114+00:00
af612c42-d9bc-4582-84f6-69da242faa07,SYN-WB-9B5673703D,Gwagwalada Terminal,"Jigawa, Nigeria","Jigawa, Nigeria",Gwagwalada Terminal → JIGAWA,1200.0,synthetic,24.0,1440.0,5,0,0,0,heavy_fuel_oil,30000.0,tanker,30000.0,1.0,13.5,38.1,24.6,30.19,361.0,Synthetic Customer - Jigawa,1440.0,2025-09-16T05:39:29.956114+00:00
e85d35ca-5e55-46f9-a1b6-cca411d20638,SYN-WB-6DC42B2751,PHC Terminal,FUTUA,FUTUA,PHC Terminal → FUTUA,3600.0,synthetic,72.0,4320.0,11,6,1,0,heavy_fuel_oil,20000.0,tanker,40000.0,0.5,13.5,29.9,16.4,37.35,406.0,Synthetic Customer - Futua,4320.0,2026-06-03T11:19:29.956114+00:00
8f8ec236-5772-44d3-944a-f22e293cb45f,SYN-WB-ADDCE37F1C,PHC Terminal,"Jos, Nigeria","Jos, Nigeria",PHC Terminal → JOS,3600.0,synthetic,72.0,4320.0,13,1,0,0,premium_motor_spirit,25000.0,tanker,35000.0,0.7143,12.5,33.0,20.5,27.05,404.0,Synthetic Customer - Jos,4320.0,2026-01-02T13:02:29.956114+00:00
e641844f-5926-45ad-b84f-e7fc58c1c907,SYN-WB-D10E307B90,PHC Terminal,"Okene, Nigeria","Okene, Nigeria",PHC Terminal → OKENE,1500.0,synthetic,30.0,1800.0,1,0,0,0,dual_purpose_kerosene,20000.0,tanker,40000.0,0.5,11.5,27.9,16.4,29.87,114.0,Synthetic Customer - Okene,1800.0,2026-03-17T07:27:29.956114+00:00
3693822e-7206-4c44-ba55-882a9f3c210e,SYN-WB-187DE677F9,Gwagwalada Terminal,"Epe, Nigeria","Epe, Nigeria",Gwagwalada Terminal → EPE,4800.0,synthetic,96.0,5760.0,5,1,0,0,natural_gas,25000.0,tanker,30000.0,0.8333,11.5,32.0,20.5,34.39,331.0,Synthetic Customer - Epe,5760.0,2026-02-14T05:17:29.956114+00:00
9fe826da-5911-4084-b905-8350e72c43da,SYN-WB-98FD9C8D53,Gwagwalada Terminal,"Zamfara, Nigeria","Zamfara, Nigeria",Gwagwalada Terminal → ZAMFARA,1200.0,synthetic,24.0,1440.0,6,5,1,0,liquefied_natural_gas,20000.0,tanker,20000.0,1.0,10.5,26.9,16.4,26.37,285.0,Synthetic Customer - Zamfara,1440.0,2025-09-07T06:26:29.956114+00:00
c6431041-a6d0-484d-859f-41b3d11fc248,SYN-WB-A436684609,PHC Terminal,"Nasarawa, Nigeria","Nasarawa, Nigeria",PHC Terminal → NASARAWA,1400.0,synthetic,28.0,1680.0,14,2,0,0,bitumen_60_70,25000.0,tanker,25000.0,1.0,11.0,31.5,20.5,30.34,446.0,Synthetic Customer - Nasarawa,1680.0,2026-08-06T18:20:29.956114+00:00
f4929c15-0b84-49e2-ab6e-7d775e5af5da,SYN-WB-45730E1BC7,Sapele Terminal,"Benue, Nigeria","Benue, Nigeria",Sapele Terminal → BENUE,2400.0,synthetic,48.0,2880.0,2,2,0,0,aviation_turbine_kerosene,25000.0,tanker,25000.0,1.0,13.0,33.5,20.5,34.32,298.0,Synthetic Customer - Benue,2880.0,2025-10-03T02:06:29.956114+00:00
ef52f05e-3ddc-4810-a792-91fa6be3dff8,SYN-WB-AD6BE7CC13,Sapele Terminal,"Epe, Nigeria","Epe, Nigeria",Sapele Terminal → EPE,1200.0,synthetic,24.0,1440.0,12,5,1,0,cationic_bitumen_emulsion,40000.0,tanker,40000.0,1.0,13.5,46.3,32.8,34.83,429.0,Synthetic Customer - Epe,1440.0,2026-03-22T12:04:29.956114+00:00
c4a83af2-0bd1-4117-bfbc-1d6f062f547f,SYN-WB-7800429214,PHC Terminal,"Anambra, Nigeria","Anambra, Nigeria",PHC Terminal → ANAMBRA,400.0,synthetic,8.0,480.0,0,0,0,0,low_pour_fuel_oil,35000.0,tanker,35000.0,1.0,12.5,41.2,28.7,32.5,428.0,Synthetic Customer - Anambra,480.0,2026-04-27T08:56:29.956114+00:00
b634fcc8-51f7-4ce6-99f8-da50c9965e1c,SYN-WB-5276870AF4,Sapele Terminal,"Taraba, Nigeria","Taraba, Nigeria",Sapele Terminal → TARABA,3600.0,synthetic,72.0,4320.0,2,3,0,0,heavy_fuel_oil,20000.0,tanker,25000.0,0.8,12.5,28.9,16.4,34.42,466.0,Synthetic Customer - Taraba,4320.0,2026-03-01T02:06:29.956114+00:00
012dae77-f2b1-4c80-9dbb-1fc46059afb8,SYN-WB-D7707E8B81,Gwagwalada Terminal,"Nasarawa, Nigeria","Nasarawa, Nigeria",Gwagwalada Terminal → NASARAWA,300.0,synthetic,6.0,360.0,11,5,1,0,hydraulic_oil,20000.0,tanker,20000.0,1.0,11.5,27.9,16.4,30.59,494.0,Synthetic Customer - Nasarawa,360.0,2025-11-29T17:20:29.956114+00:00
03aa661d-29ac-4ff9-870f-d0c6bfeedad0,SYN-WB-75D40BB788,Sapele Terminal,"Mowe, Nigeria","Mowe, Nigeria",Sapele Terminal → MOWE,1200.0,synthetic,24.0,1440.0,2,5,1,0,anionic_bitumen_emulsion,33000.0,tanker,33000.0,1.0,12.5,39.56,27.06,34.18,352.0,Synthetic Customer - Mowe,1440.0,2025-10-19T02:35:29.956114+00:00
d0746aff-6b0b-47fe-9f45-725fc8313707,SYN-WB-E52D69CD22,PHC Terminal,"Yola, Nigeria","Yola, Nigeria",PHC Terminal → YOLA,3600.0,synthetic,72.0,4320.0,10,0,0,0,anionic_bitumen_emulsion,40000.0,tanker,40000.0,1.0,12.0,44.8,32.8,29.63,102.0,Synthetic Customer - Yola,4320.0,2025-09-04T10:22:29.956114+00:00
11fb8896-f216-4375-b001-541a84aa83d6,SYN-WB-4E7D030FD6,PHC Terminal,"Kwara, Nigeria","Kwara, Nigeria",PHC Terminal → KWARA,2400.0,synthetic,48.0,2880.0,13,0,0,0,base_oil,35000.0,tanker,35000.0,1.0,11.5,40.2,28.7,32.44,390.0,Synthetic Customer - Kwara,2880.0,2026-03-04T13:23:29.956114+00:00
7ef7e61f-2ded-498b-9245-7dfda8183156,SYN-WB-1EE720A516,Sapele Terminal,"Epe, Nigeria","Epe, Nigeria",Sapele Terminal → EPE,1200.0,synthetic,24.0,1440.0,12,1,0,0,solvent,25000.0,tanker,25000.0,1.0,11.0,31.5,20.5,31.83,260.0,Synthetic Customer - Epe,1440.0,2025-09-17T12:12:29.956114+00:00
1496878c-fe0e-4400-b30c-1485df7e33eb,SYN-WB-E3C483F624,Kano Terminal,"Enugu, Nigeria","Enugu, Nigeria",Kano Terminal → ENUGU,2400.0,synthetic,48.0,2880.0,11,4,0,0,grease,25000.0,tanker,25000.0,1.0,13.0,33.5,20.5,26.59,429.0,Synthetic Customer - Enugu,2880.0,2025-11-02T11:38:29.956114+00:00
492177d2-7c77-48d4-8214-6ed586cabbd2,SYN-WB-28455DE18A,Gwagwalada Terminal,"Bida, Nigeria","Bida, Nigeria",Gwagwalada Terminal → BIDA,1200.0,synthetic,24.0,1440.0,5,5,1,0,bitumen_40_50,25000.0,tanker,30000.0,0.8333,10.5,31.0,20.5,31.64,311.0,Synthetic Customer - Bida,1440.0,2026-08-02T05:22:29.956114+00:00
cf22ee8c-38fc-4a31-83c2-3424d373e787,SYN-WB-C0F2B269F9,Gwagwalada Terminal,"Ilorin, Nigeria","Ilorin, Nigeria",Gwagwalada Terminal → ILORIN,3600.0,synthetic,72.0,4320.0,5,3,0,0,gear_oil,20000.0,tanker,25000.0,0.8,12.5,28.9,16.4,36.98,466.0,Synthetic Customer - Ilorin,4320.0,2025-11-09T05:08:29.956114+00:00
86408b0a-ddcc-4d11-9367-01dbd973cb4c,SYN-WB-2B81C95F68,Sapele Terminal,"Abuja, Nigeria","Abuja, Nigeria",Sapele Terminal → ABUJA,2400.0,synthetic,48.0,2880.0,3,6,1,0,bitumen_80_100,20000.0,tanker,20000.0,1.0,11.0,27.4,16.4,31.79,350.0,Synthetic Customer - Abuja,2880.0,2026-08-11T03:26:29.956114+00:00
5a36038b-0876-4ea0-8aa9-ba2b7e7fc554,SYN-WB-49D2BA618F,Gwagwalada Terminal,"Epe, Nigeria","Epe, Nigeria",Gwagwalada Terminal → EPE,4800.0,synthetic,96.0,5760.0,3,0,0,0,low_pour_fuel_oil,35000.0,tanker,35000.0,1.0,12.0,40.7,28.7,36.73,478.0,Synthetic Customer - Epe,5760.0,2026-05-22T03:41:29.956114+00:00
2190f15b-4f85-4362-aa6c-50c895434fe6,SYN-WB-985FF1087D,Kano Terminal,"Gusau, Nigeria","Gusau, Nigeria",Kano Terminal → GUSAU,400.0,synthetic,8.0,480.0,7,0,0,1,polymer_modified_bitumen,20000.0,tanker,20000.0,1.0,11.5,27.9,16.4,28.12,409.0,Synthetic Customer - Gusau,480.0,2025-12-22T15:05:29.956114+00:00
47aedaae-aca9-4a36-b0e9-795315f49d51,SYN-WB-30372836AA,PHC Terminal,"Benue, Nigeria","Benue, Nigeria",PHC Terminal → BENUE,1200.0,synthetic,24.0,1440.0,8,6,1,1,marine_gas_oil,20000.0,tanker,20000.0,1.0,12.5,28.9,16.4,25.88,115.0,Synthetic Customer - Benue,1440.0,2026-07-20T08:30:29.956114+00:00
8e11dfc2-15a7-4133-97ef-898cbf96af6f,SYN-WB-1128EB62F8,Kano Terminal,"Gombe, Nigeria","Gombe, Nigeria",Kano Terminal → GOMBE,1200.0,synthetic,24.0,1440.0,10,1,0,0,bitumen_80_100,20000.0,tanker,20000.0,1.0,12.5,28.9,16.4,29.31,340.0,Synthetic Customer - Gombe,1440.0,2026-03-11T10:54:29.956114+00:00
86d14652-e7b3-45e3-8c3b-dc9f7773479e,SYN-WB-7D79C6E3E9,Kano Terminal,"Zamfara, Nigeria","Zamfara, Nigeria",Kano Terminal → ZAMFARA,1200.0,synthetic,24.0,1440.0,10,0,0,0,transmission_fluid,20000.0,tanker,20000.0,1.0,13.5,29.9,16.4,28.59,489.0,Synthetic Customer - Zamfara,1440.0,2025-11-18T10:25:29.956114+00:00
17f50bbf-934d-409c-9958-60b19dce526c,SYN-WB-72A03F3D34,Sapele Terminal,"Aba, Nigeria","Taraba, Nigeria",Sapele Terminal → ABA,1200.0,synthetic,24.0,1440.0,2,6,1,0,low_pour_fuel_oil,30000.0,tanker,40000.0,0.75,12.5,37.1,24.6,34.15,209.0,Synthetic Customer - Taraba,1440.0,2025-12-22T02:33:29.956114+00:00
8a173a65-76d1-4e72-969f-dab3c36f3eb7,SYN-WB-C25CE9DAF1,PHC Terminal,"Ado-Ekiti, Nigeria","Ado-Ekiti, Nigeria",PHC Terminal → ADO-EKITI,1550.0,synthetic,31.0,1860.0,5,3,0,0,heavy_fuel_oil,30000.0,tanker,40000.0,0.75,13.0,37.6,24.6,30.42,317.0,Synthetic Customer - Ado-Ekiti,1860.0,2026-07-24T12:12:29.956114+00:00
32247694-f651-4c1a-bd3b-4467ef645258,SYN-WB-7B892AA664,Gwagwalada Terminal,"Minna, Nigeria","Minna, Nigeria",Gwagwalada Terminal → MINNA,300.0,synthetic,6.0,360.0,8,6,1,1,gear_oil,20000.0,tanker,20000.0,1.0,13.5,29.9,16.4,32.12,316.0,Synthetic Customer - Minna,360.0,2025-11-09T14:31:29.956114+00:00
fdaf7eef-f533-4034-b8c4-bd677c0871ff,SYN-WB-0305CCE246,PHC Terminal,"Umuahia, Nigeria","Umuahia, Nigeria",PHC Terminal → UMUAHIA,200.0,synthetic,4.0,240.0,7,0,0,1,natural_gas,25000.0,tanker,25000.0,1.0,12.5,33.0,20.5,28.7,160.0,Synthetic Customer - Umuahia,240.0,2025-12-01T11:06:29.956114+00:00
18ae0836-1f2e-410b-b701-a458d26dad44,SYN-WB-B300F2533A,Sapele Terminal,"Osogbo, Nigeria","Osogbo, Nigeria",Sapele Terminal → OSOGBO,1200.0,synthetic,24.0,1440.0,7,3,0,1,natural_gas,25000.0,tanker,25000.0,1.0,13.0,33.5,20.5,33.21,392.0,Synthetic Customer - Osogbo,1440.0,2025-09-26T07:13:29.956114+00:00
b94c3974-206c-442b-8653-d7b55822099a,SYN-WB-4E3B42BECC,PHC Terminal,"Zamfara, Nigeria","Zamfara, Nigeria",PHC Terminal → ZAMFARA,4800.0,synthetic,96.0,5760.0,3,5,1,0,compressed_natural_gas,25000.0,tanker,35000.0,0.7143,11.0,31.5,20.5,36.65,271.0,Synthetic Customer - Zamfara,5760.0,2025-08-27T03:08:29.956114+00:00
58105499-ef28-4592-a18d-d61b8650999c,SYN-WB-9F261FA5E0,Gwagwalada Terminal,"Maiduguri, Nigeria","Maiduguri, Nigeria",Gwagwalada Terminal → MAIDUGURI,2400.0,synthetic,48.0,2880.0,9,4,0,1,household_kerosene,35000.0,tanker,35000.0,1.0,12.5,41.2,28.7,28.32,130.0,Synthetic Customer - Maiduguri,2880.0,2025-12-28T09:47:29.956114+00:00
4b0b269e-6320-40a2-8c46-cd40f73cb676,SYN-WB-DBB017754B,Sapele Terminal,"Birnin Kebbi, Nigeria","Birnin Kebbi, Nigeria",Sapele Terminal → BIRNIN KEBBI,7200.0,synthetic,144.0,8640.0,1,5,1,0,cationic_bitumen_emulsion,25000.0,tanker,40000.0,0.625,11.0,31.5,20.5,27.47,181.0,Synthetic Customer - Birnin Kebbi,8640.0,2025-10-10T01:05:29.956114+00:00
5631a21b-5abf-4b3f-9af6-abf0e32f7713,SYN-WB-277628F18F,Gwagwalada Terminal,"Osogbo, Nigeria","Osogbo, Nigeria",Gwagwalada Terminal → OSOGBO,3600.0,synthetic,72.0,4320.0,9,3,0,1,engine_oil,20000.0,tanker,35000.0,0.5714,11.0,27.4,16.4,30.08,424.0,Synthetic Customer - Osogbo,4320.0,2026-07-12T09:50:29.956114+00:00
3f5de715-fc3a-41ee-80ac-c2fa4ddb78db,SYN-WB-98392FC7EA,Sapele Terminal,AKWAIBOM,"Akwa Ibom, Nigeria",Sapele Terminal → AKWAIBOM,1200.0,synthetic,24.0,1440.0,13,3,0,0,liquefied_petroleum_gas,25000.0,tanker,33000.0,0.7576,13.0,33.5,20.5,35.11,432.0,Synthetic Customer - Akwa Ibom,1440.0,2026-07-17T13:01:29.956114+00:00
2cb5ab54-7008-48e9-8c88-d0683da6213c,SYN-WB-0AE11BAEA7,PHC Terminal,"Jebba, Nigeria","Jebba, Nigeria",PHC Terminal → JEBBA,2400.0,synthetic,48.0,2880.0,10,0,0,0,polymer_modified_bitumen,20000.0,tanker,20000.0,1.0,10.5,26.9,16.4,25.82,203.0,Synthetic Customer - Jebba,2880.0,2026-04-08T10:23:29.956114+00:00
485a84de-38c5-4ab8-b000-18b435e9b93a,SYN-WB-03FC08075D,Sapele Terminal,"Borno, Nigeria","Borno, Nigeria",Sapele Terminal → BORNO,4800.0,synthetic,96.0,5760.0,11,3,0,0,liquefied_petroleum_gas,40000.0,tanker,40000.0,1.0,12.0,44.8,32.8,34.93,287.0,Synthetic Customer - Borno,5760.0,2026-07-20T11:04:29.956114+00:00
0f4187de-ad8b-456f-93b7-15edb8a62746,SYN-WB-4A811C8F97,Sapele Terminal,"Kaiama, Nigeria","Kaiama, Nigeria",Sapele Terminal → KAIAMA,3600.0,synthetic,72.0,4320.0,11,6,1,0,hydraulic_oil,25000.0,tanker,40000.0,0.625,11.5,32.0,20.5,37.9,447.0,Synthetic Customer - Kaiama,4320.0,2025-10-01T11:12:29.956114+00:00
20c3a7ce-b7c2-499c-b5b5-86467462a1fb,SYN-WB-41CCB5D461,PHC Terminal,"Mubi, Nigeria","Mubi, Nigeria",PHC Terminal → MUBI,4800.0,synthetic,96.0,5760.0,8,5,1,1,heavy_fuel_oil,25000.0,tanker,35000.0,0.7143,11.0,31.5,20.5,31.24,256.0,Synthetic Customer - Mubi,5760.0,2025-10-01T08:47:29.956114+00:00
2868312b-5fc2-498d-ae95-9e34d5deecb6,SYN-WB-5746996C28,PHC Terminal,"Okene, Nigeria","Okene, Nigeria",PHC Terminal → OKENE,1500.0,synthetic,30.0,1800.0,9,1,0,1,liquefied_petroleum_gas,20000.0,tanker,20000.0,1.0,11.0,27.4,16.4,37.62,331.0,Synthetic Customer - Okene,1800.0,2026-01-28T15:43:29.956114+00:00
708c7b14-ee85-4fa2-9667-b4fa5d02905f,SYN-WB-75ACA815B0,Kano Terminal,"Bauchi, Nigeria","Bauchi, Nigeria",Kano Terminal → BAUCHI,500.0,synthetic,10.0,600.0,5,0,0,0,cationic_bitumen_emulsion,20000.0,tanker,20000.0,1.0,12.5,28.9,16.4,25.37,266.0,Synthetic Customer - Bauchi,600.0,2025-09-29T15:51:29.956114+00:00
7f05f000-69ee-411e-a7d3-d2da3de516c5,SYN-WB-1721DDD8FE,Kano Terminal,"Sapele, Nigeria","Sapele, Nigeria",Kano Terminal → SAPELE,3600.0,synthetic,72.0,4320.0,5,5,1,0,transmission_fluid,20000.0,tanker,25000.0,0.8,13.5,29.9,16.4,28.25,313.0,Synthetic Customer - Sapele,4320.0,2025-12-30T05:15:29.956114+00:00
12578acb-2056-403a-9274-b81e7308bfac,SYN-WB-CD0DF88B71,Gwagwalada Terminal,"Sapele, Nigeria","Sapele, Nigeria",Gwagwalada Terminal → SAPELE,2400.0,synthetic,48.0,2880.0,8,0,0,1,marine_gas_oil,35000.0,tanker,35000.0,1.0,12.0,40.7,28.7,27.35,112.0,Synthetic Customer - Sapele,2880.0,2026-06-10T08:46:29.956114+00:00
b49dfa76-3d1c-4f62-8186-918f848fd3ac,SYN-WB-2696D2A67D,Kano Terminal,"Port Harcourt, Nigeria","Port Harcourt, Nigeria",Kano Terminal → PHC,4800.0,synthetic,96.0,5760.0,5,4,0,0,marine_gas_oil,20000.0,tanker,20000.0,1.0,12.0,28.4,16.4,35.69,491.0,Synthetic Customer - Port Harcourt,5760.0,2026-07-28T05:44:29.956114+00:00
e9566400-a609-4c81-aeef-a90b9a71a10e,SYN-WB-DC101E8F08,Gwagwalada Terminal,FUTUA,FUTUA,Gwagwalada Terminal → FUTUA,1200.0,synthetic,24.0,1440.0,11,0,0,0,compressed_natural_gas,40000.0,tanker,40000.0,1.0,12.0,44.8,32.8,30.21,417.0,Synthetic Customer - Futua,1440.0,2026-03-31T11:14:29.956114+00:00
74487f1f-679e-401f-9951-32673ba396d6,SYN-WB-2AA7BF6F3F,Sapele Terminal,"Kaiama, Nigeria","Kaiama, Nigeria",Sapele Terminal → KAIAMA,3600.0,synthetic,72.0,4320.0,10,5,1,0,paraffin_wax,33000.0,tanker,40000.0,0.825,11.0,38.06,27.06,37.93,226.0,Synthetic Customer - Kaiama,4320.0,2025-12-23T10:40:29.956114+00:00
46e4032d-9b90-4e46-b917-0e0847cddd49,SYN-WB-06D040F66B,PHC Terminal,"Lagos, Nigeria","Lagos, Nigeria",PHC Terminal → LAGOS,1500.0,synthetic,30.0,1800.0,3,2,0,0,paraffin_wax,30000.0,tanker,35000.0,0.8571,10.5,35.1,24.6,35.08,453.0,Synthetic Customer - Lagos,1800.0,2026-04-09T09:16:29.956114+00:00
5466ac79-026a-40a1-b908-1f2b403d8f7e,SYN-WB-9B8F799A27,Kano Terminal,"Mubi, Nigeria","Mubi, Nigeria",Kano Terminal → MUBI,2400.0,synthetic,48.0,2880.0,4,1,0,0,aviation_turbine_kerosene,20000.0,tanker,20000.0,1.0,11.5,27.9,16.4,27.21,292.0,Synthetic Customer - Mubi,2880.0,2025-09-04T04:39:29.956114+00:00
599a1c06-ad85-4043-8046-95f15b3454a3,SYN-WB-ED74BD25C8,PHC Terminal,"Ado-Ekiti, Nigeria","Ado-Ekiti, Nigeria",PHC Terminal → ADO-EKITI,1550.0,synthetic,31.0,1860.0,10,5,1,0,aviation_turbine_kerosene,25000.0,tanker,25000.0,1.0,13.0,33.5,20.5,28.13,405.0,Synthetic Customer - Ado-Ekiti,1860.0,2026-06-21T17:08:29.956114+00:00
8300d2b8-9d93-4b99-920e-a49b4e6cfa2b,SYN-WB-FB80C42733,Sapele Terminal,"Ilorin, Nigeria","Ilorin, Nigeria",Sapele Terminal → ILORIN,1450.0,synthetic,29.0,1740.0,4,1,0,0,crumb_rubber_modified_bitumen,25000.0,tanker,25000.0,1.0,11.0,31.5,20.5,37.16,416.0,Synthetic Customer - Ilorin,1740.0,2026-01-14T09:11:29.956114+00:00
1c60f449-eb9c-4f82-8c5d-2b5b3e60c091,SYN-WB-7E180C8FB7,Sapele Terminal,"Kontagora, Nigeria","Kontagora, Nigeria",Sapele Terminal → KONTAGORA,4800.0,synthetic,96.0,5760.0,9,4,0,1,aviation_turbine_kerosene,35000.0,tanker,40000.0,0.875,10.5,39.2,28.7,28.45,291.0,Synthetic Customer - Kontagora,5760.0,2026-02-24T09:16:29.956114+00:00
6f60c039-5263-4d38-b9d0-b3193ed570c9,SYN-WB-9D881FDE33,Gwagwalada Terminal,"Aba, Nigeria","Taraba, Nigeria",Gwagwalada Terminal → ABA,3600.0,synthetic,72.0,4320.0,4,3,0,0,anionic_bitumen_emulsion,20000.0,tanker,20000.0,1.0,12.5,28.9,16.4,31.91,302.0,Synthetic Customer - Taraba,4320.0,2026-02-01T04:42:29.956114+00:00
baa3b438-2e0b-47a0-bcea-149b0f7e4890,SYN-WB-8417F25761,Sapele Terminal,"Aba, Nigeria","Taraba, Nigeria",Sapele Terminal → ABA,1200.0,synthetic,24.0,1440.0,11,3,0,0,household_kerosene,35000.0,tanker,40000.0,0.875,11.5,40.2,28.7,30.57,480.0,Synthetic Customer - Taraba,1440.0,2026-03-13T11:46:29.956114+00:00
aa25aad6-2dbb-4bb2-b421-a7878dad965b,SYN-WB-A61C73FB2D,PHC Terminal,"Bauchi, Nigeria","Bauchi, Nigeria",PHC Terminal → BAUCHI,2400.0,synthetic,48.0,2880.0,2,1,0,0,crumb_rubber_modified_bitumen,25000.0,tanker,25000.0,1.0,13.0,33.5,20.5,32.64,472.0,Synthetic Customer - Bauchi,2880.0,2025-10-16T02:21:29.956114+00:00
ea17fd36-4d8e-4762-8d7b-d56f581ccc96,SYN-WB-D1A3C5C05A,Gwagwalada Terminal,"Gombe, Nigeria","Gombe, Nigeria",Gwagwalada Terminal → GOMBE,2400.0,synthetic,48.0,2880.0,11,6,1,0,low_pour_fuel_oil,35000.0,tanker,35000.0,1.0,13.0,41.7,28.7,35.3,381.0,Synthetic Customer - Gombe,2880.0,2026-02-17T11:56:29.956114+00:00
b1fc4537-fc0a-4437-a181-d4fc39d978d7,SYN-WB-2B50F5DF1A,PHC Terminal,"Okene, Nigeria","Okene, Nigeria",PHC Terminal → OKENE,1500.0,synthetic,30.0,1800.0,10,2,0,0,automotive_gas_oil,25000.0,tanker,35000.0,0.7143,13.5,34.0,20.5,36.14,490.0,Synthetic Customer - Okene,1800.0,2025-10-09T16:12:29.956114+00:00
e25ec9e3-a18b-43e5-b689-edebd5f2a376,SYN-WB-9B74B5B981,Kano Terminal,"Nasarawa, Nigeria","Nasarawa, Nigeria",Kano Terminal → NASARAWA,1200.0,synthetic,24.0,1440.0,13,2,0,0,marine_diesel_oil,35000.0,tanker,35000.0,1.0,12.5,41.2,28.7,32.7,337.0,Synthetic Customer - Nasarawa,1440.0,2025-09-25T13:28:29.956114+00:00
eab81c7a-00e1-4d18-a6f8-650fa1156c55,SYN-WB-B04FE69CFE,Sapele Terminal,"Minna, Nigeria","Minna, Nigeria",Sapele Terminal → MINNA,3600.0,synthetic,72.0,4320.0,13,1,0,0,automotive_gas_oil,20000.0,tanker,20000.0,1.0,13.0,29.4,16.4,27.15,484.0,Synthetic Customer - Minna,4320.0,2025-09-19T13:06:29.956114+00:00
fe862f03-b014-4d48-b970-ce8fafc65477,SYN-WB-EE156D31FA,Sapele Terminal,"Mayo-Belwa, Nigeria","Mayo-Belwa, Nigeria",Sapele Terminal → MAYO BELWA,3600.0,synthetic,72.0,4320.0,12,5,1,0,dual_purpose_kerosene,33000.0,tanker,40000.0,0.825,12.0,39.06,27.06,27.17,240.0,Synthetic Customer - Mayo-Belwa,4320.0,2026-07-07T12:00:29.956114+00:00
8e796d0b-2cbc-4945-a89a-0669a8953e20,SYN-WB-43015847AB,PHC Terminal,"Osun, Nigeria","Osun, Nigeria",PHC Terminal → OSUN,1200.0,synthetic,24.0,1440.0,6,4,0,0,cationic_bitumen_emulsion,20000.0,tanker,20000.0,1.0,11.5,27.9,16.4,32.93,456.0,Synthetic Customer - Osun,1440.0,2025-10-11T06:24:29.956114+00:00
de17a7e7-09dc-4f33-aa02-06b38ca471b4,SYN-WB-1DDE9D46ED,Kano Terminal,"Talata Mafara, Nigeria","Talata Mafara, Nigeria",Kano Terminal → TALATA MAFARA,500.0,synthetic,10.0,600.0,10,2,0,0,engine_oil,35000.0,tanker,35000.0,1.0,11.0,39.7,28.7,30.15,256.0,Synthetic Customer - Talata Mafara,600.0,2026-06-10T20:26:29.956114+00:00
30190639-ea97-45c1-a9fd-1385007eb4e6,SYN-WB-30400375A1,Gwagwalada Terminal,"Ondo, Nigeria","Ondo, Nigeria",Gwagwalada Terminal → ONDO,2400.0,synthetic,48.0,2880.0,10,4,0,0,low_pour_fuel_oil,33000.0,tanker,40000.0,0.825,11.5,38.56,27.06,30.03,302.0,Synthetic Customer - Ondo,2880.0,2026-04-05T10:45:29.956114+00:00
9a7b8697-5386-4bcb-ba1d-d7f5aea323a1,SYN-WB-D8784AFB87,Sapele Terminal,"Epe, Nigeria","Epe, Nigeria",Sapele Terminal → EPE,1200.0,synthetic,24.0,1440.0,10,2,0,0,cutback_bitumen,40000.0,tanker,40000.0,1.0,11.0,43.8,32.8,34.66,383.0,Synthetic Customer - Epe,1440.0,2025-10-02T10:12:29.956114+00:00
827040c0-b0ba-4927-bf09-748d8c74abb5,SYN-WB-276D51E3FC,PHC Terminal,"Ogbomoso, Nigeria","Ogbomoso, Nigeria",PHC Terminal → OGBOMOSO,1500.0,synthetic,30.0,1800.0,4,0,0,0,liquefied_petroleum_gas,35000.0,tanker,35000.0,1.0,13.0,41.7,28.7,27.19,112.0,Synthetic Customer - Ogbomoso,1800.0,2025-08-26T10:02:29.956114+00:00
8c3fe1f8-4804-4042-9b10-dd9cc6d72b62,SYN-WB-552002602B,Kano Terminal,"Nasarawa, Nigeria","Nasarawa, Nigeria",Kano Terminal → NASARAWA,1200.0,synthetic,24.0,1440.0,10,3,0,0,transmission_fluid,20000.0,tanker,20000.0,1.0,13.0,29.4,16.4,27.04,151.0,Synthetic Customer - Nasarawa,1440.0,2026-02-06T10:38:29.956114+00:00
62b8b939-5edf-4968-8edb-e6dc1768c4bc,SYN-WB-03944266BF,Kano Terminal,"Okene, Nigeria","Okene, Nigeria",Kano Terminal → OKENE,1450.0,synthetic,29.0,1740.0,7,2,0,1,bitumen_80_100,20000.0,tanker,20000.0,1.0,12.0,28.4,16.4,26.77,253.0,Synthetic Customer - Okene,1740.0,2025-09-11T12:05:29.956114+00:00
0b0f6fff-a829-428b-becc-908b1dee7192,SYN-WB-BB65379E3E,PHC Terminal,"Nasarawa, Nigeria","Nasarawa, Nigeria",PHC Terminal → NASARAWA,1400.0,synthetic,28.0,1680.0,14,6,1,0,dual_purpose_kerosene,35000.0,tanker,35000.0,1.0,13.0,41.7,28.7,26.63,131.0,Synthetic Customer - Nasarawa,1680.0,2025-08-25T18:16:29.956114+00:00
5a8652f6-7411-46e2-9295-ac87a4b05686,SYN-WB-5A72673DCD,Sapele Terminal,RIVER,RIVER,Sapele Terminal → RIVER,300.0,synthetic,6.0,360.0,7,3,0,1,cationic_bitumen_emulsion,20000.0,tanker,20000.0,1.0,13.0,29.4,16.4,31.07,376.0,Synthetic Customer - Rivers,360.0,2026-01-08T13:54:29.956114+00:00
27e247c4-03a0-48d2-a59b-74d046e95bb7,SYN-WB-777D7E1554,PHC Terminal,"Katsina, Nigeria","Katsina, Nigeria",PHC Terminal → KATSINA,4800.0,synthetic,96.0,5760.0,2,6,1,0,bitumen_80_100,30000.0,tanker,40000.0,0.75,12.0,36.6,24.6,30.5,412.0,Synthetic Customer - Katsina,5760.0,2026-04-23T02:11:29.956114+00:00
d16ca723-919d-48dd-8d5e-c112a305e4bb,SYN-WB-19079C58A1,Sapele Terminal,"Talata Mafara, Nigeria","Talata Mafara, Nigeria",Sapele Terminal → TALATA MAFARA,6000.0,synthetic,120.0,7200.0,13,6,1,0,solvent,25000.0,tanker,25000.0,1.0,12.5,33.0,20.5,36.72,454.0,Synthetic Customer - Talata Mafara,7200.0,2026-07-17T13:31:29.956114+00:00
8f7c055f-7093-4872-9033-c634944eb4a7,SYN-WB-97875A99D1,Gwagwalada Terminal,"Osogbo, Nigeria","Osogbo, Nigeria",Gwagwalada Terminal → OSOGBO,3600.0,synthetic,72.0,4320.0,6,0,0,0,liquefied_petroleum_gas,33000.0,tanker,40000.0,0.825,11.0,38.06,27.06,32.9,294.0,Synthetic Customer - Osogbo,4320.0,2026-08-06T06:51:29.956114+00:00
84041ae5-3ad3-4a54-8bc9-99685c5bd599,SYN-WB-40C4A00846,Sapele Terminal,"Kwara, Nigeria","Kwara, Nigeria",Sapele Terminal → KWARA,2400.0,synthetic,48.0,2880.0,13,3,0,0,liquefied_natural_gas,33000.0,tanker,40000.0,0.825,12.5,39.56,27.06,28.35,295.0,Synthetic Customer - Kwara,2880.0,2025-12-20T13:58:29.956114+00:00
3cadac5a-ebaf-449f-b080-1c2a3380be9a,SYN-WB-BCC9C6C21A,Kano Terminal,"Gusau, Nigeria","Gusau, Nigeria",Kano Terminal → GUSAU,400.0,synthetic,8.0,480.0,3,0,0,0,cutback_bitumen,35000.0,tanker,35000.0,1.0,13.0,41.7,28.7,26.11,131.0,Synthetic Customer - Gusau,480.0,2025-12-15T11:03:29.956114+00:00
7b77a866-2abf-4e50-84ee-b9ed49d7aa81,SYN-WB-2EEAF9DEB4,PHC Terminal,"Benue, Nigeria","Benue, Nigeria",PHC Terminal → BENUE,1200.0,synthetic,24.0,1440.0,1,3,0,0,bitumen_40_50,35000.0,tanker,35000.0,1.0,12.0,40.7,28.7,37.5,449.0,Synthetic Customer - Benue,1440.0,2026-03-27T01:58:29.956114+00:00
94253847-ac64-40f9-8084-ddcbef213884,SYN-WB-6E59A5B794,PHC Terminal,"Lagos, Nigeria","Lagos, Nigeria",PHC Terminal → LAGOS,1500.0,synthetic,30.0,1800.0,3,1,0,0,bitumen_80_100,20000.0,tanker,35000.0,0.5714,13.0,29.4,16.4,31.44,392.0,Synthetic Customer - Lagos,1800.0,2026-04-08T09:23:29.956114+00:00
bd00c26c-5201-45b0-8ce5-a192d06a16eb,SYN-WB-0D2A3716EA,Kano Terminal,"Okene, Nigeria","Okene, Nigeria",Kano Terminal → OKENE,1450.0,synthetic,29.0,1740.0,2,5,1,0,paraffin_wax,25000.0,tanker,25000.0,1.0,12.0,32.5,20.5,27.55,140.0,Synthetic Customer - Okene,1740.0,2025-08-24T07:43:29.956114+00:00
77d104d6-f0d4-4697-8b19-94450b74a18f,SYN-WB-A6BE16E0F2,Gwagwalada Terminal,"Jigawa, Nigeria","Jigawa, Nigeria",Gwagwalada Terminal → JIGAWA,1200.0,synthetic,24.0,1440.0,15,2,0,0,heavy_fuel_oil,25000.0,tanker,30000.0,0.8333,10.5,31.0,20.5,25.49,395.0,Synthetic Customer - Jigawa,1440.0,2026-04-23T15:23:29.956114+00:00
90d0a95a-ea6e-4888-8865-65d3f6d3dc71,SYN-WB-322279FC19,Sapele Terminal,"Imo, Nigeria","Imo, Nigeria",Sapele Terminal → IMO,1200.0,synthetic,24.0,1440.0,11,2,0,0,paraffin_wax,20000.0,tanker,20000.0,1.0,12.0,28.4,16.4,31.59,300.0,Synthetic Customer - Imo,1440.0,2026-06-04T11:53:29.956114+00:00
2cd410c1-c247-4ace-a729-8335c536e8ba,SYN-WB-FB32DEDF5F,PHC Terminal,"Sapele, Nigeria","Sapele, Nigeria",PHC Terminal → SAPELE,300.0,synthetic,6.0,360.0,3,0,0,0,dual_purpose_kerosene,20000.0,tanker,20000.0,1.0,13.5,29.9,16.4,32.06,420.0,Synthetic Customer - Sapele,360.0,2025-09-01T09:30:29.956114+00:00
a3acec75-ff5c-4479-9926-f72da9deb258,SYN-WB-426A0EE6BB,PHC Terminal,"Jigawa, Nigeria","Jigawa, Nigeria",PHC Terminal → JIGAWA,3600.0,synthetic,72.0,4320.0,13,0,0,0,cationic_bitumen_emulsion,40000.0,tanker,40000.0,1.0,12.0,44.8,32.8,29.88,428.0,Synthetic Customer - Jigawa,4320.0,2026-03-26T13:32:29.956114+00:00
3d113395-cc78-4f33-8f14-3c66b6e4d34b,SYN-WB-F630621C59,Gwagwalada Terminal,"Ado-Ekiti, Nigeria","Ado-Ekiti, Nigeria",Gwagwalada Terminal → ADO-EKITI,1200.0,synthetic,24.0,1440.0,12,1,0,0,bitumen_80_100,35000.0,tanker,35000.0,1.0,11.0,39.7,28.7,35.52,103.0,Synthetic Customer - Ado-Ekiti,1440.0,2026-07-15T12:25:29.956114+00:00
3d7fa3c4-b266-4626-9cb1-91bd33517f8b,SYN-WB-B3F5C4154D,PHC Terminal,OBURARA,OBURARA,PHC Terminal → OBURARA,1200.0,synthetic,24.0,1440.0,13,0,0,0,bitumen_80_100,20000.0,tanker,35000.0,0.5714,11.5,27.9,16.4,36.29,185.0,Synthetic Customer - Oburara,1440.0,2025-11-18T13:10:29.956114+00:00
109484f7-14f2-4293-aeb7-8f88ceb7497c,SYN-WB-80A865CDD8,Sapele Terminal,RIVERS,"Port Harcourt, Nigeria",Sapele Terminal → RIVERS,300.0,synthetic,6.0,360.0,13,1,0,0,liquefied_petroleum_gas,25000.0,tanker,25000.0,1.0,12.0,32.5,20.5,37.87,215.0,Synthetic Customer - Port Harcourt,360.0,2025-12-23T19:54:29.956114+00:00
28bf1522-757a-401d-963b-1ff3a5513dc1,SYN-WB-343E00C3F6,Sapele Terminal,"Taraba, Nigeria","Taraba, Nigeria",Sapele Terminal → TARABA,3600.0,synthetic,72.0,4320.0,9,5,1,1,dual_purpose_kerosene,25000.0,tanker,25000.0,1.0,11.0,31.5,20.5,33.13,364.0,Synthetic Customer - Taraba,4320.0,2026-03-17T09:15:29.956114+00:00
4231f1f4-2c6b-452d-ba60-4f1b18a04283,SYN-WB-53E2090DEF,Gwagwalada Terminal,"Biu, Nigeria","Biu, Nigeria",Gwagwalada Terminal → BIU,2400.0,synthetic,48.0,2880.0,4,0,0,0,heavy_fuel_oil,25000.0,tanker,30000.0,0.8333,13.5,34.0,20.5,37.88,345.0,Synthetic Customer - Biu,2880.0,2026-07-08T04:45:29.956114+00:00
8e6a73e3-b668-4681-8012-3a575d710e63,SYN-WB-C2F050D14A,Kano Terminal,"Birnin Kebbi, Nigeria","Birnin Kebbi, Nigeria",Kano Terminal → BIRNIN KEBBI,2400.0,synthetic,48.0,2880.0,3,5,1,0,marine_gas_oil,20000.0,tanker,20000.0,1.0,13.5,29.9,16.4,37.74,285.0,Synthetic Customer - Birnin Kebbi,2880.0,2025-11-24T03:08:29.956114+00:00
6135c42e-6c80-4a3d-a0b0-b5b29386c3ec,SYN-WB-2CF884588D,Gwagwalada Terminal,"Maiduguri, Nigeria","Maiduguri, Nigeria",Gwagwalada Terminal → MAIDUGURI,2400.0,synthetic,48.0,2880.0,14,6,1,0,marine_diesel_oil,30000.0,tanker,30000.0,1.0,12.5,37.1,24.6,35.72,353.0,Synthetic Customer - Maiduguri,2880.0,2026-02-17T14:43:29.956114+00:00
07284ca5-5658-4041-b096-cc68a2570ee7,SYN-WB-F011912A32,Sapele Terminal,"Talata Mafara, Nigeria","Talata Mafara, Nigeria",Sapele Terminal → TALATA MAFARA,6000.0,synthetic,120.0,7200.0,1,2,0,0,heavy_fuel_oil,30000.0,tanker,40000.0,0.75,12.0,36.6,24.6,30.5,400.0,Synthetic Customer - Talata Mafara,7200.0,2026-02-16T01:43:29.956114+00:00
bd6b9cb9-a295-4952-bd7c-72923fe2f7a6,SYN-WB-DCB5D2BC1D,PHC Terminal,"Benue, Nigeria","Benue, Nigeria",PHC Terminal → BENUE,1200.0,synthetic,24.0,1440.0,9,4,0,1,household_kerosene,25000.0,tanker,25000.0,1.0,10.5,31.0,20.5,36.08,174.0,Synthetic Customer - Benue,1440.0,2026-07-11T09:52:29.956114+00:00
63a3b035-035b-4b74-a385-e54c9f68df60,SYN-WB-542B4157FE,PHC Terminal,"Anambra, Nigeria","Anambra, Nigeria",PHC Terminal → ANAMBRA,400.0,synthetic,8.0,480.0,6,2,0,0,hydraulic_oil,40000.0,tanker,40000.0,1.0,13.0,45.8,32.8,33.31,487.0,Synthetic Customer - Anambra,480.0,2025-12-10T14:30:29.956114+00:00
76493878-be1a-46a3-947c-b9e693035776,SYN-WB-2CEC169423,Sapele Terminal,"Kontagora, Nigeria","Kontagora, Nigeria",Sapele Terminal → KONTAGORA,4800.0,synthetic,96.0,5760.0,6,1,0,0,crumb_rubber_modified_bitumen,33000.0,tanker,33000.0,1.0,12.5,39.56,27.06,33.41,245.0,Synthetic Customer - Kontagora,5760.0,2025-10-25T06:11:29.956114+00:00
432ad333-8caa-4935-9fbc-6387d41012e2,SYN-WB-C9E4D99991,Kano Terminal,FUTUA,FUTUA,Kano Terminal → FUTUA,300.0,synthetic,6.0,360.0,5,1,0,0,heavy_fuel_oil,20000.0,tanker,20000.0,1.0,11.0,27.4,16.4,25.41,229.0,Synthetic Customer - Futua,360.0,2025-09-02T11:58:29.956114+00:00
e09ee75f-d6b2-421c-ab83-3f7d96283480,SYN-WB-DDDDBA23E9,PHC Terminal,"Zamfara, Nigeria","Zamfara, Nigeria",PHC Terminal → ZAMFARA,4800.0,synthetic,96.0,5760.0,1,1,0,0,marine_diesel_oil,25000.0,tanker,35000.0,0.7143,12.0,32.5,20.5,32.62,285.0,Synthetic Customer - Zamfara,5760.0,2026-04-04T01:51:29.956114+00:00
a40de416-201f-4db1-bbff-39a64bdb2b15,SYN-WB-ED31D92657,PHC Terminal,"Bauchi, Nigeria","Bauchi, Nigeria",PHC Terminal → BAUCHI,2400.0,synthetic,48.0,2880.0,1,1,0,0,low_pour_fuel_oil,30000.0,tanker,40000.0,0.75,13.0,37.6,24.6,29.94,461.0,Synthetic Customer - Bauchi,2880.0,2025-10-16T01:07:29.956114+00:00
04a6e839-308e-4012-bc98-f44e8796e4bc,SYN-WB-AECBD57414,Sapele Terminal,"Osogbo, Nigeria","Osogbo, Nigeria",Sapele Terminal → OSOGBO,1200.0,synthetic,24.0,1440.0,11,6,1,0,liquefied_natural_gas,40000.0,tanker,40000.0,1.0,11.5,44.3,32.8,28.84,200.0,Synthetic Customer - Osogbo,1440.0,2025-12-08T11:09:29.956114+00:00
448b7b10-9318-4790-ac4e-5f85e96b7097,SYN-WB-DDB75BC598,Sapele Terminal,"Jalingo, Nigeria","Jalingo, Nigeria",Sapele Terminal → JALINGO,3600.0,synthetic,72.0,4320.0,9,6,1,1,natural_gas,20000.0,tanker,25000.0,0.8,13.5,29.9,16.4,28.39,173.0,Synthetic Customer - Jalingo,4320.0,2025-11-26T09:53:29.956114+00:00
d626be39-7109-45b6-8d2e-1c00562ebeec,SYN-WB-53A5ACD6EC,Gwagwalada Terminal,"Ondo, Nigeria","Ondo, Nigeria",Gwagwalada Terminal → ONDO,2400.0,synthetic,48.0,2880.0,5,6,1,0,solvent,35000.0,tanker,35000.0,1.0,11.5,40.2,28.7,30.85,317.0,Synthetic Customer - Ondo,2880.0,2026-01-20T05:46:29.956114+00:00
daefa1b2-4c58-4d97-9d86-99f05d889672,SYN-WB-F4C5E58380,Sapele Terminal,"Calabar, Nigeria","Calabar, Nigeria",Sapele Terminal → CALABAR,2400.0,synthetic,48.0,2880.0,7,1,0,1,natural_gas,20000.0,tanker,20000.0,1.0,13.0,29.4,16.4,34.45,263.0,Synthetic Customer - Calabar,2880.0,2025-10-02T07:13:29.956114+00:00
a0185d74-6dfc-4ed8-b12e-248d5bf9a91d,SYN-WB-4DC97DEAA8,Gwagwalada Terminal,"Damaturu, Nigeria","Damaturu, Nigeria",Gwagwalada Terminal → DAMATURU,2400.0,synthetic,48.0,2880.0,10,3,0,0,compressed_natural_gas,35000.0,tanker,35000.0,1.0,11.5,40.2,28.7,26.45,322.0,Synthetic Customer - Damaturu,2880.0,2025-08-23T10:58:29.956114+00:00
d89df910-a93d-4a86-8b80-a99b1cfaa430,SYN-WB-3AA4590665,Sapele Terminal,OBURARA,OBURARA,Sapele Terminal → OBURARA,2400.0,synthetic,48.0,2880.0,10,5,1,0,bitumen_40_50,25000.0,tanker,25000.0,1.0,12.0,32.5,20.5,30.18,453.0,Synthetic Customer - Oburara,2880.0,2026-07-06T10:04:29.956114+00:00
a7ab2e16-dc87-4f77-96fb-2e7291826ddd,SYN-WB-F64B8584C3,Sapele Terminal,"Benue, Nigeria","Benue, Nigeria",Sapele Terminal → BENUE,2400.0,synthetic,48.0,2880.0,8,1,0,1,base_oil,25000.0,tanker,40000.0,0.625,13.0,33.5,20.5,33.05,199.0,Synthetic Customer - Benue,2880.0,2026-06-11T08:04:29.956114+00:00
eeabc13f-fedc-4bdc-b28a-bbd24376977b,SYN-WB-F2A7B04502,PHC Terminal,FUTUA,FUTUA,PHC Terminal → FUTUA,3600.0,synthetic,72.0,4320.0,10,0,0,0,paraffin_wax,35000.0,tanker,35000.0,1.0,10.5,39.2,28.7,33.24,306.0,Synthetic Customer - Futua,4320.0,2025-11-13T10:06:29.956114+00:00
af519caf-a40d-48c7-bffd-b68d0832e360,SYN-WB-637E9175ED,Sapele Terminal,"Maiduguri, Nigeria","Maiduguri, Nigeria",Sapele Terminal → MAIDUGURI,6000.0,synthetic,120.0,7200.0,11,0,0,0,grease,20000.0,tanker,25000.0,0.8,11.0,27.4,16.4,25.16,192.0,Synthetic Customer - Maiduguri,7200.0,2026-07-18T11:24:29.956114+00:00
af415ac8-0d2a-47f9-8555-e7baac281270,SYN-WB-8A7DCA8E8E,PHC Terminal,"Biu, Nigeria","Biu, Nigeria",PHC Terminal → BIU,3600.0,synthetic,72.0,4320.0,12,6,1,0,compressed_natural_gas,25000.0,tanker,40000.0,0.625,12.5,33.0,20.5,33.38,330.0,Synthetic Customer - Biu,4320.0,2026-03-25T12:58:29.956114+00:00
50c97eb4-0526-48ea-870d-668cb9008400,SYN-WB-CF891B50F0,Sapele Terminal,"Biu, Nigeria","Biu, Nigeria",Sapele Terminal → BIU,4800.0,synthetic,96.0,5760.0,10,2,0,0,premium_motor_spirit,25000.0,tanker,25000.0,1.0,11.5,32.0,20.5,31.9,435.0,Synthetic Customer - Biu,5760.0,2026-01-18T10:28:29.956114+00:00
cb3f5a8d-1d3f-4224-a1e9-943d98a103fc,SYN-WB-BB13BE3F77,PHC Terminal,"Ado-Ekiti, Nigeria","Ado-Ekiti, Nigeria",PHC Terminal → ADO-EKITI,1550.0,synthetic,31.0,1860.0,11,5,1,0,crumb_rubber_modified_bitumen,20000.0,tanker,20000.0,1.0,11.0,27.4,16.4,29.22,457.0,Synthetic Customer - Ado-Ekiti,1860.0,2025-08-31T18:59:29.956114+00:00
b2b6b939-62c9-4c8e-a857-f0b070b395ce,SYN-WB-C94333AB75,PHC Terminal,"Katsina, Nigeria","Katsina, Nigeria",PHC Terminal → KATSINA,4800.0,synthetic,96.0,5760.0,9,0,0,1,automotive_gas_oil,35000.0,tanker,40000.0,0.875,12.5,41.2,28.7,29.32,169.0,Synthetic Customer - Katsina,5760.0,2026-06-26T09:03:29.956114+00:00
383939ba-b375-458f-80f8-2c9dda96f993,SYN-WB-AAEB7A9316,PHC Terminal,"Ilorin, Nigeria","Ilorin, Nigeria",PHC Terminal → ILORIN,1200.0,synthetic,24.0,1440.0,6,3,0,0,transmission_fluid,35000.0,tanker,35000.0,1.0,11.5,40.2,28.7,37.33,306.0,Synthetic Customer - Ilorin,1440.0,2025-10-24T06:57:29.956114+00:00
09e67cb8-b75b-49af-9cf1-5da8238156b8,SYN-WB-8A7BA7B70C,Gwagwalada Terminal,"Mokwa, Nigeria","Mokwa, Nigeria",Gwagwalada Terminal → MOKWA,2400.0,synthetic,48.0,2880.0,7,6,1,1,automotive_gas_oil,35000.0,tanker,35000.0,1.0,13.0,41.7,28.7,31.72,323.0,Synthetic Customer - Mokwa,2880.0,2026-06-09T07:27:29.956114+00:00
e8dd0d99-d4b5-46f1-9e29-18f4de7dd051,SYN-WB-CA85E2E2D2,Gwagwalada Terminal,"Katsina, Nigeria","Katsina, Nigeria",Gwagwalada Terminal → KATSINA,2400.0,synthetic,48.0,2880.0,13,3,0,0,natural_gas,25000.0,tanker,30000.0,0.8333,11.5,32.0,20.5,29.81,286.0,Synthetic Customer - Katsina,2880.0,2026-03-21T13:11:29.956114+00:00
9d238dc3-5ba3-4484-86bb-3818633f2ea0,SYN-WB-B075BD3C77,Gwagwalada Terminal,"Uyo, Nigeria","Uyo, Nigeria",Gwagwalada Terminal → UYO,3600.0,synthetic,72.0,4320.0,3,1,0,0,bitumen_40_50,30000.0,tanker,30000.0,1.0,12.5,37.1,24.6,25.54,337.0,Synthetic Customer - Uyo,4320.0,2026-05-22T03:19:29.956114+00:00
c6602408-073c-4030-84f6-04e472fd3b34,SYN-WB-711FFA40DB,Gwagwalada Terminal,"Jalingo, Nigeria","Jalingo, Nigeria",Gwagwalada Terminal → JALINGO,2400.0,synthetic,48.0,2880.0,12,6,1,0,bitumen_60_70,25000.0,tanker,25000.0,1.0,12.5,33.0,20.5,29.07,222.0,Synthetic Customer - Jalingo,2880.0,2026-07-28T12:27:29.956114+00:00
255c9a18-4960-4605-aaa9-44880d02fe4e,SYN-WB-731D89C8FC,Gwagwalada Terminal,"Bauchi, Nigeria","Bauchi, Nigeria",Gwagwalada Terminal → BAUCHI,1200.0,synthetic,24.0,1440.0,1,5,1,0,household_kerosene,25000.0,tanker,25000.0,1.0,11.0,31.5,20.5,33.58,379.0,Synthetic Customer - Bauchi,1440.0,2025-10-26T01:19:29.956114+00:00
c9617c20-767e-434c-bc9d-720568853b32,SYN-WB-FD0477E3FF,Gwagwalada Terminal,"Uyo, Nigeria","Uyo, Nigeria",Gwagwalada Terminal → UYO,3600.0,synthetic,72.0,4320.0,9,6,1,1,household_kerosene,30000.0,tanker,40000.0,0.75,13.5,38.1,24.6,28.67,270.0,Synthetic Customer - Uyo,4320.0,2025-08-27T09:29:29.956114+00:00
359282fe-edc5-41d1-957c-bcc35f91af13,SYN-WB-341B9770EA,Gwagwalada Terminal,"Uyo, Nigeria","Uyo, Nigeria",Gwagwalada Terminal → UYO,3600.0,synthetic,72.0,4320.0,2,4,0,0,solvent,30000.0,tanker,40000.0,0.75,11.0,35.6,24.6,34.61,224.0,Synthetic Customer - Uyo,4320.0,2026-02-02T02:31:29.956114+00:00
44e12cb2-05ff-4045-8326-0dbb43f40797,SYN-WB-41683B41AE,Sapele Terminal,"Kontagora, Nigeria","Kontagora, Nigeria",Sapele Terminal → KONTAGORA,4800.0,synthetic,96.0,5760.0,8,1,0,1,dual_purpose_kerosene,25000.0,tanker,25000.0,1.0,11.0,31.5,20.5,34.48,133.0,Synthetic Customer - Kontagora,5760.0,2026-07-18T08:45:29.956114+00:00
886c16b1-504e-4073-ba57-1531488040ed,SYN-WB-3B10DA8EDC,PHC Terminal,"Mayo-Belwa, Nigeria","Mayo-Belwa, Nigeria",PHC Terminal → MAYO BELWA,3600.0,synthetic,72.0,4320.0,8,0,0,1,grease,20000.0,tanker,20000.0,1.0,13.5,29.9,16.4,35.26,431.0,Synthetic Customer - Mayo-Belwa,4320.0,2026-05-14T08:57:29.956114+00:00
e9800324-dfa6-4e72-a2e7-f478cd7760f1,SYN-WB-D2D84A79EB,Gwagwalada Terminal,"Katsina, Nigeria","Katsina, Nigeria",Gwagwalada Terminal → KATSINA,2400.0,synthetic,48.0,2880.0,6,2,0,0,premium_motor_spirit,35000.0,tanker,35000.0,1.0,11.0,39.7,28.7,34.3,312.0,Synthetic Customer - Katsina,2880.0,2026-04-17T06:20:29.956114+00:00
73c21b3a-c962-481d-bd18-a461549eed76,SYN-WB-4B2DB49687,Gwagwalada Terminal,"Damaturu, Nigeria","Damaturu, Nigeria",Gwagwalada Terminal → DAMATURU,2400.0,synthetic,48.0,2880.0,13,0,0,0,automotive_gas_oil,35000.0,tanker,35000.0,1.0,12.5,41.2,28.7,26.42,227.0,Synthetic Customer - Damaturu,2880.0,2026-02-18T13:38:29.956114+00:00
f26f67b4-3db7-4275-aab9-df7943849f3f,SYN-WB-E95CD51312,Sapele Terminal,"Kaiama, Nigeria","Kaiama, Nigeria",Sapele Terminal → KAIAMA,3600.0,synthetic,72.0,4320.0,13,3,0,0,cationic_bitumen_emulsion,35000.0,tanker,40000.0,0.875,10.5,39.2,28.7,30.55,277.0,Synthetic Customer - Kaiama,4320.0,2025-10-05T13:06:29.956114+00:00
cfed7067-67e3-4773-90f0-75b4df970764,SYN-WB-727259C129,PHC Terminal,AKWAIBOM,"Uyo, Nigeria",PHC Terminal → AKWAIBOM,400.0,synthetic,8.0,480.0,6,2,0,0,bitumen_40_50,25000.0,tanker,25000.0,1.0,12.0,32.5,20.5,29.46,143.0,Synthetic Customer - Uyo,480.0,2026-04-01T14:11:29.956114+00:00
14249237-8dee-42e4-8341-8f47c2ac62ae,SYN-WB-809A0B707C,PHC Terminal,"Sokoto, Nigeria","Sokoto, Nigeria",PHC Terminal → SOKOTO,6000.0,synthetic,120.0,7200.0,7,2,0,1,polymer_modified_bitumen,25000.0,tanker,25000.0,1.0,12.0,32.5,20.5,34.25,246.0,Synthetic Customer - Sokoto,7200.0,2025-12-15T07:57:29.956114+00:00
ba60f88e-2e84-4219-ab6e-57fdfc781003,SYN-WB-BFA1B91450,Kano Terminal,"Mayo-Belwa, Nigeria","Mayo-Belwa, Nigeria",Kano Terminal → MAYO BELWA,2400.0,synthetic,48.0,2880.0,7,6,1,1,marine_diesel_oil,20000.0,tanker,20000.0,1.0,11.5,27.9,16.4,32.53,459.0,Synthetic Customer - Mayo-Belwa,2880.0,2026-02-03T07:28:29.956114+00:00
3a1a013c-d511-4bce-b55c-75b085148213,SYN-WB-8840BEF0A3,Sapele Terminal,"Dutse, Nigeria","Dutse, Nigeria",Sapele Terminal → DUTSE,4800.0,synthetic,96.0,5760.0,4,5,1,0,aviation_turbine_kerosene,25000.0,tanker,25000.0,1.0,12.0,32.5,20.5,37.75,265.0,Synthetic Customer - Dutse,5760.0,2026-02-25T04:25:29.956114+00:00
667cc546-9c2e-4bba-9d28-d3463a9da86c,SYN-WB-99F3DBCB81,PHC Terminal,"Ilorin, Nigeria","Ilorin, Nigeria",PHC Terminal → ILORIN,1200.0,synthetic,24.0,1440.0,9,1,0,1,premium_motor_spirit,25000.0,tanker,25000.0,1.0,11.0,31.5,20.5,37.78,152.0,Synthetic Customer - Ilorin,1440.0,2026-07-15T09:26:29.956114+00:00
347f7088-1ab8-4861-97cd-2496dc991fdb,SYN-WB-3A5C89C543,Gwagwalada Terminal,"Nasarawa, Nigeria","Nasarawa, Nigeria",Gwagwalada Terminal → NASARAWA,300.0,synthetic,6.0,360.0,3,6,1,0,low_pour_fuel_oil,40000.0,tanker,40000.0,1.0,12.5,45.3,32.8,35.02,437.0,Synthetic Customer - Nasarawa,360.0,2026-02-15T09:36:29.956114+00:00
b4d6b884-4d43-4e99-8d47-46a4701e75dd,SYN-WB-528C450651,PHC Terminal,"Kwara, Nigeria","Kwara, Nigeria",PHC Terminal → KWARA,2400.0,synthetic,48.0,2880.0,4,5,1,0,gear_oil,33000.0,tanker,40000.0,0.825,13.0,40.06,27.06,33.12,136.0,Synthetic Customer - Kwara,2880.0,2025-12-01T04:30:29.956114+00:00
6a913eb0-a24b-4723-b946-c9fc0d0aebab,SYN-WB-09F37224E5,Gwagwalada Terminal,"Yola, Nigeria","Yola, Nigeria",Gwagwalada Terminal → YOLA,2400.0,synthetic,48.0,2880.0,2,1,0,0,bitumen_40_50,40000.0,tanker,40000.0,1.0,12.5,45.3,32.8,25.9,148.0,Synthetic Customer - Yola,2880.0,2026-03-12T02:03:29.956114+00:00
caa9bdff-fbb5-4d0f-8430-cd5b3ebbde11,SYN-WB-CB5FBA2ACB,Kano Terminal,"Talata Mafara, Nigeria","Talata Mafara, Nigeria",Kano Terminal → TALATA MAFARA,500.0,synthetic,10.0,600.0,10,0,0,0,gear_oil,20000.0,tanker,20000.0,1.0,13.0,29.4,16.4,36.31,139.0,Synthetic Customer - Talata Mafara,600.0,2026-01-19T20:57:29.956114+00:00
a5fadee5-ee24-47dc-aff2-6edbbe762062,SYN-WB-0BA6046CC6,Sapele Terminal,"Osun, Nigeria","Osun, Nigeria",Sapele Terminal → OSUN,1200.0,synthetic,24.0,1440.0,2,4,0,0,marine_diesel_oil,30000.0,tanker,40000.0,0.75,11.0,35.6,24.6,27.61,188.0,Synthetic Customer - Osun,1440.0,2025-09-13T02:58:29.956114+00:00
56177595-1244-45ca-8677-108fedbd2c7c,SYN-WB-1698A62CD3,PHC Terminal,"Kaduna, Nigeria","Kaduna, Nigeria",PHC Terminal → KADUNA,2400.0,synthetic,48.0,2880.0,12,6,1,0,hydraulic_oil,33000.0,tanker,40000.0,0.825,13.0,40.06,27.06,26.94,146.0,Synthetic Customer - Kaduna,2880.0,2025-12-02T12:58:29.956114+00:00
4369eca3-1bcd-41cb-831c-d85d1e879cd7,SYN-WB-B4523BE049,PHC Terminal,"Aba, Nigeria","Taraba, Nigeria",PHC Terminal → ABA,150.0,synthetic,3.0,180.0,13,4,0,0,crumb_rubber_modified_bitumen,25000.0,tanker,25000.0,1.0,11.0,31.5,20.5,25.11,253.0,Synthetic Customer - Taraba,180.0,2026-07-31T16:39:29.956114+00:00
7b7f278f-7adb-475c-a863-babb4b291276,SYN-WB-06E276B273,Sapele Terminal,"Ondo, Nigeria","Ondo, Nigeria",Sapele Terminal → ONDO,300.0,synthetic,6.0,360.0,9,5,1,1,crumb_rubber_modified_bitumen,25000.0,tanker,25000.0,1.0,13.5,34.0,20.5,36.89,289.0,Synthetic Customer - Ondo,360.0,2026-04-11T15:24:29.956114+00:00
924fcdcb-6369-4443-b57f-18dfd2c08acb,SYN-WB-8505852F83,Gwagwalada Terminal,"Bauchi, Nigeria","Bauchi, Nigeria",Gwagwalada Terminal → BAUCHI,1200.0,synthetic,24.0,1440.0,6,5,1,0,low_pour_fuel_oil,30000.0,tanker,30000.0,1.0,13.0,37.6,24.6,35.32,392.0,Synthetic Customer - Bauchi,1440.0,2026-01-18T06:25:29.956114+00:00
d1d55a53-1b5a-49bf-a541-de9951d8ce34,SYN-WB-8802D96560,Sapele Terminal,"Bayelsa, Nigeria","Bayelsa, Nigeria",Sapele Terminal → BAYELSA,300.0,synthetic,6.0,360.0,12,5,1,0,cutback_bitumen,25000.0,tanker,25000.0,1.0,13.0,33.5,20.5,35.7,106.0,Synthetic Customer - Bayelsa,360.0,2026-08-01T18:51:29.956114+00:00
bb2ce2a0-e848-48c7-9783-f1787a5d8f8f,SYN-WB-1A3895F1F7,Gwagwalada Terminal,"Ondo, Nigeria","Ondo, Nigeria",Gwagwalada Terminal → ONDO,2400.0,synthetic,48.0,2880.0,5,5,1,0,polymer_modified_bitumen,25000.0,tanker,35000.0,0.7143,13.5,34.0,20.5,37.08,302.0,Synthetic Customer - Ondo,2880.0,2025-09-08T05:54:29.956114+00:00
6c5638d8-ac10-4d85-a2fb-c03813d0a491,SYN-WB-12572FC08A,Sapele Terminal,"Epe, Nigeria","Epe, Nigeria",Sapele Terminal → EPE,1200.0,synthetic,24.0,1440.0,0,5,1,0,bitumen_60_70,33000.0,tanker,33000.0,1.0,12.5,39.56,27.06,25.73,232.0,Synthetic Customer - Epe,1440.0,2026-03-15T00:18:29.956114+00:00
7d0ddfb3-f8ab-4ada-aa63-62f1f5ee2916,SYN-WB-571BDB340F,PHC Terminal,"Mowe, Nigeria","Mowe, Nigeria",PHC Terminal → MOWE,1200.0,synthetic,24.0,1440.0,1,6,1,0,automotive_gas_oil,20000.0,tanker,20000.0,1.0,13.0,29.4,16.4,33.51,333.0,Synthetic Customer - Mowe,1440.0,2026-05-25T01:01:29.956114+00:00
cdae9956-7486-4e44-81af-a8f528117bf7,SYN-WB-5CA57AE2DB,Sapele Terminal,OBURARA,OBURARA,Sapele Terminal → OBURARA,2400.0,synthetic,48.0,2880.0,11,5,1,0,premium_motor_spirit,25000.0,tanker,25000.0,1.0,11.5,32.0,20.5,27.38,416.0,Synthetic Customer - Oburara,2880.0,2026-08-03T11:16:29.956114+00:00
85eaa17a-aac5-4d2c-b243-71a7191a93fa,SYN-WB-C08A251578,Sapele Terminal,"Kaiama, Nigeria","Kaiama, Nigeria",Sapele Terminal → KAIAMA,3600.0,synthetic,72.0,4320.0,12,4,0,0,base_oil,20000.0,tanker,25000.0,0.8,12.5,28.9,16.4,27.72,436.0,Synthetic Customer - Kaiama,4320.0,2026-02-23T12:30:29.956114+00:00
d5ccf01e-8d07-437f-801a-35dfc219e665,SYN-WB-3D7F67D4AD,PHC Terminal,"Osogbo, Nigeria","Osogbo, Nigeria",PHC Terminal → OSOGBO,1200.0,synthetic,24.0,1440.0,6,0,0,0,heavy_fuel_oil,35000.0,tanker,35000.0,1.0,12.0,40.7,28.7,26.88,426.0,Synthetic Customer - Osogbo,1440.0,2025-12-23T06:36:29.956114+00:00
1151225f-9cea-4eaa-8177-975530cbcc81,SYN-WB-3A616F9A68,PHC Terminal,"Ogun, Nigeria","Ogun, Nigeria",PHC Terminal → OGUN,1200.0,synthetic,24.0,1440.0,7,1,0,1,bitumen_80_100,20000.0,tanker,20000.0,1.0,13.5,29.9,16.4,34.84,409.0,Synthetic Customer - Ogun,1440.0,2025-08-20T07:42:29.956114+00:00
9aceb9c3-7dc0-4193-8475-303b0f1dcfd7,SYN-WB-5BDD414578,PHC Terminal,"Mowe, Nigeria","Mowe, Nigeria",PHC Terminal → MOWE,1200.0,synthetic,24.0,1440.0,10,6,1,0,gear_oil,33000.0,tanker,35000.0,0.9429,11.5,38.56,27.06,32.11,190.0,Synthetic Customer - Mowe,1440.0,2025-11-24T10:01:29.956114+00:00
96b896a9-1921-45ec-a434-4924c588143b,SYN-WB-06F452781B,Gwagwalada Terminal,"Ado-Ekiti, Nigeria","Ado-Ekiti, Nigeria",Gwagwalada Terminal → ADO-EKITI,1200.0,synthetic,24.0,1440.0,13,6,1,0,bitumen_60_70,33000.0,tanker,35000.0,0.9429,11.5,38.56,27.06,30.77,430.0,Synthetic Customer - Ado-Ekiti,1440.0,2025-10-27T13:00:29.956114+00:00
2a2de091-57d3-4c39-aa11-8535f7fc760b,SYN-WB-37E86F3188,PHC Terminal,"Katsina, Nigeria","Katsina, Nigeria",PHC Terminal → KATSINA,4800.0,synthetic,96.0,5760.0,14,2,0,0,liquefied_petroleum_gas,40000.0,tanker,40000.0,1.0,13.5,46.3,32.8,36.25,500.0,Synthetic Customer - Katsina,5760.0,2026-02-08T14:29:29.956114+00:00
8b6603bc-81a7-43ac-81c0-abe4e8d3c453,SYN-WB-D86F818365,PHC Terminal,"Ogun, Nigeria","Ogun, Nigeria",PHC Terminal → OGUN,1200.0,synthetic,24.0,1440.0,9,3,0,1,gear_oil,20000.0,tanker,20000.0,1.0,11.0,27.4,16.4,34.5,165.0,Synthetic Customer - Ogun,1440.0,2026-06-12T09:02:29.956114+00:00
0356db45-8f94-40f0-9b94-f52bb553d441,SYN-WB-E65917FC89,Gwagwalada Terminal,"Kaduna, Nigeria","Kaduna, Nigeria",Gwagwalada Terminal → KADUNA,300.0,synthetic,6.0,360.0,11,5,1,0,engine_oil,25000.0,tanker,25000.0,1.0,12.0,32.5,20.5,25.95,209.0,Synthetic Customer - Kaduna,360.0,2026-07-25T17:15:29.956114+00:00
452024ed-510b-4248-b558-f41031e0bae8,SYN-WB-A1833A8374,Sapele Terminal,"Jos, Nigeria","Jos, Nigeria",Sapele Terminal → JOS,3600.0,synthetic,72.0,4320.0,13,2,0,0,bitumen_60_70,20000.0,tanker,20000.0,1.0,12.5,28.9,16.4,35.75,363.0,Synthetic Customer - Jos,4320.0,2026-02-07T13:28:29.956114+00:00
8c599feb-ab85-4d8b-a90d-cd5719ade9c3,SYN-WB-668661857C,Sapele Terminal,"Gombe, Nigeria","Gombe, Nigeria",Sapele Terminal → GOMBE,6000.0,synthetic,120.0,7200.0,10,5,1,0,cationic_bitumen_emulsion,40000.0,tanker,40000.0,1.0,12.5,45.3,32.8,36.99,405.0,Synthetic Customer - Gombe,7200.0,2026-03-19T10:48:29.956114+00:00
d0930498-6660-44da-9ccc-a10df31a925f,SYN-WB-753FAAED65,PHC Terminal,"Katsina, Nigeria","Katsina, Nigeria",PHC Terminal → KATSINA,4800.0,synthetic,96.0,5760.0,4,1,0,0,paraffin_wax,20000.0,tanker,20000.0,1.0,13.5,29.9,16.4,36.24,421.0,Synthetic Customer - Katsina,5760.0,2025-09-27T04:07:29.956114+00:00
7391d90f-4287-445f-9372-c611ae4d1972,SYN-WB-A3375CB7C2,Gwagwalada Terminal,"Uyo, Nigeria","Uyo, Nigeria",Gwagwalada Terminal → UYO,3600.0,synthetic,72.0,4320.0,7,3,0,1,premium_motor_spirit,20000.0,tanker,20000.0,1.0,12.0,28.4,16.4,35.42,231.0,Synthetic Customer - Uyo,4320.0,2026-03-29T07:57:29.956114+00:00
13471f15-3132-4577-88f3-4a1e33e657d3,SYN-WB-ED3A0F6040,Kano Terminal,"Mubi, Nigeria","Mubi, Nigeria",Kano Terminal → MUBI,2400.0,synthetic,48.0,2880.0,13,1,0,0,polymer_modified_bitumen,33000.0,tanker,35000.0,0.9429,12.0,39.06,27.06,33.85,367.0,Synthetic Customer - Mubi,2880.0,2026-06-04T13:32:29.956114+00:00
cbee2db3-9d05-4388-ace0-849c772e8cfe,SYN-WB-5DFF8677B0,Gwagwalada Terminal,"Ado-Ekiti, Nigeria","Ado-Ekiti, Nigeria",Gwagwalada Terminal → ADO-EKITI,1200.0,synthetic,24.0,1440.0,12,6,1,0,hydraulic_oil,20000.0,tanker,35000.0,0.5714,11.5,27.9,16.4,36.94,475.0,Synthetic Customer - Ado-Ekiti,1440.0,2025-10-20T12:28:29.956114+00:00
0d7c12b8-bb41-4361-980c-4a10cfd7c792,SYN-WB-0E6278886B,PHC Terminal,"Kwara, Nigeria","Kwara, Nigeria",PHC Terminal → KWARA,2400.0,synthetic,48.0,2880.0,2,6,1,0,gear_oil,35000.0,tanker,35000.0,1.0,13.5,42.2,28.7,36.85,347.0,Synthetic Customer - Kwara,2880.0,2025-11-11T02:35:29.956114+00:00
8cd84232-6cbd-420e-8a87-e5e5ed74cb25,SYN-WB-947CCEA3A8,PHC Terminal,"Ogbomoso, Nigeria","Ogbomoso, Nigeria",PHC Terminal → OGBOMOSO,1500.0,synthetic,30.0,1800.0,6,0,0,0,automotive_gas_oil,20000.0,tanker,20000.0,1.0,10.5,26.9,16.4,33.05,287.0,Synthetic Customer - Ogbomoso,1800.0,2026-07-28T12:00:29.956114+00:00
7b43b319-e487-4b79-94ca-b0204a5c9f2b,SYN-WB-10C0F086F8,PHC Terminal,"Maiduguri, Nigeria","Maiduguri, Nigeria",PHC Terminal → MAIDUGURI,6000.0,synthetic,120.0,7200.0,2,2,0,0,liquefied_petroleum_gas,33000.0,tanker,35000.0,0.9429,10.5,37.56,27.06,31.56,188.0,Synthetic Customer - Maiduguri,7200.0,2026-05-04T02:58:29.956114+00:00
eaf162b2-bcdf-44dd-b929-e837ac30b2df,SYN-WB-3AE1DD7A65,Kano Terminal,"Benue, Nigeria","Benue, Nigeria",Kano Terminal → BENUE,2400.0,synthetic,48.0,2880.0,6,4,0,0,dual_purpose_kerosene,20000.0,tanker,20000.0,1.0,11.5,27.9,16.4,26.11,468.0,Synthetic Customer - Benue,2880.0,2025-12-28T06:31:29.956114+00:00
2b37e023-d031-4307-a816-7a5820fc7fb2,SYN-WB-1AA4CB6A66,Kano Terminal,"Port Harcourt, Nigeria","Port Harcourt, Nigeria",Kano Terminal → PHC,4800.0,synthetic,96.0,5760.0,2,4,0,0,hydraulic_oil,20000.0,tanker,20000.0,1.0,13.0,29.4,16.4,26.26,205.0,Synthetic Customer - Port Harcourt,5760.0,2026-04-28T02:47:29.956114+00:00
cdadaf69-4711-4790-92f8-bd7e7b53ab86,SYN-WB-34D2EC0685,PHC Terminal,"Katsina, Nigeria","Katsina, Nigeria",PHC Terminal → KATSINA,4800.0,synthetic,96.0,5760.0,13,6,1,0,natural_gas,20000.0,tanker,20000.0,1.0,10.5,26.9,16.4,28.53,297.0,Synthetic Customer - Katsina,5760.0,2026-02-26T13:42:29.956114+00:00
77ced5f3-ec62-4f22-bee0-dbdd6753efe3,SYN-WB-822EC29B09,PHC Terminal,"Uyo, Nigeria","Uyo, Nigeria",PHC Terminal → UYO,400.0,synthetic,8.0,480.0,5,0,0,0,bitumen_80_100,25000.0,tanker,40000.0,0.625,10.5,31.0,20.5,29.07,166.0,Synthetic Customer - Uyo,480.0,2026-07-06T13:52:29.956114+00:00
35a3b437-6afd-4187-958e-6dac70b6beb3,SYN-WB-339FF31997,Sapele Terminal,"Damaturu, Nigeria","Damaturu, Nigeria",Sapele Terminal → DAMATURU,6000.0,synthetic,120.0,7200.0,8,5,1,1,polymer_modified_bitumen,33000.0,tanker,33000.0,1.0,13.0,40.06,27.06,25.56,280.0,Synthetic Customer - Damaturu,7200.0,2026-02-26T08:54:29.956114+00:00
bb4d28aa-7272-4660-8b70-889c3db00e2e,SYN-WB-CF8FA6E14F,Kano Terminal,"Port Harcourt, Nigeria","Port Harcourt, Nigeria",Kano Terminal → PHC,4800.0,synthetic,96.0,5760.0,5,4,0,0,bitumen_40_50,20000.0,tanker,20000.0,1.0,11.0,27.4,16.4,28.9,447.0,Synthetic Customer - Port Harcourt,5760.0,2026-05-19T05:40:29.956114+00:00
029d07e6-82c9-4421-85d6-04b09712e239,SYN-WB-34E6B34AB1,Gwagwalada Terminal,"Ondo, Nigeria","Ondo, Nigeria",Gwagwalada Terminal → ONDO,2400.0,synthetic,48.0,2880.0,3,6,1,0,aviation_turbine_kerosene,20000.0,tanker,30000.0,0.6667,13.5,29.9,16.4,33.17,356.0,Synthetic Customer - Ondo,2880.0,2025-12-30T03:07:29.956114+00:00
9bd92a51-993a-494a-bd48-4ed07d35fa7f,SYN-WB-A7BE812792,Sapele Terminal,"Osogbo, Nigeria","Osogbo, Nigeria",Sapele Terminal → OSOGBO,1200.0,synthetic,24.0,1440.0,9,4,0,1,household_kerosene,25000.0,tanker,33000.0,0.7576,10.5,31.0,20.5,28.48,421.0,Synthetic Customer - Osogbo,1440.0,2025-08-23T09:52:29.956114+00:00
07989a03-31f4-4384-bf06-554ef72de69a,SYN-WB-5E125990D5,Sapele Terminal,"Talata Mafara, Nigeria","Talata Mafara, Nigeria",Sapele Terminal → TALATA MAFARA,6000.0,synthetic,120.0,7200.0,3,5,1,0,compressed_natural_gas,20000.0,tanker,20000.0,1.0,11.5,27.9,16.4,35.45,106.0,Synthetic Customer - Talata Mafara,7200.0,2025-11-20T03:50:29.956114+00:00
433016ee-3a90-4962-ab6b-511f3975ac85,SYN-WB-B3B91C31C4,PHC Terminal,"Kaduna, Nigeria","Kaduna, Nigeria",PHC Terminal → KADUNA,2400.0,synthetic,48.0,2880.0,14,2,0,0,gear_oil,20000.0,tanker,20000.0,1.0,11.5,27.9,16.4,37.04,495.0,Synthetic Customer - Kaduna,2880.0,2026-06-26T14:44:29.956114+00:00
b6d1f0af-a77b-4fc1-a3dd-d54fb25b0ff0,SYN-WB-B24A9DBC87,PHC Terminal,"Uyo, Nigeria","Uyo, Nigeria",PHC Terminal → UYO,400.0,synthetic,8.0,480.0,5,0,0,0,grease,25000.0,tanker,40000.0,0.625,11.0,31.5,20.5,26.25,382.0,Synthetic Customer - Uyo,480.0,2025-11-10T13:29:29.956114+00:00
26167c50-93e1-4305-89b2-9edd5742fbda,SYN-WB-DE42BDD121,Gwagwalada Terminal,"Jalingo, Nigeria","Jalingo, Nigeria",Gwagwalada Terminal → JALINGO,2400.0,synthetic,48.0,2880.0,13,2,0,0,crumb_rubber_modified_bitumen,25000.0,tanker,40000.0,0.625,13.5,34.0,20.5,26.23,335.0,Synthetic Customer - Jalingo,2880.0,2025-12-05T13:20:29.956114+00:00
0dc66e09-236e-4cf7-944a-4a38c6f41915,SYN-WB-F036281F0A,Sapele Terminal,"Jigawa, Nigeria","Jigawa, Nigeria",Sapele Terminal → JIGAWA,4800.0,synthetic,96.0,5760.0,7,1,0,1,compressed_natural_gas,25000.0,tanker,40000.0,0.625,10.5,31.0,20.5,37.97,235.0,Synthetic Customer - Jigawa,5760.0,2025-12-20T07:18:29.956114+00:00
7fcee733-5425-4d82-81a0-50963666d8c3,SYN-WB-186AD04ACC,PHC Terminal,"Jos, Nigeria","Jos, Nigeria",PHC Terminal → JOS,3600.0,synthetic,72.0,4320.0,8,3,0,1,base_oil,20000.0,tanker,20000.0,1.0,11.5,27.9,16.4,29.65,309.0,Synthetic Customer - Jos,4320.0,2025-10-12T08:27:29.956114+00:00
032ef4fc-513c-475c-ab04-7b6b4444d85d,SYN-WB-78EAFAF2A2,PHC Terminal,"Kwara, Nigeria","Kwara, Nigeria",PHC Terminal → KWARA,2400.0,synthetic,48.0,2880.0,11,0,0,0,aviation_turbine_kerosene,33000.0,tanker,40000.0,0.825,11.5,38.56,27.06,31.6,258.0,Synthetic Customer - Kwara,2880.0,2026-04-01T11:58:29.956114+00:00
375794bd-f098-426f-9f0c-952b416afad7,SYN-WB-1EEB83EE1F,Gwagwalada Terminal,"Yola, Nigeria","Yola, Nigeria",Gwagwalada Terminal → YOLA,2400.0,synthetic,48.0,2880.0,11,5,1,0,anionic_bitumen_emulsion,20000.0,tanker,20000.0,1.0,13.0,29.4,16.4,26.32,495.0,Synthetic Customer - Yola,2880.0,2026-06-08T11:44:29.956114+00:00
10927839-0b8d-4531-a737-c055100c803b,SYN-WB-AD90B0DE3F,Gwagwalada Terminal,"Minna, Nigeria","Minna, Nigeria",Gwagwalada Terminal → MINNA,300.0,synthetic,6.0,360.0,3,3,0,0,paraffin_wax,20000.0,tanker,40000.0,0.5,10.5,26.9,16.4,35.56,443.0,Synthetic Customer - Minna,360.0,2026-04-23T09:31:29.956114+00:00
ed64e173-d3f6-4d06-a60b-174daf878dd1,SYN-WB-714B880A82,Gwagwalada Terminal,"Katsina, Nigeria","Katsina, Nigeria",Gwagwalada Terminal → KATSINA,2400.0,synthetic,48.0,2880.0,3,5,1,0,gear_oil,30000.0,tanker,30000.0,1.0,12.5,37.1,24.6,28.15,236.0,Synthetic Customer - Katsina,2880.0,2026-08-10T03:03:29.956114+00:00
3f49eba6-cc5b-44c7-8ad4-2c3af23513a5,SYN-WB-73E261B467,Kano Terminal,"Dutse, Nigeria","Dutse, Nigeria",Kano Terminal → DUTSE,200.0,synthetic,4.0,240.0,5,6,1,0,bitumen_60_70,25000.0,tanker,25000.0,1.0,13.5,34.0,20.5,36.83,284.0,Synthetic Customer - Dutse,240.0,2025-09-07T09:29:29.956114+00:00
0ae716f6-c5d0-4856-9c51-7f59ba1ec9f4,SYN-WB-7402130B11,Kano Terminal,"Sokoto, Nigeria","Sokoto, Nigeria",Kano Terminal → SOKOTO,2400.0,synthetic,48.0,2880.0,13,2,0,0,marine_gas_oil,25000.0,tanker,25000.0,1.0,12.5,33.0,20.5,37.97,482.0,Synthetic Customer - Sokoto,2880.0,2026-04-24T13:36:29.956114+00:00
7cb0ac25-009f-48e7-a5f3-c920aee7e74f,SYN-WB-E1EDA1367E,Kano Terminal,"Lagos, Nigeria","Lagos, Nigeria",Kano Terminal → LAGOS,3600.0,synthetic,72.0,4320.0,14,2,0,0,paraffin_wax,20000.0,tanker,20000.0,1.0,13.5,29.9,16.4,25.7,365.0,Synthetic Customer - Lagos,4320.0,2026-05-09T14:22:29.956114+00:00
d3dc2268-005b-48b8-b632-ed682ada8f59,SYN-WB-B342360A55,Sapele Terminal,"Jebba, Nigeria","Jebba, Nigeria",Sapele Terminal → JEBBA,2400.0,synthetic,48.0,2880.0,6,4,0,0,transmission_fluid,40000.0,tanker,40000.0,1.0,13.0,45.8,32.8,33.43,403.0,Synthetic Customer - Jebba,2880.0,2026-02-08T06:58:29.956114+00:00
d67c2c6b-eae0-45d0-8e4b-9ce4765c7ac5,SYN-WB-81E56E0414,Sapele Terminal,"Epe, Nigeria","Epe, Nigeria",Sapele Terminal → EPE,1200.0,synthetic,24.0,1440.0,10,0,0,0,grease,20000.0,tanker,20000.0,1.0,13.0,29.4,16.4,34.09,292.0,Synthetic Customer - Epe,1440.0,2026-04-21T10:07:29.956114+00:00
def52fc4-1f11-495d-a28c-db650d5da9e1,SYN-WB-A7A9D6C6AD,Gwagwalada Terminal,"Ado-Ekiti, Nigeria","Ado-Ekiti, Nigeria",Gwagwalada Terminal → ADO-EKITI,1200.0,synthetic,24.0,1440.0,9,6,1,1,automotive_gas_oil,20000.0,tanker,20000.0,1.0,13.5,29.9,16.4,36.08,183.0,Synthetic Customer - Ado-Ekiti,1440.0,2025-09-22T09:24:29.956114+00:00
03362425-9923-4f1c-a75b-a64359d7261f,SYN-WB-50343BA02F,Sapele Terminal,"Dutse, Nigeria","Dutse, Nigeria",Sapele Terminal → DUTSE,4800.0,synthetic,96.0,5760.0,0,3,0,0,household_kerosene,25000.0,tanker,25000.0,1.0,13.5,34.0,20.5,25.01,441.0,Synthetic Customer - Dutse,5760.0,2026-07-06T00:55:29.956114+00:00
582c6712-861a-4c1b-a58a-4b75c75b82ae,SYN-WB-7F59D8684F,Sapele Terminal,FUTUA,FUTUA,Sapele Terminal → FUTUA,4800.0,synthetic,96.0,5760.0,2,5,1,0,crumb_rubber_modified_bitumen,25000.0,tanker,25000.0,1.0,12.0,32.5,20.5,32.28,222.0,Synthetic Customer - Futua,5760.0,2026-08-19T02:56:29.956114+00:00
2e2ba904-2e3f-434e-8e6d-46608a8d2a84,SYN-WB-48BC53C822,Sapele Terminal,"Abia, Nigeria","Abia, Nigeria",Sapele Terminal → ABIA,250.0,synthetic,5.0,300.0,5,4,0,0,bitumen_60_70,25000.0,tanker,25000.0,1.0,11.5,32.0,20.5,27.92,101.0,Synthetic Customer - Abia,300.0,2026-02-27T10:35:29.956114+00:00
26858fb1-fc4b-4397-9485-ef92c1227896,SYN-WB-B25A0F39B6,PHC Terminal,"Osogbo, Nigeria","Osogbo, Nigeria",PHC Terminal → OSOGBO,1200.0,synthetic,24.0,1440.0,11,6,1,0,bitumen_80_100,35000.0,tanker,35000.0,1.0,11.0,39.7,28.7,34.23,489.0,Synthetic Customer - Osogbo,1440.0,2026-01-12T11:46:29.956114+00:00
41db57d3-326b-4a18-a1b7-6dac4dbc345b,SYN-WB-3DED8132B1,Gwagwalada Terminal,"Biu, Nigeria","Biu, Nigeria",Gwagwalada Terminal → BIU,2400.0,synthetic,48.0,2880.0,6,5,1,0,hydraulic_oil,20000.0,tanker,25000.0,0.8,12.0,28.4,16.4,33.75,230.0,Synthetic Customer - Biu,2880.0,2026-02-09T06:02:29.956114+00:00
c98c6199-c7df-437f-82ee-31dec53c02f3,SYN-WB-1241FCC60A,Gwagwalada Terminal,"Jalingo, Nigeria","Jalingo, Nigeria",Gwagwalada Terminal → JALINGO,2400.0,synthetic,48.0,2880.0,8,6,1,1,cutback_bitumen,30000.0,tanker,35000.0,0.8571,12.5,37.1,24.6,33.32,263.0,Synthetic Customer - Jalingo,2880.0,2026-06-23T08:40:29.956114+00:00
318d979f-6454-4519-b764-2a7adc26c488,SYN-WB-0BB8FDCC60,Gwagwalada Terminal,"Mowe, Nigeria","Mowe, Nigeria",Gwagwalada Terminal → MOWE,2400.0,synthetic,48.0,2880.0,12,4,0,0,hydraulic_oil,25000.0,tanker,25000.0,1.0,10.5,31.0,20.5,30.12,185.0,Synthetic Customer - Mowe,2880.0,2025-12-21T12:39:29.956114+00:00
2a6ac0f0-653f-4bad-bd1a-2fd3226ca7fe,SYN-WB-39498190EA,Sapele Terminal,"Mokwa, Nigeria","Mokwa, Nigeria",Sapele Terminal → MOKWA,2400.0,synthetic,48.0,2880.0,9,1,0,1,base_oil,25000.0,tanker,40000.0,0.625,11.0,31.5,20.5,32.72,200.0,Synthetic Customer - Mokwa,2880.0,2026-01-08T09:48:29.956114+00:00
de630fae-0c68-487a-945e-ee3b425444a9,SYN-WB-3C2B69C226,PHC Terminal,"Zamfara, Nigeria","Zamfara, Nigeria",PHC Terminal → ZAMFARA,4800.0,synthetic,96.0,5760.0,6,6,1,0,polymer_modified_bitumen,20000.0,tanker,40000.0,0.5,13.5,29.9,16.4,31.33,251.0,Synthetic Customer - Zamfara,5760.0,2026-03-05T06:04:29.956114+00:00
df990beb-eaa8-4779-8e29-475ad788a2d7,SYN-WB-AA88962538,Kano Terminal,"Katsina, Nigeria","Katsina, Nigeria",Kano Terminal → KATSINA,1200.0,synthetic,24.0,1440.0,11,3,0,0,dual_purpose_kerosene,35000.0,tanker,35000.0,1.0,11.5,40.2,28.7,36.59,496.0,Synthetic Customer - Katsina,1440.0,2025-12-26T11:01:29.956114+00:00
767bb3f9-fb74-48b5-8585-7aefb1705b25,SYN-WB-561F61441E,PHC Terminal,"Talata Mafara, Nigeria","Talata Mafara, Nigeria",PHC Terminal → TALATA MAFARA,6000.0,synthetic,120.0,7200.0,8,4,0,1,polymer_modified_bitumen,35000.0,tanker,35000.0,1.0,12.0,40.7,28.7,34.82,379.0,Synthetic Customer - Talata Mafara,7200.0,2026-01-28T08:02:29.956114+00:00
121264ae-75b4-424a-8d88-8d3d76dcbb82,SYN-WB-E2D1B62320,Kano Terminal,"Nasarawa, Nigeria","Nasarawa, Nigeria",Kano Terminal → NASARAWA,1200.0,synthetic,24.0,1440.0,7,5,1,1,household_kerosene,35000.0,tanker,35000.0,1.0,13.5,42.2,28.7,29.59,298.0,Synthetic Customer - Nasarawa,1440.0,2026-05-17T07:45:29.956114+00:00
bbbb7aa8-4815-4dab-809d-d56d1582c093,SYN-WB-10BB2C223F,PHC Terminal,"Dutse, Nigeria","Dutse, Nigeria",PHC Terminal → DUTSE,4800.0,synthetic,96.0,5760.0,12,0,0,0,dual_purpose_kerosene,40000.0,tanker,40000.0,1.0,12.5,45.3,32.8,33.04,354.0,Synthetic Customer - Dutse,5760.0,2026-08-14T12:18:29.956114+00:00
3540b72b-077d-468d-9c30-41d94dfc6713,SYN-WB-ACBC5C778A,Gwagwalada Terminal,"Ogun, Nigeria","Ogun, Nigeria",Gwagwalada Terminal → OGUN,2400.0,synthetic,48.0,2880.0,7,4,0,1,transmission_fluid,20000.0,tanker,20000.0,1.0,13.5,29.9,16.4,36.25,488.0,Synthetic Customer - Ogun,2880.0,2026-03-01T07:04:29.956114+00:00
9acca788-807e-4314-ab71-53718bd1eb96,SYN-WB-C0C232FC97,Gwagwalada Terminal,"Port Harcourt, Nigeria","Port Harcourt, Nigeria",Gwagwalada Terminal → PHC,3600.0,synthetic,72.0,4320.0,9,4,0,1,hydraulic_oil,30000.0,tanker,30000.0,1.0,10.5,35.1,24.6,37.51,240.0,Synthetic Customer - Port Harcourt,4320.0,2025-09-15T09:55:29.956114+00:00
07678551-ddf1-45f1-964f-3d9b83539dbf,SYN-WB-002A7734FD,Sapele Terminal,"Kaduna, Nigeria","Kaduna, Nigeria",Sapele Terminal → KADUNA,2400.0,synthetic,48.0,2880.0,7,2,0,1,liquefied_petroleum_gas,30000.0,tanker,40000.0,0.75,13.5,38.1,24.6,28.74,124.0,Synthetic Customer - Kaduna,2880.0,2026-02-20T07:13:29.956114+00:00
2e863d8f-c963-4672-b348-13059f3dd791,SYN-WB-9AF43E6423,PHC Terminal,"Mokwa, Nigeria","Mokwa, Nigeria",PHC Terminal → MOKWA,4800.0,synthetic,96.0,5760.0,8,6,1,1,gear_oil,40000.0,tanker,40000.0,1.0,13.0,45.8,32.8,29.25,396.0,Synthetic Customer - Mokwa,5760.0,2026-05-14T08:20:29.956114+00:00
f3645843-15d4-479e-b215-99857293655d,SYN-WB-C5C8E92551,PHC Terminal,"Kano, Nigeria","Kano, Nigeria",PHC Terminal → KANO,3600.0,synthetic,72.0,4320.0,6,1,0,0,low_pour_fuel_oil,33000.0,tanker,40000.0,0.825,11.5,38.56,27.06,28.98,494.0,Synthetic Customer - Kano,4320.0,2026-03-13T06:32:29.956114+00:00
e4c53d92-ddd7-46d7-84e5-ce274e9cc60d,SYN-WB-8E2B161E75,Gwagwalada Terminal,"Aba, Nigeria","Aba, Nigeria",Gwagwalada Terminal → ABA,3600.0,synthetic,72.0,4320.0,5,5,1,0,paraffin_wax,25000.0,tanker,25000.0,1.0,13.5,34.0,20.5,26.59,493.0,Synthetic Customer - Aba,4320.0,2025-09-16T05:37:29.956114+00:00
e95ed653-62fd-4734-b0b7-8e2e3aeb0262,SYN-WB-7095FA55E8,Sapele Terminal,"Enugu, Nigeria","Enugu, Nigeria",Sapele Terminal → ENUGU,1200.0,synthetic,24.0,1440.0,12,2,0,0,base_oil,20000.0,tanker,33000.0,0.6061,11.5,27.9,16.4,35.45,313.0,Synthetic Customer - Enugu,1440.0,2026-01-29T12:45:29.956114+00:00
65efac4b-ea5e-4faf-bbcd-c700185a11a9,SYN-WB-1782C4A061,Gwagwalada Terminal,"Birnin Kebbi, Nigeria","Birnin Kebbi, Nigeria",Gwagwalada Terminal → BIRNIN KEBBI,2400.0,synthetic,48.0,2880.0,4,5,1,0,bitumen_80_100,35000.0,tanker,35000.0,1.0,11.5,40.2,28.7,34.71,319.0,Synthetic Customer - Birnin Kebbi,2880.0,2026-01-26T04:42:29.956114+00:00
f3fd219a-188d-43bc-b93d-9064ad90f3ad,SYN-WB-383D9C76E1,Sapele Terminal,"Mubi, Nigeria","Mubi, Nigeria",Sapele Terminal → MUBI,6000.0,synthetic,120.0,7200.0,7,1,0,1,cutback_bitumen,30000.0,tanker,40000.0,0.75,13.5,38.1,24.6,28.64,192.0,Synthetic Customer - Mubi,7200.0,2025-11-23T07:51:29.956114+00:00
1f4fb836-50eb-4463-8078-4f23118917e0,SYN-WB-A214B0C525,Sapele Terminal,"Kontagora, Nigeria","Kontagora, Nigeria",Sapele Terminal → KONTAGORA,4800.0,synthetic,96.0,5760.0,1,2,0,0,natural_gas,20000.0,tanker,20000.0,1.0,10.5,26.9,16.4,37.78,199.0,Synthetic Customer - Kontagora,5760.0,2025-10-26T01:39:29.956114+00:00
18f8fad9-adc6-4594-a95e-6cb7f3be9bdc,SYN-WB-9B2F7BD2DC,Sapele Terminal,OBURARA,OBURARA,Sapele Terminal → OBURARA,2400.0,synthetic,48.0,2880.0,12,2,0,0,liquefied_natural_gas,20000.0,tanker,25000.0,0.8,11.0,27.4,16.4,29.38,151.0,Synthetic Customer - Oburara,2880.0,2026-01-30T12:24:29.956114+00:00
ef0bf4ab-cdc1-464c-8272-7d91b6c06f5d,SYN-WB-B3807C75EC,PHC Terminal,"Sokoto, Nigeria","Sokoto, Nigeria",PHC Terminal → SOKOTO,6000.0,synthetic,120.0,7200.0,12,4,0,0,gear_oil,20000.0,tanker,20000.0,1.0,11.0,27.4,16.4,26.98,103.0,Synthetic Customer - Sokoto,7200.0,2026-04-08T12:46:29.956114+00:00
aeefd4ed-5452-42bd-97a3-c54130042562,SYN-WB-DA6896E78D,Sapele Terminal,"Mokwa, Nigeria","Mokwa, Nigeria",Sapele Terminal → MOKWA,2400.0,synthetic,48.0,2880.0,9,0,0,1,paraffin_wax,25000.0,tanker,25000.0,1.0,11.0,31.5,20.5,36.43,362.0,Synthetic Customer - Mokwa,2880.0,2026-03-11T09:41:29.956114+00:00
db043617-1d4c-41fa-bd35-bb0422c3f3b2,SYN-WB-CCB6512FCC,Kano Terminal,"Sapele, Nigeria","Sapele, Nigeria",Kano Terminal → SAPELE,3600.0,synthetic,72.0,4320.0,6,2,0,0,bitumen_60_70,20000.0,tanker,20000.0,1.0,11.0,27.4,16.4,27.94,241.0,Synthetic Customer - Sapele,4320.0,2026-03-21T06:59:29.956114+00:00
6e6ee4ad-fda5-40f6-9127-6d3e40e11d1b,SYN-WB-AA7BFDC522,Sapele Terminal,"Jos, Nigeria","Jos, Nigeria",Sapele Terminal → JOS,3600.0,synthetic,72.0,4320.0,6,2,0,0,heavy_fuel_oil,35000.0,tanker,40000.0,0.875,13.5,42.2,28.7,29.37,357.0,Synthetic Customer - Jos,4320.0,2025-08-30T06:35:29.956114+00:00
acc85cca-70a0-406f-8920-e7a133f90aa7,SYN-WB-57018725BE,PHC Terminal,"Ogun, Nigeria","Ogun, Nigeria",PHC Terminal → OGUN,1200.0,synthetic,24.0,1440.0,11,6,1,0,marine_gas_oil,25000.0,tanker,25000.0,1.0,13.0,33.5,20.5,28.87,110.0,Synthetic Customer - Ogun,1440.0,2026-06-29T11:48:29.956114+00:00
4a3c40fe-df85-45f0-8db7-93c1e0871614,SYN-WB-F33AB75FA5,Gwagwalada Terminal,"Osogbo, Nigeria","Osogbo, Nigeria",Gwagwalada Terminal → OSOGBO,3600.0,synthetic,72.0,4320.0,2,5,1,0,solvent,25000.0,tanker,25000.0,1.0,12.5,33.0,20.5,26.9,464.0,Synthetic Customer - Osogbo,4320.0,2026-04-21T02:02:29.956114+00:00
6f9a7452-175f-46dd-81fb-3fd407d03c73,SYN-WB-65E0073E2D,Kano Terminal,"Biu, Nigeria","Biu, Nigeria",Kano Terminal → BIU,1200.0,synthetic,24.0,1440.0,12,5,1,0,household_kerosene,30000.0,tanker,35000.0,0.8571,12.0,36.6,24.6,28.0,469.0,Synthetic Customer - Biu,1440.0,2026-03-22T12:15:29.956114+00:00
d44ce85b-6ede-443a-8fb3-65338831b4a0,SYN-WB-16EDA61B51,Gwagwalada Terminal,"Umuahia, Nigeria","Umuahia, Nigeria",Gwagwalada Terminal → UMUAHIA,2400.0,synthetic,48.0,2880.0,7,0,0,1,grease,25000.0,tanker,25000.0,1.0,12.5,33.0,20.5,29.16,441.0,Synthetic Customer - Umuahia,2880.0,2026-02-25T07:58:29.956114+00:00
9ef0a64a-989a-4861-864c-065f912704de,SYN-WB-63F3F2D4E7,Gwagwalada Terminal,"Jalingo, Nigeria","Jalingo, Nigeria",Gwagwalada Terminal → JALINGO,2400.0,synthetic,48.0,2880.0,7,5,1,1,crumb_rubber_modified_bitumen,40000.0,tanker,40000.0,1.0,12.0,44.8,32.8,28.67,483.0,Synthetic Customer - Jalingo,2880.0,2026-08-17T07:50:29.956114+00:00
899e3d36-9d71-400e-be4a-4b17bf419fd1,SYN-WB-945E14C692,Kano Terminal,"Dutse, Nigeria","Dutse, Nigeria",Kano Terminal → DUTSE,200.0,synthetic,4.0,240.0,8,6,1,1,hydraulic_oil,20000.0,tanker,20000.0,1.0,12.0,28.4,16.4,26.58,365.0,Synthetic Customer - Dutse,240.0,2025-08-17T12:05:29.956114+00:00
ee630f00-c93a-41ba-9b90-e60a5e890132,SYN-WB-E6A456D754,Gwagwalada Terminal,"Birnin Kebbi, Nigeria","Birnin Kebbi, Nigeria",Gwagwalada Terminal → BIRNIN KEBBI,2400.0,synthetic,48.0,2880.0,12,1,0,0,transmission_fluid,20000.0,tanker,25000.0,0.8,11.0,27.4,16.4,29.21,339.0,Synthetic Customer - Birnin Kebbi,2880.0,2026-04-23T12:37:29.956114+00:00
64ccb3fc-77cc-4c22-869d-f4341651e382,SYN-WB-26FFBF2B93,PHC Terminal,"Sapele, Nigeria","Sapele, Nigeria",PHC Terminal → SAPELE,300.0,synthetic,6.0,360.0,6,3,0,0,bitumen_40_50,40000.0,tanker,40000.0,1.0,13.0,45.8,32.8,31.03,272.0,Synthetic Customer - Sapele,360.0,2026-07-02T12:02:29.956114+00:00
0f223577-7aaa-4731-8970-65922efc8bd9,SYN-WB-E49F4CED28,PHC Terminal,"Gombe, Nigeria","Gombe, Nigeria",PHC Terminal → GOMBE,3600.0,synthetic,72.0,4320.0,4,1,0,0,hydraulic_oil,33000.0,tanker,35000.0,0.9429,11.0,38.06,27.06,31.21,500.0,Synthetic Customer - Gombe,4320.0,2025-10-24T04:49:29.956114+00:00
8551e8a0-e7f5-4b75-8a11-5a482a8eca04,SYN-WB-BBA850CB62,Sapele Terminal,"Mubi, Nigeria","Mubi, Nigeria",Sapele Terminal → MUBI,6000.0,synthetic,120.0,7200.0,4,4,0,0,polymer_modified_bitumen,20000.0,tanker,25000.0,0.8,10.5,26.9,16.4,29.22,461.0,Synthetic Customer - Mubi,7200.0,2026-07-15T04:16:29.956114+00:00
93c39dd1-8d3f-4a02-af10-3388b60f0164,SYN-WB-0C042A6604,Sapele Terminal,"Jebba, Nigeria","Jebba, Nigeria",Sapele Terminal → JEBBA,2400.0,synthetic,48.0,2880.0,13,0,0,0,low_pour_fuel_oil,25000.0,tanker,25000.0,1.0,11.5,32.0,20.5,33.47,229.0,Synthetic Customer - Jebba,2880.0,2026-08-05T13:10:29.956114+00:00
ddc290ad-e0e2-4c58-93e8-289e4132ccd4,SYN-WB-7D014FC3AE,PHC Terminal,"Zamfara, Nigeria","Zamfara, Nigeria",PHC Terminal → ZAMFARA,4800.0,synthetic,96.0,5760.0,11,6,1,0,polymer_modified_bitumen,20000.0,tanker,40000.0,0.5,11.0,27.4,16.4,30.9,476.0,Synthetic Customer - Zamfara,5760.0,2025-12-11T11:43:29.956114+00:00
8f54db8a-1c4d-4972-95e8-c0db3a0acbab,SYN-WB-3D7F20FDBE,PHC Terminal,"Kaiama, Nigeria","Kaiama, Nigeria",PHC Terminal → KAIAMA,2700.0,synthetic,54.0,3240.0,10,1,0,0,automotive_gas_oil,20000.0,tanker,40000.0,0.5,12.5,28.9,16.4,34.32,223.0,Synthetic Customer - Kaiama,3240.0,2026-04-23T16:23:29.956114+00:00
41b71808-99b5-42d2-83da-13f7791e74b6,SYN-WB-26DD28D053,PHC Terminal,"Benue, Nigeria","Benue, Nigeria",PHC Terminal → BENUE,1200.0,synthetic,24.0,1440.0,4,5,1,0,grease,25000.0,tanker,25000.0,1.0,13.0,33.5,20.5,25.39,180.0,Synthetic Customer - Benue,1440.0,2026-05-10T04:25:29.956114+00:00
1503fee6-ec5b-40c4-851a-7768fadf0250,SYN-WB-2971B9BFA1,PHC Terminal,"Kaduna, Nigeria","Kaduna, Nigeria",PHC Terminal → KADUNA,2400.0,synthetic,48.0,2880.0,12,2,0,0,gear_oil,35000.0,tanker,40000.0,0.875,11.5,40.2,28.7,37.56,187.0,Synthetic Customer - Kaduna,2880.0,2026-03-13T12:31:29.956114+00:00
09942541-ad4e-4f12-a1d7-3e07322d86c4,SYN-WB-54D7E6D17D,Gwagwalada Terminal,"Birnin Kebbi, Nigeria","Birnin Kebbi, Nigeria",Gwagwalada Terminal → BIRNIN KEBBI,2400.0,synthetic,48.0,2880.0,9,6,1,1,heavy_fuel_oil,20000.0,tanker,20000.0,1.0,11.0,27.4,16.4,28.21,110.0,Synthetic Customer - Birnin Kebbi,2880.0,2026-07-14T09:20:29.956114+00:00
fb45dc4a-76be-4951-9bb7-5216df04e87e,SYN-WB-E4D07C3A50,Gwagwalada Terminal,"Zamfara, Nigeria","Zamfara, Nigeria",Gwagwalada Terminal → ZAMFARA,1200.0,synthetic,24.0,1440.0,10,5,1,0,grease,35000.0,tanker,35000.0,1.0,12.5,41.2,28.7,36.56,305.0,Synthetic Customer - Zamfara,1440.0,2025-11-02T10:28:29.956114+00:00
d32c929a-d49b-45c9-a94e-f28d505bb993,SYN-WB-F678FE4AD8,Sapele Terminal,"Jebba, Nigeria","Jebba, Nigeria",Sapele Terminal → JEBBA,2400.0,synthetic,48.0,2880.0,2,6,1,0,bitumen_60_70,20000.0,tanker,20000.0,1.0,12.0,28.4,16.4,37.57,477.0,Synthetic Customer - Jebba,2880.0,2026-06-02T02:48:29.956114+00:00
811bf8f9-8cd7-45f5-b4cf-b3fc390ee5b0,SYN-WB-1156E3019D,Sapele Terminal,"Katsina, Nigeria","Katsina, Nigeria",Sapele Terminal → KATSINA,4800.0,synthetic,96.0,5760.0,2,1,0,0,low_pour_fuel_oil,20000.0,tanker,40000.0,0.5,12.0,28.4,16.4,30.27,202.0,Synthetic Customer - Katsina,5760.0,2025-11-08T02:54:29.956114+00:00
3d002572-1d54-4732-95d3-662da2ba78b2,SYN-WB-E8DCFE50BD,Gwagwalada Terminal,"Okene, Nigeria","Okene, Nigeria",Gwagwalada Terminal → OKENE,300.0,synthetic,6.0,360.0,13,4,0,0,hydraulic_oil,30000.0,tanker,40000.0,0.75,11.5,36.1,24.6,35.85,410.0,Synthetic Customer - Okene,360.0,2025-09-19T19:53:29.956114+00:00
53af78f9-a990-4a3f-af42-611d750f037d,SYN-WB-A29FE71929,Sapele Terminal,"Ebonyi, Nigeria","Ebonyi, Nigeria",Sapele Terminal → EBONYI,1200.0,synthetic,24.0,1440.0,8,5,1,1,dual_purpose_kerosene,25000.0,tanker,25000.0,1.0,13.0,33.5,20.5,27.94,308.0,Synthetic Customer - Ebonyi,1440.0,2026-01-11T08:49:29.956114+00:00
4f6cb313-e9e9-4d72-9ce9-20b7e1dc2702,SYN-WB-4D96889D56,Gwagwalada Terminal,"Mubi, Nigeria","Mubi, Nigeria",Gwagwalada Terminal → MUBI,3600.0,synthetic,72.0,4320.0,1,3,0,0,marine_gas_oil,25000.0,tanker,35000.0,0.7143,12.5,33.0,20.5,30.54,319.0,Synthetic Customer - Mubi,4320.0,2025-08-31T01:29:29.956114+00:00
e1c4903d-dca0-454e-a9b0-ad2d777898c9,SYN-WB-5AF62C4C41,PHC Terminal,"Yola, Nigeria","Yola, Nigeria",PHC Terminal → YOLA,3600.0,synthetic,72.0,4320.0,2,2,0,0,household_kerosene,20000.0,tanker,20000.0,1.0,12.0,28.4,16.4,28.07,430.0,Synthetic Customer - Yola,4320.0,2026-08-01T02:17:29.956114+00:00
8413d21a-2866-4b85-8d3a-a139fdecdccc,SYN-WB-1A01D1EBC5,PHC Terminal,"Bida, Nigeria","Bida, Nigeria",PHC Terminal → BIDA,4800.0,synthetic,96.0,5760.0,0,6,1,0,transmission_fluid,20000.0,tanker,20000.0,1.0,13.5,29.9,16.4,33.62,428.0,Synthetic Customer - Bida,5760.0,2026-02-19T00:58:29.956114+00:00
1ec26ea3-a918-4e46-a313-b1ded3d7074b,SYN-WB-912D426B3B,Gwagwalada Terminal,"Jigawa, Nigeria","Jigawa, Nigeria",Gwagwalada Terminal → JIGAWA,1200.0,synthetic,24.0,1440.0,2,2,0,0,aviation_turbine_kerosene,30000.0,tanker,40000.0,0.75,11.0,35.6,24.6,35.8,147.0,Synthetic Customer - Jigawa,1440.0,2026-03-12T02:48:29.956114+00:00
4ba4bb2c-5a52-4e76-a39e-920a670f81c3,SYN-WB-2D38353564,Sapele Terminal,RIVER,RIVER,Sapele Terminal → RIVER,300.0,synthetic,6.0,360.0,7,0,0,1,paraffin_wax,33000.0,tanker,40000.0,0.825,11.0,38.06,27.06,31.63,479.0,Synthetic Customer - Rivers,360.0,2026-05-18T13:53:29.956114+00:00
0cf27ba1-e9bc-47d6-8e2f-944e043114f0,SYN-WB-D87D0AF322,PHC Terminal,"Mubi, Nigeria","Mubi, Nigeria",PHC Terminal → MUBI,4800.0,synthetic,96.0,5760.0,4,0,0,0,household_kerosene,20000.0,tanker,20000.0,1.0,12.0,28.4,16.4,36.39,173.0,Synthetic Customer - Mubi,5760.0,2025-12-19T04:31:29.956114+00:00
eeff51a7-fbec-4ca9-87cc-faa70d065f47,SYN-WB-D239675A3B,PHC Terminal,"Maiduguri, Nigeria","Maiduguri, Nigeria",PHC Terminal → MAIDUGURI,6000.0,synthetic,120.0,7200.0,7,6,1,1,liquefied_natural_gas,35000.0,tanker,40000.0,0.875,11.0,39.7,28.7,37.44,492.0,Synthetic Customer - Maiduguri,7200.0,2026-04-17T07:46:29.956114+00:00
ff26c79d-09b7-417f-94b9-4bb441b0f7f5,SYN-WB-297480D229,Kano Terminal,"Jos, Nigeria","Jos, Nigeria",Kano Terminal → JOS,1200.0,synthetic,24.0,1440.0,0,2,0,0,bitumen_60_70,20000.0,tanker,20000.0,1.0,12.5,28.9,16.4,36.0,286.0,Synthetic Customer - Jos,1440.0,2026-01-29T00:17:29.956114+00:00
e2e325dc-75be-4d8c-ade7-657469956d52,SYN-WB-E9D7C70FB0,Sapele Terminal,"Mayo-Belwa, Nigeria","Mayo-Belwa, Nigeria",Sapele Terminal → MAYO BELWA,3600.0,synthetic,72.0,4320.0,7,0,0,1,household_kerosene,35000.0,tanker,40000.0,0.875,10.5,39.2,28.7,33.87,221.0,Synthetic Customer - Mayo-Belwa,4320.0,2025-11-27T07:49:29.956114+00:00
85883c1a-9cfc-482a-a101-7814353e0ff0,SYN-WB-3D2081FC52,PHC Terminal,"Kaiama, Nigeria","Kaiama, Nigeria",PHC Terminal → KAIAMA,2700.0,synthetic,54.0,3240.0,11,3,0,0,natural_gas,20000.0,tanker,40000.0,0.5,11.5,27.9,16.4,26.3,189.0,Synthetic Customer - Kaiama,3240.0,2025-12-27T17:10:29.956114+00:00
200c7a92-7034-4493-9b18-d6793af78662,SYN-WB-FCD8E3F5B7,Sapele Terminal,"Abia, Nigeria","Abia, Nigeria",Sapele Terminal → ABIA,250.0,synthetic,5.0,300.0,13,1,0,0,crumb_rubber_modified_bitumen,40000.0,tanker,40000.0,1.0,12.5,45.3,32.8,35.3,221.0,Synthetic Customer - Abia,300.0,2025-11-04T18:12:29.956114+00:00
e9f22350-a971-4ac7-94c9-f4d9283fc43f,SYN-WB-C80C5ABB74,Gwagwalada Terminal,"Taraba, Nigeria","Taraba, Nigeria",Gwagwalada Terminal → TARABA,1200.0,synthetic,24.0,1440.0,11,3,0,0,cutback_bitumen,25000.0,tanker,25000.0,1.0,11.0,31.5,20.5,28.69,208.0,Synthetic Customer - Taraba,1440.0,2025-08-22T11:46:29.956114+00:00
707dab70-37b1-48de-9868-ab34c8fcb107,SYN-WB-038B68BF18,PHC Terminal,"Nasarawa, Nigeria","Nasarawa, Nigeria",PHC Terminal → NASARAWA,1400.0,synthetic,28.0,1680.0,8,1,0,1,polymer_modified_bitumen,20000.0,tanker,20000.0,1.0,11.5,27.9,16.4,29.79,248.0,Synthetic Customer - Nasarawa,1680.0,2026-02-04T12:18:29.956114+00:00
89b90681-5c42-4ca8-89b8-92f29b1c1b24,SYN-WB-92DBF429B0,Gwagwalada Terminal,"Lagos, Nigeria","Lagos, Nigeria",Gwagwalada Terminal → LAGOS,3600.0,synthetic,72.0,4320.0,10,6,1,0,automotive_gas_oil,20000.0,tanker,20000.0,1.0,13.5,29.9,16.4,30.5,257.0,Synthetic Customer - Lagos,4320.0,2025-08-27T10:12:29.956114+00:00
a01cad44-69ba-4029-8063-7c5785fac775,SYN-WB-56C7EDE7B6,PHC Terminal,"Taraba, Nigeria","Taraba, Nigeria",PHC Terminal → TARABA,2400.0,synthetic,48.0,2880.0,7,5,1,1,engine_oil,20000.0,tanker,20000.0,1.0,12.0,28.4,16.4,34.32,211.0,Synthetic Customer - Taraba,2880.0,2026-03-30T07:19:29.956114+00:00
377012bc-728b-4ea1-a966-7f44ebfe1ed0,SYN-WB-0D33711B3B,PHC Terminal,"Abeokuta, Nigeria","Abeokuta, Nigeria",PHC Terminal → ABEOKUTA,1200.0,synthetic,24.0,1440.0,3,1,0,0,bitumen_60_70,20000.0,tanker,20000.0,1.0,12.0,28.4,16.4,25.64,343.0,Synthetic Customer - Abeokuta,1440.0,2026-03-11T03:54:29.956114+00:00
bb3ac27d-bfbc-4182-a8a9-22d22d9cfe9b,SYN-WB-6C26A214DD,Sapele Terminal,"Kwara, Nigeria","Kwara, Nigeria",Sapele Terminal → KWARA,2400.0,synthetic,48.0,2880.0,0,0,0,0,gear_oil,33000.0,tanker,33000.0,1.0,11.5,38.56,27.06,35.27,242.0,Synthetic Customer - Kwara,2880.0,2026-07-15T00:30:29.956114+00:00
b5fd82b0-d506-4bfd-bf57-6df994fd7723,SYN-WB-A61736C46E,PHC Terminal,"Epe, Nigeria","Epe, Nigeria",PHC Terminal → EPE,1200.0,synthetic,24.0,1440.0,4,3,0,0,gear_oil,35000.0,tanker,40000.0,0.875,12.0,40.7,28.7,27.07,410.0,Synthetic Customer - Epe,1440.0,2025-11-28T04:51:29.956114+00:00
84abe727-6612-45fc-8147-1955630f3603,SYN-WB-6C883A6A05,Sapele Terminal,"Kontagora, Nigeria","Kontagora, Nigeria",Sapele Terminal → KONTAGORA,4800.0,synthetic,96.0,5760.0,12,2,0,0,transmission_fluid,20000.0,tanker,20000.0,1.0,12.5,28.9,16.4,33.75,257.0,Synthetic Customer - Kontagora,5760.0,2026-04-05T12:59:29.956114+00:00
e0b3f8c7-42b7-4fb1-bb69-174fd3029eec,SYN-WB-9A4FE2CDAC,Sapele Terminal,"Ilorin, Nigeria","Ilorin, Nigeria",Sapele Terminal → ILORIN,1450.0,synthetic,29.0,1740.0,9,3,0,1,premium_motor_spirit,33000.0,tanker,33000.0,1.0,12.5,39.56,27.06,28.15,442.0,Synthetic Customer - Ilorin,1740.0,2026-01-02T14:16:29.956114+00:00
8f7af396-6591-404b-a058-b1414727e8e2,SYN-WB-2EFBD77AE9,Kano Terminal,FUTUA,FUTUA,Kano Terminal → FUTUA,300.0,synthetic,6.0,360.0,2,5,1,0,grease,25000.0,tanker,25000.0,1.0,12.0,32.5,20.5,30.23,404.0,Synthetic Customer - Futua,360.0,2026-02-21T08:24:29.956114+00:00
881dc6df-82de-4591-a2e6-16a018a8bb40,SYN-WB-95EF3C89A7,PHC Terminal,"Yola, Nigeria","Yola, Nigeria",PHC Terminal → YOLA,3600.0,synthetic,72.0,4320.0,7,1,0,1,marine_diesel_oil,20000.0,tanker,40000.0,0.5,13.0,29.4,16.4,34.31,318.0,Synthetic Customer - Yola,4320.0,2026-05-08T07:12:29.956114+00:00
42c4d005-e888-4f0e-adf7-1b73ccd91c04,SYN-WB-4BF71B4C3C,PHC Terminal,"Jigawa, Nigeria","Jigawa, Nigeria",PHC Terminal → JIGAWA,3600.0,synthetic,72.0,4320.0,13,3,0,0,hydraulic_oil,20000.0,tanker,20000.0,1.0,13.0,29.4,16.4,36.7,354.0,Synthetic Customer - Jigawa,4320.0,2025-10-19T13:36:29.956114+00:00
68234fd8-fce8-4ac9-a5e9-2ad49390524a,SYN-WB-5E98EB3BE0,Gwagwalada Terminal,"Minna, Nigeria","Minna, Nigeria",Gwagwalada Terminal → MINNA,300.0,synthetic,6.0,360.0,9,1,0,1,anionic_bitumen_emulsion,25000.0,tanker,25000.0,1.0,11.5,32.0,20.5,34.52,290.0,Synthetic Customer - Minna,360.0,2026-05-19T15:44:29.956114+00:00
8894e3d3-bfc2-438f-945a-3d2e913fa8d2,SYN-WB-6BDC996FAC,PHC Terminal,"Mowe, Nigeria","Mowe, Nigeria",PHC Terminal → MOWE,1200.0,synthetic,24.0,1440.0,9,2,0,1,bitumen_40_50,20000.0,tanker,20000.0,1.0,13.5,29.9,16.4,37.88,289.0,Synthetic Customer - Mowe,1440.0,2026-02-26T09:35:29.956114+00:00
f5e1a5de-84b5-4cf9-82bb-10fa2ceea251,SYN-WB-6B8DC596B2,PHC Terminal,"Abuja, Nigeria","Abuja, Nigeria",PHC Terminal → ABUJA,2400.0,synthetic,48.0,2880.0,1,5,1,0,hydraulic_oil,40000.0,tanker,40000.0,1.0,10.5,43.3,32.8,27.84,462.0,Synthetic Customer - Abuja,2880.0,2025-12-22T01:40:29.956114+00:00
05dc706d-9e2f-4227-b82f-fd9973260d29,SYN-WB-942CF6B475,Sapele Terminal,"Aba, Nigeria","Taraba, Nigeria",Sapele Terminal → ABA,1200.0,synthetic,24.0,1440.0,9,6,1,1,engine_oil,33000.0,tanker,33000.0,1.0,11.0,38.06,27.06,26.27,265.0,Synthetic Customer - Taraba,1440.0,2025-09-22T09:20:29.956114+00:00
db23c966-0539-450b-a8dd-f93226bb614a,SYN-WB-66A637B8F1,PHC Terminal,"Ebonyi, Nigeria","Ebonyi, Nigeria",PHC Terminal → EBONYI,1200.0,synthetic,24.0,1440.0,7,4,0,1,marine_diesel_oil,20000.0,tanker,20000.0,1.0,13.0,29.4,16.4,35.67,182.0,Synthetic Customer - Ebonyi,1440.0,2026-04-11T07:35:29.956114+00:00
2c086e9f-fdfa-4fa5-ad36-2f1854dfec58,SYN-WB-289B5021AC,PHC Terminal,"Benue, Nigeria","Benue, Nigeria",PHC Terminal → BENUE,1200.0,synthetic,24.0,1440.0,1,6,1,0,marine_gas_oil,20000.0,tanker,25000.0,0.8,12.0,28.4,16.4,36.29,266.0,Synthetic Customer - Benue,1440.0,2026-03-16T01:45:29.956114+00:00
c7e01727-d9a0-451f-a4c9-31e069cc9608,SYN-WB-1D784CD0D7,Kano Terminal,"Sokoto, Nigeria","Sokoto, Nigeria",Kano Terminal → SOKOTO,2400.0,synthetic,48.0,2880.0,3,2,0,0,household_kerosene,20000.0,tanker,20000.0,1.0,12.5,28.9,16.4,35.36,237.0,Synthetic Customer - Sokoto,2880.0,2026-01-23T03:30:29.956114+00:00
c175682b-f4dc-40e7-9878-9b47008f7a3c,SYN-WB-624F8A7F66,PHC Terminal,"Ondo, Nigeria","Ondo, Nigeria",PHC Terminal → ONDO,1200.0,synthetic,24.0,1440.0,12,1,0,0,marine_gas_oil,40000.0,tanker,40000.0,1.0,12.0,44.8,32.8,30.83,102.0,Synthetic Customer - Ondo,1440.0,2026-02-04T12:24:29.956114+00:00
7d88619a-951c-4fb6-af8f-300f3bf34aaa,SYN-WB-F0AE401F47,PHC Terminal,"Lagos, Nigeria","Lagos, Nigeria",PHC Terminal → LAGOS,1500.0,synthetic,30.0,1800.0,1,4,0,0,automotive_gas_oil,30000.0,tanker,35000.0,0.8571,12.5,37.1,24.6,36.82,392.0,Synthetic Customer - Lagos,1800.0,2026-01-10T07:50:29.956114+00:00
478bcdab-74df-455b-894e-112a547547d7,SYN-WB-933BEC023F,Sapele Terminal,"Mowe, Nigeria","Mowe, Nigeria",Sapele Terminal → MOWE,1200.0,synthetic,24.0,1440.0,12,4,0,0,low_pour_fuel_oil,33000.0,tanker,33000.0,1.0,12.0,39.06,27.06,28.51,459.0,Synthetic Customer - Mowe,1440.0,2026-08-01T12:59:29.956114+00:00
0b74b56e-b94a-490d-ba59-dae267d8b364,SYN-WB-774BC59529,Sapele Terminal,"Kano, Nigeria","Kano, Nigeria",Sapele Terminal → KANO,3600.0,synthetic,72.0,4320.0,4,3,0,0,bitumen_60_70,25000.0,tanker,25000.0,1.0,12.5,33.0,20.5,29.27,288.0,Synthetic Customer - Kano,4320.0,2025-08-24T04:12:29.956114+00:00
49efb283-5ec7-4fc8-9e27-4798fc66a971,SYN-WB-443AFAD69E,Sapele Terminal,"Jalingo, Nigeria","Jalingo, Nigeria",Sapele Terminal → JALINGO,3600.0,synthetic,72.0,4320.0,13,0,0,0,crumb_rubber_modified_bitumen,40000.0,tanker,40000.0,1.0,12.5,45.3,32.8,36.87,189.0,Synthetic Customer - Jalingo,4320.0,2025-09-18T13:26:29.956114+00:00
1955c426-3500-46b7-9d02-e84b682a7f07,SYN-WB-CF6FB4B2B9,Gwagwalada Terminal,"Osogbo, Nigeria","Osogbo, Nigeria",Gwagwalada Terminal → OSOGBO,3600.0,synthetic,72.0,4320.0,5,4,0,0,solvent,33000.0,tanker,40000.0,0.825,11.5,38.56,27.06,33.15,240.0,Synthetic Customer - Osogbo,4320.0,2026-04-06T05:17:29.956114+00:00
a2b1ceaf-1166-4601-976c-4d5539e6fed1,SYN-WB-A20A046E86,Sapele Terminal,"Maiduguri, Nigeria","Maiduguri, Nigeria",Sapele Terminal → MAIDUGURI,6000.0,synthetic,120.0,7200.0,5,3,0,0,hydraulic_oil,25000.0,tanker,40000.0,0.625,13.0,33.5,20.5,34.58,220.0,Synthetic Customer - Maiduguri,7200.0,2026-04-21T05:47:29.956114+00:00
decf8b8b-dda5-4e38-84e1-03f88dac04ee,SYN-WB-C6B6FFFAA3,Gwagwalada Terminal,"Sapele, Nigeria","Sapele, Nigeria",Gwagwalada Terminal → SAPELE,2400.0,synthetic,48.0,2880.0,1,0,0,0,marine_gas_oil,25000.0,tanker,40000.0,0.625,13.5,34.0,20.5,29.83,483.0,Synthetic Customer - Sapele,2880.0,2026-08-12T01:11:29.956114+00:00
443e6846-5029-4678-a091-7bd1c4c6d240,SYN-WB-F38536CC65,Gwagwalada Terminal,"Kontagora, Nigeria","Kontagora, Nigeria",Gwagwalada Terminal → KONTAGORA,1200.0,synthetic,24.0,1440.0,11,3,0,0,solvent,20000.0,tanker,40000.0,0.5,10.5,26.9,16.4,33.28,234.0,Synthetic Customer - Kontagora,1440.0,2025-10-03T11:00:29.956114+00:00
0a8c5c2d-0b6d-451f-94c5-3a3d489c2c79,SYN-WB-C0C1CF551F,Sapele Terminal,FUTUA,FUTUA,Sapele Terminal → FUTUA,4800.0,synthetic,96.0,5760.0,7,4,0,1,hydraulic_oil,25000.0,tanker,25000.0,1.0,12.0,32.5,20.5,32.26,215.0,Synthetic Customer - Futua,5760.0,2026-05-26T07:19:29.956114+00:00
3b80a2eb-611c-46c0-9cf2-f501c6e677d9,SYN-WB-5783064E78,Gwagwalada Terminal,"Sapele, Nigeria","Sapele, Nigeria",Gwagwalada Terminal → SAPELE,2400.0,synthetic,48.0,2880.0,12,5,1,0,cutback_bitumen,30000.0,tanker,30000.0,1.0,12.0,36.6,24.6,28.25,410.0,Synthetic Customer - Sapele,2880.0,2026-04-20T12:35:29.956114+00:00
ab582b1c-a468-49c0-a384-34cf726f55d0,SYN-WB-B71C6BF5A3,Gwagwalada Terminal,"Ado-Ekiti, Nigeria","Ado-Ekiti, Nigeria",Gwagwalada Terminal → ADO-EKITI,1200.0,synthetic,24.0,1440.0,1,6,1,0,marine_gas_oil,25000.0,tanker,25000.0,1.0,11.0,31.5,20.5,30.7,287.0,Synthetic Customer - Ado-Ekiti,1440.0,2026-08-10T01:25:29.956114+00:00
c26bed2b-beaf-4cb3-a727-1ed568532cf8,SYN-WB-E46B5C0025,PHC Terminal,"Minna, Nigeria","Minna, Nigeria",PHC Terminal → MINNA,3600.0,synthetic,72.0,4320.0,11,4,0,0,premium_motor_spirit,25000.0,tanker,25000.0,1.0,12.0,32.5,20.5,27.28,490.0,Synthetic Customer - Minna,4320.0,2026-06-22T11:43:29.956114+00:00
4ad46d44-d8cc-4725-931e-5b49da4c9eba,SYN-WB-96E0ED3FD6,Gwagwalada Terminal,"Jigawa, Nigeria","Jigawa, Nigeria",Gwagwalada Terminal → JIGAWA,1200.0,synthetic,24.0,1440.0,12,5,1,0,transmission_fluid,40000.0,tanker,40000.0,1.0,13.5,46.3,32.8,26.17,111.0,Synthetic Customer - Jigawa,1440.0,2026-01-18T12:44:29.956114+00:00
cebac0d5-11cf-41fa-a97e-518029f13306,SYN-WB-87B886D7E7,Gwagwalada Terminal,"Zamfara, Nigeria","Zamfara, Nigeria",Gwagwalada Terminal → ZAMFARA,1200.0,synthetic,24.0,1440.0,13,1,0,0,base_oil,25000.0,tanker,25000.0,1.0,10.5,31.0,20.5,31.43,382.0,Synthetic Customer - Zamfara,1440.0,2025-10-01T13:29:29.956114+00:00
83eeaf7b-de5d-4914-b5c9-566bf199f77c,SYN-WB-00D9E1E5E8,Sapele Terminal,"Enugu, Nigeria","Enugu, Nigeria",Sapele Terminal → ENUGU,1200.0,synthetic,24.0,1440.0,1,5,1,0,cutback_bitumen,33000.0,tanker,33000.0,1.0,13.0,40.06,27.06,32.09,260.0,Synthetic Customer - Enugu,1440.0,2025-11-02T01:46:29.956114+00:00
fcdfcca7-fa46-417e-8803-51395d1bc450,SYN-WB-4D02FB3856,PHC Terminal,"Mayo-Belwa, Nigeria","Mayo-Belwa, Nigeria",PHC Terminal → MAYO BELWA,3600.0,synthetic,72.0,4320.0,8,6,1,1,marine_diesel_oil,35000.0,tanker,35000.0,1.0,12.0,40.7,28.7,25.15,180.0,Synthetic Customer - Mayo-Belwa,4320.0,2025-12-24T08:44:29.956114+00:00
ca743fd5-9a8b-4dac-888e-ce97bebffb04,SYN-WB-288BB7445B,Kano Terminal,"Mubi, Nigeria","Mubi, Nigeria",Kano Terminal → MUBI,2400.0,synthetic,48.0,2880.0,11,6,1,0,grease,25000.0,tanker,25000.0,1.0,11.5,32.0,20.5,27.57,189.0,Synthetic Customer - Mubi,2880.0,2026-07-07T11:33:29.956114+00:00
2873d92f-06d0-473d-8f8f-caf1d17740f7,SYN-WB-E21E4E09B6,PHC Terminal,"Mayo-Belwa, Nigeria","Mayo-Belwa, Nigeria",PHC Terminal → MAYO BELWA,3600.0,synthetic,72.0,4320.0,1,6,1,0,polymer_modified_bitumen,35000.0,tanker,35000.0,1.0,13.0,41.7,28.7,34.78,233.0,Synthetic Customer - Mayo-Belwa,4320.0,2026-06-24T01:03:29.956114+00:00
6483e1a7-f61b-43d1-b484-19a233adbc2e,SYN-WB-D3CCEC010B,Kano Terminal,"Kaduna, Nigeria","Kaduna, Nigeria",Kano Terminal → KADUNA,300.0,synthetic,6.0,360.0,3,6,1,0,cutback_bitumen,35000.0,tanker,35000.0,1.0,11.5,40.2,28.7,33.69,396.0,Synthetic Customer - Kaduna,360.0,2026-06-14T09:59:29.956114+00:00
14e286f4-f5ad-48fc-bd11-e16d9c1d0964,SYN-WB-6850828994,PHC Terminal,"Abuja, Nigeria","Abuja, Nigeria",PHC Terminal → ABUJA,2400.0,synthetic,48.0,2880.0,1,5,1,0,polymer_modified_bitumen,20000.0,tanker,20000.0,1.0,11.5,27.9,16.4,28.73,142.0,Synthetic Customer - Abuja,2880.0,2025-12-29T01:38:29.956114+00:00
a8598d56-e6c9-476b-b70d-146778f19174,SYN-WB-D9C9E7F520,Gwagwalada Terminal,"Kontagora, Nigeria","Kontagora, Nigeria",Gwagwalada Terminal → KONTAGORA,1200.0,synthetic,24.0,1440.0,11,2,0,0,compressed_natural_gas,20000.0,tanker,20000.0,1.0,12.0,28.4,16.4,34.12,167.0,Synthetic Customer - Kontagora,1440.0,2026-05-07T11:02:29.956114+00:00
1c6bc854-64d7-4ce4-a2f9-0de2014ca46e,SYN-WB-A1D65BD07B,PHC Terminal,"Mokwa, Nigeria","Mokwa, Nigeria",PHC Terminal → MOKWA,4800.0,synthetic,96.0,5760.0,6,2,0,0,compressed_natural_gas,25000.0,tanker,25000.0,1.0,12.0,32.5,20.5,36.21,379.0,Synthetic Customer - Mokwa,5760.0,2025-12-21T06:12:29.956114+00:00
6eafeba0-1f86-4e14-939d-b808887c0a83,SYN-WB-72E0E740DA,PHC Terminal,"Dutse, Nigeria","Dutse, Nigeria",PHC Terminal → DUTSE,4800.0,synthetic,96.0,5760.0,2,0,0,0,marine_gas_oil,33000.0,tanker,35000.0,0.9429,11.0,38.06,27.06,33.12,399.0,Synthetic Customer - Dutse,5760.0,2025-09-26T02:35:29.956114+00:00
b14c58fe-85a3-4fde-84ed-23e1cc61afd1,SYN-WB-B9658309C5,Sapele Terminal,"Kaiama, Nigeria","Kaiama, Nigeria",Sapele Terminal → KAIAMA,3600.0,synthetic,72.0,4320.0,1,4,0,0,liquefied_natural_gas,40000.0,tanker,40000.0,1.0,12.0,44.8,32.8,33.92,460.0,Synthetic Customer - Kaiama,4320.0,2026-06-08T01:37:29.956114+00:00
3d1ead40-a688-4a1c-a64b-191831f9e710,SYN-WB-94A3AEB28A,Kano Terminal,"Anambra, Nigeria","Anambra, Nigeria",Kano Terminal → ANAMBRA,3600.0,synthetic,72.0,4320.0,2,3,0,0,cationic_bitumen_emulsion,20000.0,tanker,35000.0,0.5714,13.5,29.9,16.4,27.21,197.0,Synthetic Customer - Anambra,4320.0,2025-08-24T02:45:29.956114+00:00
41e5235b-1731-46cc-be78-6011f8bd50c5,SYN-WB-C01A7C4B14,Gwagwalada Terminal,"Kwara, Nigeria","Kwara, Nigeria",Gwagwalada Terminal → KWARA,3600.0,synthetic,72.0,4320.0,7,3,0,1,household_kerosene,20000.0,tanker,20000.0,1.0,11.5,27.9,16.4,31.8,293.0,Synthetic Customer - Kwara,4320.0,2026-05-10T07:47:29.956114+00:00
2bd81376-3c35-479b-9afb-747b26748273,SYN-WB-308790AB62,PHC Terminal,"Bida, Nigeria","Bida, Nigeria",PHC Terminal → BIDA,4800.0,synthetic,96.0,5760.0,8,5,1,1,household_kerosene,35000.0,tanker,35000.0,1.0,13.0,41.7,28.7,31.37,240.0,Synthetic Customer - Bida,5760.0,2026-01-07T08:05:29.956114+00:00
b5c1fc1c-f904-4ab1-a1e6-49ef777c76ac,SYN-WB-72AAEC0CF7,Gwagwalada Terminal,"Port Harcourt, Nigeria","Port Harcourt, Nigeria",Gwagwalada Terminal → PHC,3600.0,synthetic,72.0,4320.0,10,3,0,0,polymer_modified_bitumen,33000.0,tanker,40000.0,0.825,11.0,38.06,27.06,36.13,154.0,Synthetic Customer - Port Harcourt,4320.0,2026-02-01T10:07:29.956114+00:00
8fe33a59-511f-407e-9399-9c3e7f876f6f,SYN-WB-21DA52023B,Gwagwalada Terminal,"Jebba, Nigeria","Jebba, Nigeria",Gwagwalada Terminal → JEBBA,2400.0,synthetic,48.0,2880.0,3,2,0,0,compressed_natural_gas,25000.0,tanker,25000.0,1.0,13.5,34.0,20.5,32.4,211.0,Synthetic Customer - Jebba,2880.0,2026-06-12T03:44:29.956114+00:00
0d2d29c5-90d9-4561-a7d1-efe0fdf8918d,SYN-WB-F4F5428425,Sapele Terminal,AKWAIBOM,AKWAIBOM,Sapele Terminal → AKWAIBOM,1200.0,synthetic,24.0,1440.0,3,5,1,0,paraffin_wax,25000.0,tanker,25000.0,1.0,11.5,32.0,20.5,37.67,161.0,Synthetic Customer - Akwaibom,1440.0,2026-04-26T03:11:29.956114+00:00
3fb423eb-0b2f-4ebb-ab35-63ca060b501f,SYN-WB-50B82CD320,Sapele Terminal,"Abuja, Nigeria","Abuja, Nigeria",Sapele Terminal → ABUJA,2400.0,synthetic,48.0,2880.0,8,1,0,1,low_pour_fuel_oil,25000.0,tanker,25000.0,1.0,11.5,32.0,20.5,36.79,430.0,Synthetic Customer - Abuja,2880.0,2026-07-09T08:28:29.956114+00:00
6c66493c-3c91-4c75-835a-a1c18e97ba9c,SYN-WB-902A7227D7,PHC Terminal,"Birnin Kebbi, Nigeria","Birnin Kebbi, Nigeria",PHC Terminal → BIRNIN KEBBI,7200.0,synthetic,144.0,8640.0,3,4,0,0,anionic_bitumen_emulsion,33000.0,tanker,35000.0,0.9429,10.5,37.56,27.06,27.65,156.0,Synthetic Customer - Birnin Kebbi,8640.0,2026-04-16T03:41:29.956114+00:00
9c4b68b1-ee07-4921-9fa4-36fe8d6d82cf,SYN-WB-9EA96CA5B6,Sapele Terminal,RIVER,RIVER,Sapele Terminal → RIVER,300.0,synthetic,6.0,360.0,12,0,0,0,crumb_rubber_modified_bitumen,33000.0,tanker,33000.0,1.0,12.5,39.56,27.06,29.51,442.0,Synthetic Customer - Rivers,360.0,2026-07-27T18:47:29.956114+00:00
72e29dfc-4a5a-402e-af92-51b2eb99884b,SYN-WB-D0D9079622,PHC Terminal,"Bauchi, Nigeria","Bauchi, Nigeria",PHC Terminal → BAUCHI,2400.0,synthetic,48.0,2880.0,6,6,1,0,marine_gas_oil,40000.0,tanker,40000.0,1.0,10.5,43.3,32.8,29.89,341.0,Synthetic Customer - Bauchi,2880.0,2025-10-28T06:25:29.956114+00:00
7bfbd689-d0e6-4506-be88-9841f6567211,SYN-WB-588AE29E53,Gwagwalada Terminal,"Sokoto, Nigeria","Sokoto, Nigeria",Gwagwalada Terminal → SOKOTO,2400.0,synthetic,48.0,2880.0,7,5,1,1,base_oil,20000.0,tanker,20000.0,1.0,10.5,26.9,16.4,28.82,430.0,Synthetic Customer - Sokoto,2880.0,2026-03-02T07:22:29.956114+00:00
7f704c53-e492-4d91-9b86-31955f1a0c14,SYN-WB-2179E69BB2,Gwagwalada Terminal,"Mayo-Belwa, Nigeria","Mayo-Belwa, Nigeria",Gwagwalada Terminal → MAYO BELWA,2400.0,synthetic,48.0,2880.0,0,5,1,0,gear_oil,20000.0,tanker,40000.0,0.5,10.5,26.9,16.4,32.2,151.0,Synthetic Customer - Mayo-Belwa,2880.0,2025-10-13T00:40:29.956114+00:00
9ca2d9ca-95c2-433f-8bb9-8c39ef9de184,SYN-WB-7C880DBF7B,Gwagwalada Terminal,"Jalingo, Nigeria","Jalingo, Nigeria",Gwagwalada Terminal → JALINGO,2400.0,synthetic,48.0,2880.0,3,5,1,0,hydraulic_oil,30000.0,tanker,30000.0,1.0,11.0,35.6,24.6,29.93,299.0,Synthetic Customer - Jalingo,2880.0,2025-08-25T03:33:29.956114+00:00
f5725c10-5f5f-48de-9070-5dd148c358bb,SYN-WB-2A3E05045D,Gwagwalada Terminal,"Yola, Nigeria","Yola, Nigeria",Gwagwalada Terminal → YOLA,2400.0,synthetic,48.0,2880.0,3,5,1,0,cationic_bitumen_emulsion,30000.0,tanker,30000.0,1.0,13.0,37.6,24.6,30.36,304.0,Synthetic Customer - Yola,2880.0,2025-12-08T03:46:29.956114+00:00
38cafedf-3d6a-4fec-9e36-f3ab82a4401b,SYN-WB-760B6A094D,PHC Terminal,"Nasarawa, Nigeria","Nasarawa, Nigeria",PHC Terminal → NASARAWA,1400.0,synthetic,28.0,1680.0,7,4,0,1,base_oil,20000.0,tanker,40000.0,0.5,13.0,29.4,16.4,27.37,156.0,Synthetic Customer - Nasarawa,1680.0,2026-08-08T11:24:29.956114+00:00
430de264-50c1-4bf6-9476-9fdea237a09e,SYN-WB-DAF760CE84,Kano Terminal,"Jos, Nigeria","Jos, Nigeria",Kano Terminal → JOS,1200.0,synthetic,24.0,1440.0,1,0,0,0,bitumen_60_70,25000.0,tanker,25000.0,1.0,11.5,32.0,20.5,26.84,460.0,Synthetic Customer - Jos,1440.0,2025-10-14T01:48:29.956114+00:00
b2b93a04-bb6f-4c84-b739-e7f07e382326,SYN-WB-0D5C1C1E9D,PHC Terminal,"Mowe, Nigeria","Mowe, Nigeria",PHC Terminal → MOWE,1200.0,synthetic,24.0,1440.0,11,6,1,0,compressed_natural_gas,25000.0,tanker,25000.0,1.0,12.5,33.0,20.5,29.55,139.0,Synthetic Customer - Mowe,1440.0,2025-08-25T11:37:29.956114+00:00
81a1f613-bfb2-4585-8385-28a001cca27b,SYN-WB-B5D572EAE5,Gwagwalada Terminal,"Bauchi, Nigeria","Bauchi, Nigeria",Gwagwalada Terminal → BAUCHI,1200.0,synthetic,24.0,1440.0,9,4,0,1,base_oil,40000.0,tanker,40000.0,1.0,10.5,43.3,32.8,32.98,322.0,Synthetic Customer - Bauchi,1440.0,2026-02-21T09:12:29.956114+00:00
127852fc-5f78-4773-a7fa-494948b0383f,SYN-WB-74857DC20A,PHC Terminal,"Ogbomoso, Nigeria","Ogbomoso, Nigeria",PHC Terminal → OGBOMOSO,1500.0,synthetic,30.0,1800.0,10,3,0,0,cationic_bitumen_emulsion,35000.0,tanker,35000.0,1.0,13.0,41.7,28.7,36.02,370.0,Synthetic Customer - Ogbomoso,1800.0,2026-05-01T16:48:29.956114+00:00
719cdcaa-4ccd-47f3-b0ae-8420e9c7ecd5,SYN-WB-CEBF89CA59,PHC Terminal,"Lagos, Nigeria","Lagos, Nigeria",PHC Terminal → LAGOS,1500.0,synthetic,30.0,1800.0,2,0,0,0,engine_oil,33000.0,tanker,40000.0,0.825,11.5,38.56,27.06,29.39,302.0,Synthetic Customer - Lagos,1800.0,2025-12-16T08:57:29.956114+00:00
b8256078-9049-4a02-a92d-26eb42485932,SYN-WB-AC2F3D0809,Gwagwalada Terminal,"Talata Mafara, Nigeria","Talata Mafara, Nigeria",Gwagwalada Terminal → TALATA MAFARA,1600.0,synthetic,32.0,1920.0,10,4,0,0,marine_diesel_oil,30000.0,tanker,30000.0,1.0,11.0,35.6,24.6,37.51,474.0,Synthetic Customer - Talata Mafara,1920.0,2026-06-27T18:46:29.956114+00:00
2d4d387f-81f9-4bae-a586-fd5839fc7a20,SYN-WB-90DF57839C,Sapele Terminal,"Abeokuta, Nigeria","Abeokuta, Nigeria",Sapele Terminal → ABEOKUTA,1200.0,synthetic,24.0,1440.0,12,0,0,0,hydraulic_oil,40000.0,tanker,40000.0,1.0,13.0,45.8,32.8,30.97,269.0,Synthetic Customer - Abeokuta,1440.0,2026-08-11T12:42:29.956114+00:00
d99218cb-1e36-4b0c-8f70-d32496e9c090,SYN-WB-6AA0C254CB,Sapele Terminal,"Jigawa, Nigeria","Jigawa, Nigeria",Sapele Terminal → JIGAWA,4800.0,synthetic,96.0,5760.0,3,2,0,0,crumb_rubber_modified_bitumen,20000.0,tanker,40000.0,0.5,11.5,27.9,16.4,32.38,315.0,Synthetic Customer - Jigawa,5760.0,2026-02-08T03:07:29.956114+00:00
667d3c9d-8ce5-4a0a-8069-dee4926e04ed,SYN-WB-D18E28442A,Gwagwalada Terminal,"Damaturu, Nigeria","Damaturu, Nigeria",Gwagwalada Terminal → DAMATURU,2400.0,synthetic,48.0,2880.0,9,6,1,1,natural_gas,20000.0,tanker,25000.0,0.8,11.0,27.4,16.4,30.33,264.0,Synthetic Customer - Damaturu,2880.0,2026-07-21T09:39:29.956114+00:00
cc3a828b-6c97-49f0-8765-152590051322,SYN-WB-D521037565,Sapele Terminal,"Calabar, Nigeria","Calabar, Nigeria",Sapele Terminal → CALABAR,2400.0,synthetic,48.0,2880.0,13,5,1,0,premium_motor_spirit,20000.0,tanker,20000.0,1.0,10.5,26.9,16.4,25.86,427.0,Synthetic Customer - Calabar,2880.0,2026-01-26T13:13:29.956114+00:00
c80d34c9-68df-4d66-809a-97659a8fa010,SYN-WB-C70D479B9C,PHC Terminal,"Minna, Nigeria","Minna, Nigeria",PHC Terminal → MINNA,3600.0,synthetic,72.0,4320.0,6,2,0,0,base_oil,35000.0,tanker,40000.0,0.875,13.0,41.7,28.7,29.33,398.0,Synthetic Customer - Minna,4320.0,2026-08-01T06:48:29.956114+00:00
fa10171c-6582-418d-adf3-6654932a0d35,SYN-WB-BC0471B294,PHC Terminal,"Abeokuta, Nigeria","Abeokuta, Nigeria",PHC Terminal → ABEOKUTA,1200.0,synthetic,24.0,1440.0,12,0,0,0,engine_oil,33000.0,tanker,40000.0,0.825,13.5,40.56,27.06,27.95,483.0,Synthetic Customer - Abeokuta,1440.0,2026-06-09T12:40:29.956114+00:00
e105de65-eb6d-43cd-93b4-35694bbe98c9,SYN-WB-C0374AA586,Kano Terminal,"Okene, Nigeria","Okene, Nigeria",Kano Terminal → OKENE,1450.0,synthetic,29.0,1740.0,13,1,0,0,gear_oil,35000.0,tanker,35000.0,1.0,12.5,41.2,28.7,28.87,149.0,Synthetic Customer - Okene,1740.0,2026-05-27T18:30:29.956114+00:00
d2ffc23a-b0fb-41b2-a35b-7c433cc5cc6c,SYN-WB-546C034B07,Gwagwalada Terminal,"Gusau, Nigeria","Gusau, Nigeria",Gwagwalada Terminal → GUSAU,1200.0,synthetic,24.0,1440.0,8,4,0,1,bitumen_60_70,35000.0,tanker,35000.0,1.0,12.0,40.7,28.7,35.74,265.0,Synthetic Customer - Gusau,1440.0,2026-06-20T08:42:29.956114+00:00
d78fb3a0-511d-4738-bfa5-aaca25ac9137,SYN-WB-A3FE11F720,PHC Terminal,"Maiduguri, Nigeria","Maiduguri, Nigeria",PHC Terminal → MAIDUGURI,6000.0,synthetic,120.0,7200.0,2,0,0,0,engine_oil,25000.0,tanker,35000.0,0.7143,13.5,34.0,20.5,37.83,216.0,Synthetic Customer - Maiduguri,7200.0,2026-08-08T02:34:29.956114+00:00
2df28b24-cee8-430f-89bc-9dfbf1a769df,SYN-WB-E00557C5F8,Gwagwalada Terminal,"Taraba, Nigeria","Taraba, Nigeria",Gwagwalada Terminal → TARABA,1200.0,synthetic,24.0,1440.0,1,6,1,0,paraffin_wax,35000.0,tanker,35000.0,1.0,11.5,40.2,28.7,25.85,114.0,Synthetic Customer - Taraba,1440.0,2026-03-02T01:22:29.956114+00:00
0db9022e-de31-444e-9c65-692d96955706,SYN-WB-0EA6955964,Sapele Terminal,"Yola, Nigeria","Yola, Nigeria",Sapele Terminal → YOLA,4800.0,synthetic,96.0,5760.0,7,1,0,1,cationic_bitumen_emulsion,40000.0,tanker,40000.0,1.0,12.5,45.3,32.8,33.24,330.0,Synthetic Customer - Yola,5760.0,2025-09-27T07:14:29.956114+00:00
3156c917-14f9-4356-b089-81c8cf161b91,SYN-WB-55000A8EA6,Gwagwalada Terminal,"Taraba, Nigeria","Taraba, Nigeria",Gwagwalada Terminal → TARABA,1200.0,synthetic,24.0,1440.0,2,3,0,0,gear_oil,25000.0,tanker,40000.0,0.625,11.5,32.0,20.5,34.78,315.0,Synthetic Customer - Taraba,1440.0,2026-04-10T02:34:29.956114+00:00
cd27dbb6-83bc-462f-9f7c-4427af9e0987,SYN-WB-534738856D,Sapele Terminal,"Katsina, Nigeria","Katsina, Nigeria",Sapele Terminal → KATSINA,4800.0,synthetic,96.0,5760.0,8,1,0,1,bitumen_40_50,25000.0,tanker,25000.0,1.0,13.5,34.0,20.5,30.59,411.0,Synthetic Customer - Katsina,5760.0,2026-06-06T08:03:29.956114+00:00
12eb110d-7e7d-4a09-bcb7-84f41e27b5ca,SYN-WB-439DAF152B,PHC Terminal,"Enugu, Nigeria","Enugu, Nigeria",PHC Terminal → ENUGU,400.0,synthetic,8.0,480.0,11,6,1,0,cutback_bitumen,20000.0,tanker,40000.0,0.5,10.5,26.9,16.4,29.77,387.0,Synthetic Customer - Enugu,480.0,2026-03-08T19:05:29.956114+00:00
a8f555de-7c5f-472b-9779-4b0f6922c9cd,SYN-WB-BFA1261ED1,Gwagwalada Terminal,"Ogun, Nigeria","Ogun, Nigeria",Gwagwalada Terminal → OGUN,2400.0,synthetic,48.0,2880.0,13,2,0,0,cationic_bitumen_emulsion,33000.0,tanker,40000.0,0.825,12.5,39.56,27.06,31.43,224.0,Synthetic Customer - Ogun,2880.0,2026-06-26T13:56:29.956114+00:00
68713b7a-b9c8-4c63-814b-d4e6b87f7222,SYN-WB-63D9AF60A2,Sapele Terminal,"Katsina, Nigeria","Katsina, Nigeria",Sapele Terminal → KATSINA,4800.0,synthetic,96.0,5760.0,1,6,1,0,bitumen_80_100,25000.0,tanker,33000.0,0.7576,10.5,31.0,20.5,31.82,458.0,Synthetic Customer - Katsina,5760.0,2026-03-26T01:02:29.956114+00:00
c110e386-e4a2-4522-aef5-20d45539555e,SYN-WB-A2689ACA16,Gwagwalada Terminal,"Mubi, Nigeria","Mubi, Nigeria",Gwagwalada Terminal → MUBI,3600.0,synthetic,72.0,4320.0,13,0,0,0,transmission_fluid,20000.0,tanker,40000.0,0.5,13.5,29.9,16.4,34.81,407.0,Synthetic Customer - Mubi,4320.0,2026-04-02T13:03:29.956114+00:00
3099e51f-9993-4664-9ad2-092b233a1105,SYN-WB-F87C7C1C8E,PHC Terminal,"Damaturu, Nigeria","Damaturu, Nigeria",PHC Terminal → DAMATURU,6000.0,synthetic,120.0,7200.0,6,6,1,0,hydraulic_oil,40000.0,tanker,40000.0,1.0,13.0,45.8,32.8,35.82,392.0,Synthetic Customer - Damaturu,7200.0,2025-09-26T06:36:29.956114+00:00
4beac0d2-99dd-4373-b558-a78a4386b787,SYN-WB-85390CDAE0,Sapele Terminal,"Port Harcourt, Nigeria","Port Harcourt, Nigeria",Sapele Terminal → PORT-HAROURT,200.0,synthetic,4.0,240.0,13,5,1,0,engine_oil,20000.0,tanker,20000.0,1.0,13.0,29.4,16.4,27.94,429.0,Synthetic Customer - Port Harcourt,240.0,2026-07-18T17:51:29.956114+00:00
4b1bbd1d-0c94-40f9-adf6-cb76c30eeb37,SYN-WB-2C50A1AE67,Kano Terminal,"Yola, Nigeria","Yola, Nigeria",Kano Terminal → YOLA,2400.0,synthetic,48.0,2880.0,8,2,0,1,grease,35000.0,tanker,35000.0,1.0,13.0,41.7,28.7,30.74,276.0,Synthetic Customer - Yola,2880.0,2025-12-26T08:39:29.956114+00:00
44a126cf-7dbe-42b5-b19d-91b68f5946e1,SYN-WB-7D3477FCE7,Gwagwalada Terminal,"Maiduguri, Nigeria","Maiduguri, Nigeria",Gwagwalada Terminal → MAIDUGURI,2400.0,synthetic,48.0,2880.0,11,3,0,0,low_pour_fuel_oil,25000.0,tanker,40000.0,0.625,13.0,33.5,20.5,36.54,500.0,Synthetic Customer - Maiduguri,2880.0,2026-05-23T11:07:29.956114+00:00
4b369f70-e869-4a44-a83c-5308b51566d9,SYN-WB-17E3F848AF,Gwagwalada Terminal,"Ogun, Nigeria","Ogun, Nigeria",Gwagwalada Terminal → OGUN,2400.0,synthetic,48.0,2880.0,11,2,0,0,natural_gas,35000.0,tanker,35000.0,1.0,11.0,39.7,28.7,32.87,413.0,Synthetic Customer - Ogun,2880.0,2026-07-10T11:34:29.956114+00:00
a8478c42-b92c-4d83-9745-0c787d052e54,SYN-WB-859806B0DC,Gwagwalada Terminal,"Jos, Nigeria","Jos, Nigeria",Gwagwalada Terminal → JOS,1200.0,synthetic,24.0,1440.0,14,0,0,0,polymer_modified_bitumen,30000.0,tanker,40000.0,0.75,13.0,37.6,24.6,34.18,324.0,Synthetic Customer - Jos,1440.0,2025-09-09T14:05:29.956114+00:00
e3b2763b-caee-49d2-982c-df289efd5fbf,SYN-WB-C22C56C83F,Sapele Terminal,"Mowe, Nigeria","Mowe, Nigeria",Sapele Terminal → MOWE,1200.0,synthetic,24.0,1440.0,3,1,0,0,premium_motor_spirit,25000.0,tanker,25000.0,1.0,13.0,33.5,20.5,35.26,213.0,Synthetic Customer - Mowe,1440.0,2026-01-14T03:09:29.956114+00:00
9ad68dcd-87c0-43e8-8ea3-cd754a4572a9,SYN-WB-9E160F59EC,Gwagwalada Terminal,"Bida, Nigeria","Bida, Nigeria",Gwagwalada Terminal → BIDA,1200.0,synthetic,24.0,1440.0,12,3,0,0,engine_oil,30000.0,tanker,35000.0,0.8571,13.0,37.6,24.6,35.68,261.0,Synthetic Customer - Bida,1440.0,2026-07-10T12:01:29.956114+00:00
cfb86056-f4ca-4721-9d12-6132760ac5f2,SYN-WB-44CC934BF2,Gwagwalada Terminal,"Mayo-Belwa, Nigeria","Mayo-Belwa, Nigeria",Gwagwalada Terminal → MAYO BELWA,2400.0,synthetic,48.0,2880.0,10,5,1,0,crumb_rubber_modified_bitumen,20000.0,tanker,20000.0,1.0,13.5,29.9,16.4,33.14,335.0,Synthetic Customer - Mayo-Belwa,2880.0,2026-05-25T10:18:29.956114+00:00
b850337e-6d9b-43e3-8897-823015f3bf37,SYN-WB-B0D753D8FD,Kano Terminal,FUTUA,FUTUA,Kano Terminal → FUTUA,300.0,synthetic,6.0,360.0,12,3,0,0,transmission_fluid,20000.0,tanker,20000.0,1.0,11.0,27.4,16.4,29.04,420.0,Synthetic Customer - Futua,360.0,2025-08-28T18:40:29.956114+00:00
ea424fe3-1cb7-4e0d-aacb-70e328107c2b,SYN-WB-C6FED04DAF,Gwagwalada Terminal,"Minna, Nigeria","Minna, Nigeria",Gwagwalada Terminal → MINNA,300.0,synthetic,6.0,360.0,12,5,1,0,compressed_natural_gas,35000.0,tanker,35000.0,1.0,12.5,41.2,28.7,36.4,233.0,Synthetic Customer - Minna,360.0,2025-09-20T18:59:29.956114+00:00
f710b851-3b6e-453c-a003-c311d941db00,SYN-WB-6D8B80563D,Sapele Terminal,"Lagos, Nigeria","Lagos, Nigeria",Sapele Terminal → LAGOS,1350.0,synthetic,27.0,1620.0,1,1,0,0,bitumen_60_70,20000.0,tanker,40000.0,0.5,12.5,28.9,16.4,31.74,300.0,Synthetic Customer - Lagos,1620.0,2025-11-26T04:58:29.956114+00:00
5c66d2d9-0a16-4a06-9152-0ee27436912e,SYN-WB-E3A01BBD94,PHC Terminal,"Nasarawa, Nigeria","Nasarawa, Nigeria",PHC Terminal → NASARAWA,1400.0,synthetic,28.0,1680.0,12,3,0,0,aviation_turbine_kerosene,40000.0,tanker,40000.0,1.0,13.0,45.8,32.8,33.62,357.0,Synthetic Customer - Nasarawa,1680.0,2026-08-07T16:32:29.956114+00:00
d921d0f7-0459-4c12-86de-8b73a4c19858,SYN-WB-13D637D4AC,Sapele Terminal,"Nasarawa, Nigeria","Nasarawa, Nigeria",Sapele Terminal → NASARAWA,3600.0,synthetic,72.0,4320.0,12,0,0,0,marine_diesel_oil,25000.0,tanker,25000.0,1.0,12.0,32.5,20.5,31.15,104.0,Synthetic Customer - Nasarawa,4320.0,2025-10-09T12:57:29.956114+00:00
8260c6ab-0e5b-4880-8bd4-0f1fff3a79a5,SYN-WB-1C8092728C,PHC Terminal,"Jigawa, Nigeria","Jigawa, Nigeria",PHC Terminal → JIGAWA,3600.0,synthetic,72.0,4320.0,6,2,0,0,premium_motor_spirit,35000.0,tanker,35000.0,1.0,13.0,41.7,28.7,29.18,209.0,Synthetic Customer - Jigawa,4320.0,2026-08-01T06:33:29.956114+00:00
e8db54e5-61ea-48c1-8d2a-3030ea4cd2ec,SYN-WB-99CA218795,Sapele Terminal,"Sokoto, Nigeria","Sokoto, Nigeria",Sapele Terminal → SOKOTO,6000.0,synthetic,120.0,7200.0,4,1,0,0,dual_purpose_kerosene,25000.0,tanker,25000.0,1.0,11.5,32.0,20.5,25.0,488.0,Synthetic Customer - Sokoto,7200.0,2026-05-24T04:00:29.956114+00:00
337e00ac-06e8-4078-8cb1-c232e53ecc6d,SYN-WB-A04F72A76E,Gwagwalada Terminal,"Gusau, Nigeria","Gusau, Nigeria",Gwagwalada Terminal → GUSAU,1200.0,synthetic,24.0,1440.0,10,0,0,0,premium_motor_spirit,25000.0,tanker,35000.0,0.7143,10.5,31.0,20.5,26.21,158.0,Synthetic Customer - Gusau,1440.0,2025-08-19T10:24:29.956114+00:00
76b93a9e-4836-4682-954d-d3fe8db567a0,SYN-WB-3F0333328A,PHC Terminal,"Benue, Nigeria","Benue, Nigeria",PHC Terminal → BENUE,1200.0,synthetic,24.0,1440.0,9,3,0,1,base_oil,25000.0,tanker,25000.0,1.0,11.5,32.0,20.5,37.36,285.0,Synthetic Customer - Benue,1440.0,2026-04-24T09:59:29.956114+00:00
e25c9d20-0f85-49ee-8fe4-41f743ee6c8b,SYN-WB-0D50F06766,Kano Terminal,"Sokoto, Nigeria","Sokoto, Nigeria",Kano Terminal → SOKOTO,2400.0,synthetic,48.0,2880.0,13,6,1,0,engine_oil,25000.0,tanker,25000.0,1.0,11.5,32.0,20.5,34.3,353.0,Synthetic Customer - Sokoto,2880.0,2026-07-14T13:17:29.956114+00:00
8ddaeaf1-79be-4b9c-9276-77289022d792,SYN-WB-C01A291EF9,Sapele Terminal,"Osogbo, Nigeria","Osogbo, Nigeria",Sapele Terminal → OSOGBO,1200.0,synthetic,24.0,1440.0,3,1,0,0,anionic_bitumen_emulsion,25000.0,tanker,40000.0,0.625,12.5,33.0,20.5,37.37,390.0,Synthetic Customer - Osogbo,1440.0,2026-05-06T03:35:29.956114+00:00
c39a033d-a763-4124-9398-a2ea6cbde54b,SYN-WB-BC6A7FB750,Sapele Terminal,"Mokwa, Nigeria","Mokwa, Nigeria",Sapele Terminal → MOKWA,2400.0,synthetic,48.0,2880.0,13,1,0,0,cutback_bitumen,33000.0,tanker,40000.0,0.825,11.5,38.56,27.06,28.44,350.0,Synthetic Customer - Mokwa,2880.0,2025-12-11T13:44:29.956114+00:00
93b31057-fbef-47b8-b8de-0ab4e54377b6,SYN-WB-31EE13EDF8,Gwagwalada Terminal,"Kontagora, Nigeria","Kontagora, Nigeria",Gwagwalada Terminal → KONTAGORA,1200.0,synthetic,24.0,1440.0,12,5,1,0,crumb_rubber_modified_bitumen,35000.0,tanker,40000.0,0.875,12.0,40.7,28.7,35.77,318.0,Synthetic Customer - Kontagora,1440.0,2025-10-19T12:52:29.956114+00:00
5285f459-9ea3-49ab-bc42-9aead3de8057,SYN-WB-14CFFA255B,Kano Terminal,"Dutse, Nigeria","Dutse, Nigeria",Kano Terminal → DUTSE,200.0,synthetic,4.0,240.0,14,3,0,0,premium_motor_spirit,20000.0,tanker,35000.0,0.5714,13.0,29.4,16.4,25.21,240.0,Synthetic Customer - Dutse,240.0,2026-03-26T18:17:29.956114+00:00
bcf72c67-79e7-44d7-8c02-d8ddfce17b7f,SYN-WB-815A8D0878,Sapele Terminal,"Enugu, Nigeria","Enugu, Nigeria",Sapele Terminal → ENUGU,1200.0,synthetic,24.0,1440.0,9,5,1,1,paraffin_wax,25000.0,tanker,40000.0,0.625,11.5,32.0,20.5,28.51,353.0,Synthetic Customer - Enugu,1440.0,2026-07-05T09:24:29.956114+00:00
53d72d4a-81a4-42ed-bab3-002613e6a048,SYN-WB-DD2EA5F3A1,Sapele Terminal,"Abeokuta, Nigeria","Abeokuta, Nigeria",Sapele Terminal → ABEOKUTA,1200.0,synthetic,24.0,1440.0,12,6,1,0,natural_gas,25000.0,tanker,40000.0,0.625,10.5,31.0,20.5,29.7,303.0,Synthetic Customer - Abeokuta,1440.0,2026-03-23T12:54:29.956114+00:00
5aab1c17-f30e-416b-aa69-db437a669785,SYN-WB-B15E4E0840,Sapele Terminal,"Mubi, Nigeria","Mubi, Nigeria",Sapele Terminal → MUBI,6000.0,synthetic,120.0,7200.0,12,4,0,0,low_pour_fuel_oil,25000.0,tanker,25000.0,1.0,13.0,33.5,20.5,31.67,207.0,Synthetic Customer - Mubi,7200.0,2026-08-05T12:42:29.956114+00:00
783b603d-beb9-4307-9c5f-add5b702b4f3,SYN-WB-EF0B8B9295,Kano Terminal,FUTUA,FUTUA,Kano Terminal → FUTUA,300.0,synthetic,6.0,360.0,12,1,0,0,liquefied_petroleum_gas,20000.0,tanker,20000.0,1.0,13.0,29.4,16.4,26.13,221.0,Synthetic Customer - Futua,360.0,2026-01-20T18:32:29.956114+00:00
a7801050-1028-42fd-a61b-60be61364c8d,SYN-WB-79FEA09D3C,PHC Terminal,"Abuja, Nigeria","Abuja, Nigeria",PHC Terminal → ABUJA,2400.0,synthetic,48.0,2880.0,4,2,0,0,gear_oil,20000.0,tanker,20000.0,1.0,13.0,29.4,16.4,30.56,372.0,Synthetic Customer - Abuja,2880.0,2025-11-14T04:46:29.956114+00:00
fa726959-f34d-4bac-af2e-61575d6a7fc6,SYN-WB-B4E5C67D9C,Gwagwalada Terminal,"Mayo-Belwa, Nigeria","Mayo-Belwa, Nigeria",Gwagwalada Terminal → MAYO BELWA,2400.0,synthetic,48.0,2880.0,11,5,1,0,bitumen_60_70,20000.0,tanker,35000.0,0.5714,12.5,28.9,16.4,28.81,323.0,Synthetic Customer - Mayo-Belwa,2880.0,2026-06-29T11:39:29.956114+00:00
44019b3f-5d67-47e9-a315-c3c343bbd9f7,SYN-WB-C65963F705,Sapele Terminal,"Birnin Kebbi, Nigeria","Birnin Kebbi, Nigeria",Sapele Terminal → BIRNIN KEBBI,7200.0,synthetic,144.0,8640.0,12,0,0,0,dual_purpose_kerosene,25000.0,tanker,25000.0,1.0,11.0,31.5,20.5,36.68,488.0,Synthetic Customer - Birnin Kebbi,8640.0,2025-10-26T12:07:29.956114+00:00
2d769c9f-d048-440a-893f-edbdd06c6ca9,SYN-WB-E0B5FB7906,Gwagwalada Terminal,"Kwara, Nigeria","Kwara, Nigeria",Gwagwalada Terminal → KWARA,3600.0,synthetic,72.0,4320.0,1,5,1,0,polymer_modified_bitumen,35000.0,tanker,40000.0,0.875,13.5,42.2,28.7,30.11,118.0,Synthetic Customer - Kwara,4320.0,2025-09-23T01:59:29.956114+00:00
ff5f48e8-aab7-4a13-a562-efe0abb2f4ff,SYN-WB-244644068D,PHC Terminal,"Abeokuta, Nigeria","Abeokuta, Nigeria",PHC Terminal → ABEOKUTA,1200.0,synthetic,24.0,1440.0,7,1,0,1,base_oil,20000.0,tanker,20000.0,1.0,13.0,29.4,16.4,33.41,325.0,Synthetic Customer - Abeokuta,1440.0,2025-12-17T07:01:29.956114+00:00
cd34c2da-ab77-4225-8a70-77dbc5f107b5,SYN-WB-BD36A0827D,PHC Terminal,"Okene, Nigeria","Okene, Nigeria",PHC Terminal → OKENE,1500.0,synthetic,30.0,1800.0,13,5,1,0,marine_diesel_oil,30000.0,tanker,35000.0,0.8571,11.5,36.1,24.6,30.94,457.0,Synthetic Customer - Okene,1800.0,2026-01-25T19:59:29.956114+00:00
bb3797ac-2ddf-47f5-9c5e-8f1fcc2a71f3,SYN-WB-8E09EBAD84,Sapele Terminal,"Jos, Nigeria","Jos, Nigeria",Sapele Terminal → JOS,3600.0,synthetic,72.0,4320.0,7,2,0,1,dual_purpose_kerosene,40000.0,tanker,40000.0,1.0,13.0,45.8,32.8,35.18,182.0,Synthetic Customer - Jos,4320.0,2026-08-15T07:02:29.956114+00:00
1d9588dd-2feb-41c1-8c4a-b4cb2463992e,SYN-WB-C28521FAD5,Sapele Terminal,"Yola, Nigeria","Yola, Nigeria",Sapele Terminal → YOLA,4800.0,synthetic,96.0,5760.0,13,0,0,0,bitumen_40_50,35000.0,tanker,40000.0,0.875,12.0,40.7,28.7,35.42,374.0,Synthetic Customer - Yola,5760.0,2026-07-31T13:03:29.956114+00:00
c861006b-5d7d-4449-8c1a-22aaa7c4a37f,SYN-WB-6A6E0DE4E4,Gwagwalada Terminal,"Jalingo, Nigeria","Jalingo, Nigeria",Gwagwalada Terminal → JALINGO,2400.0,synthetic,48.0,2880.0,9,6,1,1,hydraulic_oil,20000.0,tanker,20000.0,1.0,12.0,28.4,16.4,30.68,260.0,Synthetic Customer - Jalingo,2880.0,2026-01-06T09:27:29.956114+00:00
b4e3f135-5df1-4dbf-8f19-eb4f129bf72d,SYN-WB-24CE97D6A1,Gwagwalada Terminal,"Biu, Nigeria","Biu, Nigeria",Gwagwalada Terminal → BIU,2400.0,synthetic,48.0,2880.0,5,4,0,0,household_kerosene,20000.0,tanker,20000.0,1.0,12.0,28.4,16.4,34.54,109.0,Synthetic Customer - Biu,2880.0,2026-04-05T05:23:29.956114+00:00
0053c399-6d15-4cc3-aa3a-7e52cf5db6ed,SYN-WB-05C73953D4,Sapele Terminal,"Benue, Nigeria","Benue, Nigeria",Sapele Terminal → BENUE,2400.0,synthetic,48.0,2880.0,14,4,0,0,crumb_rubber_modified_bitumen,33000.0,tanker,33000.0,1.0,11.0,38.06,27.06,31.04,274.0,Synthetic Customer - Benue,2880.0,2025-12-21T14:16:29.956114+00:00
2d68bdbc-6271-433e-b803-df47ac1c2a55,SYN-WB-FBD61AAFF3,Kano Terminal,"Port Harcourt, Nigeria","Port Harcourt, Nigeria",Kano Terminal → PHC,4800.0,synthetic,96.0,5760.0,2,2,0,0,polymer_modified_bitumen,25000.0,tanker,25000.0,1.0,11.0,31.5,20.5,36.31,325.0,Synthetic Customer - Port Harcourt,5760.0,2026-07-19T02:33:29.956114+00:00
aa61a421-0c40-4410-ac26-37f22a810201,SYN-WB-C5C471D360,Gwagwalada Terminal,"Nasarawa, Nigeria","Nasarawa, Nigeria",Gwagwalada Terminal → NASARAWA,300.0,synthetic,6.0,360.0,0,5,1,0,bitumen_80_100,20000.0,tanker,20000.0,1.0,13.5,29.9,16.4,27.04,325.0,Synthetic Customer - Nasarawa,360.0,2026-05-30T06:44:29.956114+00:00
3048be9e-5c9c-421a-bde5-f03c1124000c,SYN-WB-B07B964F05,Kano Terminal,"Nasarawa, Nigeria","Nasarawa, Nigeria",Kano Terminal → NASARAWA,1200.0,synthetic,24.0,1440.0,12,3,0,0,heavy_fuel_oil,20000.0,tanker,20000.0,1.0,12.0,28.4,16.4,35.73,163.0,Synthetic Customer - Nasarawa,1440.0,2025-09-19T12:17:29.956114+00:00
addccd48-f250-462e-be95-01d63f41009f,SYN-WB-E48211E766,Gwagwalada Terminal,"Yola, Nigeria","Yola, Nigeria",Gwagwalada Terminal → YOLA,2400.0,synthetic,48.0,2880.0,13,0,0,0,heavy_fuel_oil,40000.0,tanker,40000.0,1.0,10.5,43.3,32.8,32.04,425.0,Synthetic Customer - Yola,2880.0,2025-11-26T13:04:29.956114+00:00
9373d111-0e7e-4d2b-9a4c-4205271b88b4,SYN-WB-F90A1C9111,Sapele Terminal,"Kano, Nigeria","Kano, Nigeria",Sapele Terminal → KANO,3600.0,synthetic,72.0,4320.0,5,2,0,0,transmission_fluid,35000.0,tanker,40000.0,0.875,10.5,39.2,28.7,33.36,183.0,Synthetic Customer - Kano,4320.0,2026-04-11T05:42:29.956114+00:00
c7fa24af-7a7b-4434-90be-227a01a80741,SYN-WB-50DBE34ED2,Sapele Terminal,"Osun, Nigeria","Osun, Nigeria",Sapele Terminal → OSUN,1200.0,synthetic,24.0,1440.0,7,6,1,1,grease,40000.0,tanker,40000.0,1.0,13.5,46.3,32.8,29.97,320.0,Synthetic Customer - Osun,1440.0,2026-07-27T07:33:29.956114+00:00
8eb65aeb-65cb-48d2-a3c4-43b0096c9777,SYN-WB-19CCB7B701,PHC Terminal,"Jalingo, Nigeria","Jalingo, Nigeria",PHC Terminal → JALINGO,3600.0,synthetic,72.0,4320.0,11,3,0,0,base_oil,35000.0,tanker,35000.0,1.0,13.0,41.7,28.7,33.26,452.0,Synthetic Customer - Jalingo,4320.0,2026-02-01T11:31:29.956114+00:00
1ac98fdc-37a9-4710-8a6d-57d5cf910212,SYN-WB-104F85BB76,Sapele Terminal,"Jigawa, Nigeria","Jigawa, Nigeria",Sapele Terminal → JIGAWA,4800.0,synthetic,96.0,5760.0,4,4,0,0,bitumen_60_70,20000.0,tanker,40000.0,0.5,11.0,27.4,16.4,29.2,126.0,Synthetic Customer - Jigawa,5760.0,2025-12-16T04:45:29.956114+00:00
29dfb29a-9813-4f46-bd3d-590682c0b92f,SYN-WB-5918DA779E,Gwagwalada Terminal,"Benue, Nigeria","Benue, Nigeria",Gwagwalada Terminal → BENUE,1200.0,synthetic,24.0,1440.0,11,2,0,0,bitumen_60_70,25000.0,tanker,25000.0,1.0,13.0,33.5,20.5,33.38,459.0,Synthetic Customer - Benue,1440.0,2025-10-02T11:20:29.956114+00:00
d79ac06f-8285-4d5e-a463-17430c87b433,SYN-WB-70DE53F22D,PHC Terminal,"Uyo, Nigeria","Uyo, Nigeria",PHC Terminal → UYO,400.0,synthetic,8.0,480.0,6,6,1,0,polymer_modified_bitumen,20000.0,tanker,20000.0,1.0,13.0,29.4,16.4,37.44,366.0,Synthetic Customer - Uyo,480.0,2026-05-24T14:42:29.956114+00:00
dc970c4e-16e9-49f2-8bd3-46ef99296520,SYN-WB-49DA8438E7,PHC Terminal,"Nasarawa, Nigeria","Nasarawa, Nigeria",PHC Terminal → NASARAWA,1400.0,synthetic,28.0,1680.0,1,2,0,0,liquefied_natural_gas,25000.0,tanker,25000.0,1.0,13.5,34.0,20.5,27.4,289.0,Synthetic Customer - Nasarawa,1680.0,2026-06-11T05:26:29.956114+00:00
2efc51c3-6de7-4c86-88f0-7be239c620c4,SYN-WB-C9C6E6E444,Gwagwalada Terminal,"Nasarawa, Nigeria","Nasarawa, Nigeria",Gwagwalada Terminal → NASARAWA,300.0,synthetic,6.0,360.0,5,6,1,0,premium_motor_spirit,20000.0,tanker,20000.0,1.0,11.5,27.9,16.4,33.78,361.0,Synthetic Customer - Nasarawa,360.0,2026-01-18T11:06:29.956114+00:00
d306ced5-4329-4b90-98c9-f5a566bc59b7,SYN-WB-C03E7814FC,Sapele Terminal,"Bauchi, Nigeria","Bauchi, Nigeria",Sapele Terminal → BAUCHI,3600.0,synthetic,72.0,4320.0,4,3,0,0,bitumen_60_70,30000.0,tanker,40000.0,0.75,11.0,35.6,24.6,25.13,106.0,Synthetic Customer - Bauchi,4320.0,2025-09-21T04:16:29.956114+00:00
3b77a0cf-c885-43b0-8933-7232717e23ea,SYN-WB-28268E7F1B,Gwagwalada Terminal,"Anambra, Nigeria","Anambra, Nigeria",Gwagwalada Terminal → ANAMBRA,1200.0,synthetic,24.0,1440.0,10,4,0,0,household_kerosene,35000.0,tanker,35000.0,1.0,13.0,41.7,28.7,26.13,440.0,Synthetic Customer - Anambra,1440.0,2026-02-21T10:45:29.956114+00:00
9f2bec25-8a54-4144-8d9f-08cd06963577,SYN-WB-0687BC065E,Sapele Terminal,"Ekiti, Nigeria","Ekiti, Nigeria",Sapele Terminal → EKITI,1300.0,synthetic,26.0,1560.0,10,3,0,0,solvent,20000.0,tanker,40000.0,0.5,10.5,26.9,16.4,30.15,367.0,Synthetic Customer - Ekiti,1560.0,2026-04-17T12:43:29.956114+00:00
a7590ab8-2645-4591-b862-b87bc062c7f4,SYN-WB-1A8DF334FF,Sapele Terminal,"Borno, Nigeria","Borno, Nigeria",Sapele Terminal → BORNO,4800.0,synthetic,96.0,5760.0,10,5,1,0,engine_oil,33000.0,tanker,33000.0,1.0,10.5,37.56,27.06,37.88,145.0,Synthetic Customer - Borno,5760.0,2025-10-08T10:00:29.956114+00:00
9ff01e72-fce1-47d3-867a-c36b3c9d16cd,SYN-WB-D38D3F74D7,Gwagwalada Terminal,"Kwara, Nigeria","Kwara, Nigeria",Gwagwalada Terminal → KWARA,3600.0,synthetic,72.0,4320.0,6,0,0,0,bitumen_60_70,25000.0,tanker,25000.0,1.0,12.0,32.5,20.5,33.24,459.0,Synthetic Customer - Kwara,4320.0,2026-03-26T06:19:29.956114+00:00
a3a0e538-f960-45db-96f3-7965f0081a25,SYN-WB-6DC1AE80A4,PHC Terminal,"Abeokuta, Nigeria","Abeokuta, Nigeria",PHC Terminal → ABEOKUTA,1200.0,synthetic,24.0,1440.0,2,5,1,0,natural_gas,20000.0,tanker,20000.0,1.0,12.0,28.4,16.4,30.28,154.0,Synthetic Customer - Abeokuta,1440.0,2025-10-26T02:19:29.956114+00:00
d946a03b-abfd-4f5f-bd3e-f29f829622e3,SYN-WB-68543C3672,Sapele Terminal,"Zamfara, Nigeria","Zamfara, Nigeria",Sapele Terminal → ZAMFARA,4800.0,synthetic,96.0,5760.0,13,1,0,0,bitumen_80_100,35000.0,tanker,40000.0,0.875,10.5,39.2,28.7,31.75,312.0,Synthetic Customer - Zamfara,5760.0,2025-11-01T13:39:29.956114+00:00
d01ad610-f269-4639-92d0-222c745c886e,SYN-WB-94B8E767DE,PHC Terminal,"Mokwa, Nigeria","Mokwa, Nigeria",PHC Terminal → MOKWA,4800.0,synthetic,96.0,5760.0,12,4,0,0,dual_purpose_kerosene,30000.0,tanker,35000.0,0.8571,12.5,37.1,24.6,35.57,443.0,Synthetic Customer - Mokwa,5760.0,2026-07-21T12:30:29.956114+00:00
8dc1ad7c-f3b7-4b37-84a7-924e8fba6dd7,SYN-WB-D75E17FC5D,PHC Terminal,"Gusau, Nigeria","Gusau, Nigeria",PHC Terminal → GUSAU,4800.0,synthetic,96.0,5760.0,9,0,0,1,automotive_gas_oil,20000.0,tanker,40000.0,0.5,13.0,29.4,16.4,25.68,492.0,Synthetic Customer - Gusau,5760.0,2025-11-28T09:24:29.956114+00:00
0897048a-d4be-4a9a-92b8-ccabb83ba895,SYN-WB-F5CB6A38CE,Sapele Terminal,"Zamfara, Nigeria","Zamfara, Nigeria",Sapele Terminal → ZAMFARA,4800.0,synthetic,96.0,5760.0,11,5,1,0,premium_motor_spirit,25000.0,tanker,33000.0,0.7576,13.0,33.5,20.5,34.05,317.0,Synthetic Customer - Zamfara,5760.0,2025-09-17T11:21:29.956114+00:00
004be0d1-1b61-4d30-8b1e-52daa7cac8a0,SYN-WB-F89C5B2CAF,Kano Terminal,"Bauchi, Nigeria","Bauchi, Nigeria",Kano Terminal → BAUCHI,500.0,synthetic,10.0,600.0,3,6,1,0,transmission_fluid,20000.0,tanker,20000.0,1.0,11.0,27.4,16.4,26.31,373.0,Synthetic Customer - Bauchi,600.0,2026-06-07T13:48:29.956114+00:00
cc7766eb-4b26-4d8a-8191-fc4f680b01d4,SYN-WB-B1C89DF786,PHC Terminal,"Ebonyi, Nigeria","Ebonyi, Nigeria",PHC Terminal → EBONYI,1200.0,synthetic,24.0,1440.0,1,0,0,0,household_kerosene,20000.0,tanker,20000.0,1.0,10.5,26.9,16.4,30.08,283.0,Synthetic Customer - Ebonyi,1440.0,2025-10-07T01:58:29.956114+00:00
3ad8d372-7664-4949-878a-c2fe29797280,SYN-WB-C92B0F12AE,Sapele Terminal,FUTUA,FUTUA,Sapele Terminal → FUTUA,4800.0,synthetic,96.0,5760.0,8,2,0,1,marine_diesel_oil,33000.0,tanker,33000.0,1.0,12.0,39.06,27.06,25.39,477.0,Synthetic Customer - Futua,5760.0,2026-03-15T08:05:29.956114+00:00
5b9fec0d-0235-4c37-ad64-f55baf89060c,SYN-WB-B844A6719F,Sapele Terminal,FUTUA,FUTUA,Sapele Terminal → FUTUA,4800.0,synthetic,96.0,5760.0,3,4,0,0,household_kerosene,25000.0,tanker,25000.0,1.0,12.0,32.5,20.5,26.82,380.0,Synthetic Customer - Futua,5760.0,2025-10-21T03:06:29.956114+00:00
7048f703-a597-4043-a3a2-9a3df7e5bb2f,SYN-WB-37AC5DACE0,Kano Terminal,"Gombe, Nigeria","Gombe, Nigeria",Kano Terminal → GOMBE,1200.0,synthetic,24.0,1440.0,1,3,0,0,gear_oil,20000.0,tanker,20000.0,1.0,10.5,26.9,16.4,28.1,372.0,Synthetic Customer - Gombe,1440.0,2026-07-31T01:10:29.956114+00:00
2432e2d1-3f99-4df2-a65f-1a1db9137b07,SYN-WB-2AA895F69A,Gwagwalada Terminal,"Kano, Nigeria","Kano, Nigeria",Gwagwalada Terminal → KANO,1200.0,synthetic,24.0,1440.0,7,0,0,1,cutback_bitumen,20000.0,tanker,40000.0,0.5,12.0,28.4,16.4,33.31,396.0,Synthetic Customer - Kano,1440.0,2026-07-28T07:20:29.956114+00:00
e7ac5a9f-1515-4a29-a7cc-ec048da3cee2,SYN-WB-973FEDE18C,PHC Terminal,"Abuja, Nigeria","Abuja, Nigeria",PHC Terminal → ABUJA,2400.0,synthetic,48.0,2880.0,13,0,0,0,household_kerosene,25000.0,tanker,25000.0,1.0,13.5,34.0,20.5,29.07,196.0,Synthetic Customer - Abuja,2880.0,2026-05-27T13:59:29.956114+00:00
22c19c2b-ccc0-46e1-9dd4-50311c4b1570,SYN-WB-32C39FE1CC,Sapele Terminal,"Damaturu, Nigeria","Damaturu, Nigeria",Sapele Terminal → DAMATURU,6000.0,synthetic,120.0,7200.0,5,5,1,0,bitumen_80_100,40000.0,tanker,40000.0,1.0,11.0,43.8,32.8,29.76,401.0,Synthetic Customer - Damaturu,7200.0,2025-11-27T05:44:29.956114+00:00
6a435923-0957-4089-8afa-27dfbc479a86,SYN-WB-61B951F65A,Kano Terminal,"Lagos, Nigeria","Lagos, Nigeria",Kano Terminal → LAGOS,3600.0,synthetic,72.0,4320.0,0,3,0,0,marine_diesel_oil,35000.0,tanker,35000.0,1.0,13.5,42.2,28.7,29.64,115.0,Synthetic Customer - Lagos,4320.0,2026-07-12T00:59:29.956114+00:00
eae1ec90-d432-469a-a2d2-b3e680fa4235,SYN-WB-5DF77916A6,Sapele Terminal,"Nasarawa, Nigeria","Nasarawa, Nigeria",Sapele Terminal → NASARAWA,3600.0,synthetic,72.0,4320.0,7,6,1,1,automotive_gas_oil,35000.0,tanker,40000.0,0.875,11.0,39.7,28.7,33.41,330.0,Synthetic Customer - Nasarawa,4320.0,2026-03-18T07:40:29.956114+00:00
869ea0a4-8dea-4a07-b317-2da69290f8a6,SYN-WB-78E0F1CECE,Sapele Terminal,"Osun, Nigeria","Osun, Nigeria",Sapele Terminal → OSUN,1200.0,synthetic,24.0,1440.0,10,3,0,0,anionic_bitumen_emulsion,25000.0,tanker,25000.0,1.0,11.5,32.0,20.5,27.63,345.0,Synthetic Customer - Osun,1440.0,2025-10-10T10:29:29.956114+00:00
9efb141e-7469-491a-9261-9a40ffa5a97f,SYN-WB-62396EE9A7,Sapele Terminal,"Osun, Nigeria","Osun, Nigeria",Sapele Terminal → OSUN,1200.0,synthetic,24.0,1440.0,1,6,1,0,gear_oil,33000.0,tanker,40000.0,0.825,13.0,40.06,27.06,37.36,144.0,Synthetic Customer - Osun,1440.0,2026-01-26T01:18:29.956114+00:00
ce0c02e7-5e6a-46ed-a9ac-5e6b70799ce5,SYN-WB-B9B5B78055,PHC Terminal,"Ilorin, Nigeria","Ilorin, Nigeria",PHC Terminal → ILORIN,1200.0,synthetic,24.0,1440.0,7,5,1,1,liquefied_natural_gas,20000.0,tanker,20000.0,1.0,13.0,29.4,16.4,33.67,198.0,Synthetic Customer - Ilorin,1440.0,2025-08-17T07:26:29.956114+00:00
b654610c-f4b7-4d6b-b73b-e643d802a2ea,SYN-WB-6ACC676BAE,Kano Terminal,"Bauchi, Nigeria","Bauchi, Nigeria",Kano Terminal → BAUCHI,500.0,synthetic,10.0,600.0,6,3,0,0,marine_gas_oil,35000.0,tanker,35000.0,1.0,11.5,40.2,28.7,33.94,294.0,Synthetic Customer - Bauchi,600.0,2025-09-11T16:34:29.956114+00:00
dd0bcc5d-aa7a-4fcd-9053-514d9d5ad165,SYN-WB-37E5CFB2BF,Sapele Terminal,"Katsina, Nigeria","Katsina, Nigeria",Sapele Terminal → KATSINA,4800.0,synthetic,96.0,5760.0,12,4,0,0,household_kerosene,33000.0,tanker,40000.0,0.825,12.0,39.06,27.06,32.5,304.0,Synthetic Customer - Katsina,5760.0,2026-02-10T12:08:29.956114+00:00
82f410a1-6c84-4343-a4fa-7c3d459880b6,SYN-WB-BFFEBAEC74,PHC Terminal,"Biu, Nigeria","Biu, Nigeria",PHC Terminal → BIU,3600.0,synthetic,72.0,4320.0,7,5,1,1,household_kerosene,20000.0,tanker,20000.0,1.0,10.5,26.9,16.4,37.36,426.0,Synthetic Customer - Biu,4320.0,2026-08-04T07:48:29.956114+00:00
9aee1b54-c00c-44d8-935a-e7ab7e67512b,SYN-WB-3332456DDC,Kano Terminal,"Benue, Nigeria","Benue, Nigeria",Kano Terminal → BENUE,2400.0,synthetic,48.0,2880.0,1,2,0,0,bitumen_40_50,20000.0,tanker,20000.0,1.0,13.5,29.9,16.4,33.28,442.0,Synthetic Customer - Benue,2880.0,2026-04-10T01:46:29.956114+00:00
c8cbaaf8-ef5b-4c86-8d2e-6e3a943b2281,SYN-WB-E98B7D3250,Gwagwalada Terminal,"Sokoto, Nigeria","Sokoto, Nigeria",Gwagwalada Terminal → SOKOTO,2400.0,synthetic,48.0,2880.0,4,1,0,0,marine_gas_oil,33000.0,tanker,35000.0,0.9429,12.5,39.56,27.06,27.86,122.0,Synthetic Customer - Sokoto,2880.0,2026-07-09T04:25:29.956114+00:00
45882ba4-06b7-49f8-8ff7-38fc79be2120,SYN-WB-B97DE060C3,PHC Terminal,"Nasarawa, Nigeria","Nasarawa, Nigeria",PHC Terminal → NASARAWA,1400.0,synthetic,28.0,1680.0,5,0,0,0,dual_purpose_kerosene,33000.0,tanker,35000.0,0.9429,11.0,38.06,27.06,32.72,376.0,Synthetic Customer - Nasarawa,1680.0,2026-06-30T09:30:29.956114+00:00
724b2fdc-0bc1-4daf-bc33-07678eb6f21a,SYN-WB-ECC53D404F,PHC Terminal,"Kano, Nigeria","Kano, Nigeria",PHC Terminal → KANO,3600.0,synthetic,72.0,4320.0,11,1,0,0,heavy_fuel_oil,33000.0,tanker,35000.0,0.9429,13.5,40.56,27.06,32.01,218.0,Synthetic Customer - Kano,4320.0,2026-07-17T11:17:29.956114+00:00
74ddc0b6-303f-40e8-b2b2-aff269641bcb,SYN-WB-40A6C3DF02,Sapele Terminal,"Uyo, Nigeria","Uyo, Nigeria",Sapele Terminal → UYO,1350.0,synthetic,27.0,1620.0,7,6,1,1,solvent,33000.0,tanker,33000.0,1.0,12.0,39.06,27.06,29.76,363.0,Synthetic Customer - Uyo,1620.0,2025-12-08T10:47:29.956114+00:00
ff8d600e-9408-4a52-bac5-dbfab4501d10,SYN-WB-4501D495AB,Gwagwalada Terminal,"Kaduna, Nigeria","Kaduna, Nigeria",Gwagwalada Terminal → KADUNA,300.0,synthetic,6.0,360.0,14,3,0,0,base_oil,30000.0,tanker,40000.0,0.75,13.5,38.1,24.6,32.1,317.0,Synthetic Customer - Kaduna,360.0,2026-05-21T20:30:29.956114+00:00
5ec65a97-7f03-4253-9c3e-c9887acf002c,SYN-WB-1E134FF007,PHC Terminal,"Zamfara, Nigeria","Zamfara, Nigeria",PHC Terminal → ZAMFARA,4800.0,synthetic,96.0,5760.0,3,6,1,0,liquefied_natural_gas,20000.0,tanker,40000.0,0.5,11.5,27.9,16.4,32.46,371.0,Synthetic Customer - Zamfara,5760.0,2026-06-25T03:38:29.956114+00:00
7f4838d8-c83d-4c25-8e6e-d39a5f9fddd1,SYN-WB-D26375CEBB,Kano Terminal,"Birnin Kebbi, Nigeria","Birnin Kebbi, Nigeria",Kano Terminal → BIRNIN KEBBI,2400.0,synthetic,48.0,2880.0,3,4,0,0,premium_motor_spirit,20000.0,tanker,20000.0,1.0,11.5,27.9,16.4,33.8,233.0,Synthetic Customer - Birnin Kebbi,2880.0,2026-02-01T03:34:29.956114+00:00
95fecad2-5cad-49ba-81fb-cacb0056983f,SYN-WB-DB868F8FEE,Kano Terminal,"Sapele, Nigeria","Sapele, Nigeria",Kano Terminal → SAPELE,3600.0,synthetic,72.0,4320.0,13,5,1,0,cationic_bitumen_emulsion,35000.0,tanker,35000.0,1.0,11.0,39.7,28.7,27.45,392.0,Synthetic Customer - Sapele,4320.0,2026-07-21T13:40:29.956114+00:00
35bb004a-f7dd-486f-a228-567a0a6e578b,SYN-WB-52122642D2,Gwagwalada Terminal,"Damaturu, Nigeria","Damaturu, Nigeria",Gwagwalada Terminal → DAMATURU,2400.0,synthetic,48.0,2880.0,6,6,1,0,bitumen_60_70,20000.0,tanker,25000.0,0.8,10.5,26.9,16.4,25.08,159.0,Synthetic Customer - Damaturu,2880.0,2026-06-23T06:19:29.956114+00:00
cbedb242-cf54-45fe-a18b-1f2a9ccfb237,SYN-WB-CDF4121EC8,Kano Terminal,"Damaturu, Nigeria","Damaturu, Nigeria",Kano Terminal → DAMATURU,1200.0,synthetic,24.0,1440.0,14,3,0,0,paraffin_wax,20000.0,tanker,20000.0,1.0,13.5,29.9,16.4,28.02,343.0,Synthetic Customer - Damaturu,1440.0,2026-07-10T14:53:29.956114+00:00
3b962ecb-1bd3-4094-a221-6100e0b78513,SYN-WB-AEB2AA2A67,Kano Terminal,FUTUA,FUTUA,Kano Terminal → FUTUA,300.0,synthetic,6.0,360.0,6,1,0,0,gear_oil,20000.0,tanker,20000.0,1.0,13.0,29.4,16.4,29.75,156.0,Synthetic Customer - Futua,360.0,2025-11-04T12:31:29.956114+00:00
d0494e59-b085-4532-9ba0-b3c6fa94c374,SYN-WB-B518DBC6B9,PHC Terminal,"Uyo, Nigeria","Uyo, Nigeria",PHC Terminal → UYO,400.0,synthetic,8.0,480.0,14,0,0,0,engine_oil,20000.0,tanker,20000.0,1.0,13.0,29.4,16.4,26.39,104.0,Synthetic Customer - Uyo,480.0,2026-01-26T22:03:29.956114+00:00
088b8b6f-3139-47df-997b-a19067f43e34,SYN-WB-FC344A8296,PHC Terminal,"Mubi, Nigeria","Mubi, Nigeria",PHC Terminal → MUBI,4800.0,synthetic,96.0,5760.0,13,6,1,0,low_pour_fuel_oil,35000.0,tanker,40000.0,0.875,13.0,41.7,28.7,25.08,186.0,Synthetic Customer - Mubi,5760.0,2026-02-12T13:41:29.956114+00:00
54746b62-eb63-41bd-bbfc-a0f30e94bab2,SYN-WB-5B1AF5D26A,Gwagwalada Terminal,"Katsina, Nigeria","Katsina, Nigeria",Gwagwalada Terminal → KATSINA,2400.0,synthetic,48.0,2880.0,12,4,0,0,natural_gas,33000.0,tanker,40000.0,0.825,12.0,39.06,27.06,29.19,355.0,Synthetic Customer - Katsina,2880.0,2026-06-28T12:24:29.956114+00:00
6ccbea16-d92a-4dca-be36-f2c2282fdc5a,SYN-WB-00600D4D50,Sapele Terminal,"Ilorin, Nigeria","Ilorin, Nigeria",Sapele Terminal → ILORIN,1450.0,synthetic,29.0,1740.0,1,0,0,0,bitumen_60_70,25000.0,tanker,40000.0,0.625,13.0,33.5,20.5,31.99,269.0,Synthetic Customer - Ilorin,1740.0,2026-04-14T06:37:29.956114+00:00
bc77feba-3d92-401f-a54c-fc731aef9f10,SYN-WB-6C6D478311,PHC Terminal,"Taraba, Nigeria","Taraba, Nigeria",PHC Terminal → TARABA,2400.0,synthetic,48.0,2880.0,10,2,0,0,automotive_gas_oil,30000.0,tanker,40000.0,0.75,13.5,38.1,24.6,29.64,499.0,Synthetic Customer - Taraba,2880.0,2026-01-23T10:07:29.956114+00:00
a7320263-e2d9-4868-b137-a2ef41218e24,SYN-WB-8A6D41E085,Gwagwalada Terminal,"Epe, Nigeria","Epe, Nigeria",Gwagwalada Terminal → EPE,4800.0,synthetic,96.0,5760.0,3,4,0,0,base_oil,20000.0,tanker,20000.0,1.0,11.5,27.9,16.4,26.16,191.0,Synthetic Customer - Epe,5760.0,2026-01-27T03:34:29.956114+00:00
7f04fcbb-eafe-4269-95ae-00a48a5e53ee,SYN-WB-9C18038546,PHC Terminal,"Jigawa, Nigeria","Jigawa, Nigeria",PHC Terminal → JIGAWA,3600.0,synthetic,72.0,4320.0,1,5,1,0,marine_gas_oil,35000.0,tanker,35000.0,1.0,12.5,41.2,28.7,35.8,153.0,Synthetic Customer - Jigawa,4320.0,2026-07-07T01:10:29.956114+00:00
4c545a99-d0f1-4778-a1ba-2e9b29531dc6,SYN-WB-CDDA698DED,PHC Terminal,"Jebba, Nigeria","Jebba, Nigeria",PHC Terminal → JEBBA,2400.0,synthetic,48.0,2880.0,5,4,0,0,marine_diesel_oil,25000.0,tanker,40000.0,0.625,13.0,33.5,20.5,35.59,327.0,Synthetic Customer - Jebba,2880.0,2026-06-21T05:56:29.956114+00:00
e2b0d96c-bd8d-47fd-ba9b-3d08bbf98924,SYN-WB-5F48F048FE,Kano Terminal,"Lagos, Nigeria","Lagos, Nigeria",Kano Terminal → LAGOS,3600.0,synthetic,72.0,4320.0,8,5,1,1,bitumen_40_50,20000.0,tanker,25000.0,0.8,13.5,29.9,16.4,37.32,173.0,Synthetic Customer - Lagos,4320.0,2026-08-11T08:02:29.956114+00:00
530611f3-21e6-4cd3-8582-c1a1ea40b8ce,SYN-WB-7183B67C4F,Sapele Terminal,"Enugu, Nigeria","Enugu, Nigeria",Sapele Terminal → ENUGU,1200.0,synthetic,24.0,1440.0,12,5,1,0,bitumen_60_70,25000.0,tanker,25000.0,1.0,12.0,32.5,20.5,31.26,345.0,Synthetic Customer - Enugu,1440.0,2026-06-21T12:05:29.956114+00:00
510fe012-d5e0-4f16-9c81-d7df872658b0,SYN-WB-F35A738386,Kano Terminal,"Jalingo, Nigeria","Jalingo, Nigeria",Kano Terminal → JALINGO,2400.0,synthetic,48.0,2880.0,15,6,1,0,cutback_bitumen,20000.0,tanker,20000.0,1.0,12.5,28.9,16.4,36.56,402.0,Synthetic Customer - Jalingo,2880.0,2026-07-21T15:20:29.956114+00:00
2cefd1ae-0669-4855-a817-eed6b410ef3d,SYN-WB-4BD98DE72C,Gwagwalada Terminal,"Mubi, Nigeria","Mubi, Nigeria",Gwagwalada Terminal → MUBI,3600.0,synthetic,72.0,4320.0,3,5,1,0,aviation_turbine_kerosene,25000.0,tanker,35000.0,0.7143,11.0,31.5,20.5,25.89,388.0,Synthetic Customer - Mubi,4320.0,2026-03-03T03:27:29.956114+00:00
63b8ac60-39fc-4dca-9043-951dacd8ac77,SYN-WB-49357080F6,Gwagwalada Terminal,"Bida, Nigeria","Bida, Nigeria",Gwagwalada Terminal → BIDA,1200.0,synthetic,24.0,1440.0,6,0,0,0,bitumen_60_70,33000.0,tanker,35000.0,0.9429,13.5,40.56,27.06,28.64,301.0,Synthetic Customer - Bida,1440.0,2026-01-27T06:13:29.956114+00:00
b1f78401-85c8-4f2a-9028-5906b52a0dbd,SYN-WB-B6C6F78890,Kano Terminal,"Birnin Kebbi, Nigeria","Birnin Kebbi, Nigeria",Kano Terminal → BIRNIN KEBBI,2400.0,synthetic,48.0,2880.0,5,3,0,0,heavy_fuel_oil,25000.0,tanker,25000.0,1.0,11.5,32.0,20.5,29.59,224.0,Synthetic Customer - Birnin Kebbi,2880.0,2026-04-25T05:56:29.956114+00:00
f1e1be7b-e535-46d2-ab07-193879424f35,SYN-WB-20D3A32069,Gwagwalada Terminal,"Osogbo, Nigeria","Osogbo, Nigeria",Gwagwalada Terminal → OSOGBO,3600.0,synthetic,72.0,4320.0,10,0,0,0,transmission_fluid,25000.0,tanker,25000.0,1.0,13.5,34.0,20.5,32.29,163.0,Synthetic Customer - Osogbo,4320.0,2026-01-08T10:24:29.956114+00:00
3f1a297a-1545-44ec-86cc-1d80db081c2f,SYN-WB-0B6052EEBE,Gwagwalada Terminal,"Mowe, Nigeria","Mowe, Nigeria",Gwagwalada Terminal → MOWE,2400.0,synthetic,48.0,2880.0,2,0,0,0,marine_gas_oil,25000.0,tanker,35000.0,0.7143,13.5,34.0,20.5,31.4,202.0,Synthetic Customer - Mowe,2880.0,2026-02-04T02:45:29.956114+00:00
ba04ba9f-f76b-45b0-ad8d-05dea9f0ddd7,SYN-WB-0EA40A3257,Sapele Terminal,"Bauchi, Nigeria","Bauchi, Nigeria",Sapele Terminal → BAUCHI,3600.0,synthetic,72.0,4320.0,4,6,1,0,cationic_bitumen_emulsion,20000.0,tanker,25000.0,0.8,10.5,26.9,16.4,33.77,310.0,Synthetic Customer - Bauchi,4320.0,2026-01-14T04:57:29.956114+00:00
ade685b7-22e9-400c-935c-526b258a3d09,SYN-WB-4589480F53,Sapele Terminal,"Gombe, Nigeria","Gombe, Nigeria",Sapele Terminal → GOMBE,6000.0,synthetic,120.0,7200.0,4,5,1,0,household_kerosene,40000.0,tanker,40000.0,1.0,12.0,44.8,32.8,37.4,260.0,Synthetic Customer - Gombe,7200.0,2026-05-21T04:26:29.956114+00:00
49b1dc8d-d9e4-4e7d-92dc-e0368d9da2dd,SYN-WB-C678A6AC36,Gwagwalada Terminal,"Umuahia, Nigeria","Umuahia, Nigeria",Gwagwalada Terminal → UMUAHIA,2400.0,synthetic,48.0,2880.0,14,1,0,0,compressed_natural_gas,35000.0,tanker,35000.0,1.0,10.5,39.2,28.7,33.87,322.0,Synthetic Customer - Umuahia,2880.0,2026-06-25T14:18:29.956114+00:00
7a4d6a46-5d30-4b89-943a-7755660014eb,SYN-WB-D57978B624,Sapele Terminal,"Borno, Nigeria","Borno, Nigeria",Sapele Terminal → BORNO,4800.0,synthetic,96.0,5760.0,10,0,0,0,transmission_fluid,20000.0,tanker,20000.0,1.0,13.5,29.9,16.4,32.08,175.0,Synthetic Customer - Borno,5760.0,2026-06-05T10:08:29.956114+00:00
37ada02e-a5c8-4ea2-a879-dbbda6375345,SYN-WB-CA4958C354,Gwagwalada Terminal,"Kaduna, Nigeria","Kaduna, Nigeria",Gwagwalada Terminal → KADUNA,300.0,synthetic,6.0,360.0,2,0,0,0,heavy_fuel_oil,25000.0,tanker,40000.0,0.625,13.0,33.5,20.5,34.78,487.0,Synthetic Customer - Kaduna,360.0,2025-12-29T08:41:29.956114+00:00
b1fecbba-2264-4d38-b6a0-e4cabe113094,SYN-WB-FBC0D937AD,PHC Terminal,"Jebba, Nigeria","Jebba, Nigeria",PHC Terminal → JEBBA,2400.0,synthetic,48.0,2880.0,2,1,0,0,compressed_natural_gas,20000.0,tanker,20000.0,1.0,12.5,28.9,16.4,25.59,302.0,Synthetic Customer - Jebba,2880.0,2026-05-07T02:15:29.956114+00:00
b453217b-afff-4e65-849c-90ab6b6c9658,SYN-WB-C4FE2A1A93,Sapele Terminal,"Damaturu, Nigeria","Damaturu, Nigeria",Sapele Terminal → DAMATURU,6000.0,synthetic,120.0,7200.0,4,4,0,0,cutback_bitumen,40000.0,tanker,40000.0,1.0,10.5,43.3,32.8,29.92,153.0,Synthetic Customer - Damaturu,7200.0,2026-01-07T04:35:29.956114+00:00
7c831c77-7070-4415-880f-6fad8c45420b,SYN-WB-23720508B2,Gwagwalada Terminal,"Umuahia, Nigeria","Umuahia, Nigeria",Gwagwalada Terminal → UMUAHIA,2400.0,synthetic,48.0,2880.0,6,3,0,0,premium_motor_spirit,20000.0,tanker,35000.0,0.5714,11.0,27.4,16.4,37.4,135.0,Synthetic Customer - Umuahia,2880.0,2026-06-06T06:09:29.956114+00:00
b229a4d8-1b10-482b-aa2c-75af555d6b50,SYN-WB-D6B944AB39,Sapele Terminal,"Ogun, Nigeria","Ogun, Nigeria",Sapele Terminal → OGUN,1200.0,synthetic,24.0,1440.0,8,4,0,1,aviation_turbine_kerosene,35000.0,tanker,40000.0,0.875,12.5,41.2,28.7,30.29,397.0,Synthetic Customer - Ogun,1440.0,2026-02-21T08:50:29.956114+00:00
57fa7511-6813-4a29-8407-da7907bdda25,SYN-WB-5F69B05D07,Gwagwalada Terminal,"Lagos, Nigeria","Lagos, Nigeria",Gwagwalada Terminal → LAGOS,3600.0,synthetic,72.0,4320.0,9,0,0,1,marine_gas_oil,40000.0,tanker,40000.0,1.0,11.5,44.3,32.8,25.1,243.0,Synthetic Customer - Lagos,4320.0,2026-07-23T09:09:29.956114+00:00
57a33288-a264-49c3-b3cf-3b695e62c388,SYN-WB-55D047A6B7,Gwagwalada Terminal,"Ondo, Nigeria","Ondo, Nigeria",Gwagwalada Terminal → ONDO,2400.0,synthetic,48.0,2880.0,4,4,0,0,gear_oil,20000.0,tanker,35000.0,0.5714,12.0,28.4,16.4,26.02,250.0,Synthetic Customer - Ondo,2880.0,2025-12-21T04:16:29.956114+00:00
0b9d5e89-ac02-463b-a98e-be38ddea915b,SYN-WB-B0A8249A0F,Sapele Terminal,"Imo, Nigeria","Imo, Nigeria",Sapele Terminal → IMO,1200.0,synthetic,24.0,1440.0,12,6,1,0,gear_oil,20000.0,tanker,20000.0,1.0,11.0,27.4,16.4,29.56,479.0,Synthetic Customer - Imo,1440.0,2025-09-08T12:25:29.956114+00:00
fe6a670a-06fb-44c9-af87-6cd227e00ee7,SYN-WB-E213E6E188,Gwagwalada Terminal,"Biu, Nigeria","Biu, Nigeria",Gwagwalada Terminal → BIU,2400.0,synthetic,48.0,2880.0,1,5,1,0,bitumen_40_50,35000.0,tanker,35000.0,1.0,11.0,39.7,28.7,32.75,297.0,Synthetic Customer - Biu,2880.0,2026-04-27T01:52:29.956114+00:00
ec6c9b91-3663-472e-b57e-4c575f1d08d8,SYN-WB-BB7522B2CE,Sapele Terminal,"Oyo, Nigeria","Oyo, Nigeria",Sapele Terminal → OYO,1200.0,synthetic,24.0,1440.0,12,2,0,0,bitumen_80_100,40000.0,tanker,40000.0,1.0,12.0,44.8,32.8,25.37,234.0,Synthetic Customer - Oyo,1440.0,2026-01-08T12:05:29.956114+00:00
7288298a-1128-4885-a0b0-a093c8337b75,SYN-WB-C2A42CCEDA,PHC Terminal,"Jebba, Nigeria","Jebba, Nigeria",PHC Terminal → JEBBA,2400.0,synthetic,48.0,2880.0,10,1,0,0,cutback_bitumen,20000.0,tanker,40000.0,0.5,12.5,28.9,16.4,28.02,415.0,Synthetic Customer - Jebba,2880.0,2026-06-25T10:14:29.956114+00:00
df986785-4c7f-48c5-81fe-4b0e8f3bcc5e,SYN-WB-37302A27EF,Sapele Terminal,"Zamfara, Nigeria","Zamfara, Nigeria",Sapele Terminal → ZAMFARA,4800.0,synthetic,96.0,5760.0,2,3,0,0,heavy_fuel_oil,33000.0,tanker,40000.0,0.825,11.5,38.56,27.06,32.06,191.0,Synthetic Customer - Zamfara,5760.0,2026-02-23T02:10:29.956114+00:00
c0f43de0-9283-4322-9c94-560e011696c4,SYN-WB-0BD7D5A0A9,PHC Terminal,"Mowe, Nigeria","Mowe, Nigeria",PHC Terminal → MOWE,1200.0,synthetic,24.0,1440.0,1,1,0,0,liquefied_natural_gas,20000.0,tanker,25000.0,0.8,13.0,29.4,16.4,30.53,301.0,Synthetic Customer - Mowe,1440.0,2026-03-18T01:00:29.956114+00:00
527d646b-e2cd-4cbf-bbe7-af2dde28cd01,SYN-WB-D498880FC1,Sapele Terminal,"Sokoto, Nigeria","Sokoto, Nigeria",Sapele Terminal → SOKOTO,6000.0,synthetic,120.0,7200.0,2,3,0,0,bitumen_80_100,30000.0,tanker,33000.0,0.9091,13.0,37.6,24.6,28.7,298.0,Synthetic Customer - Sokoto,7200.0,2026-03-31T02:08:29.956114+00:00
2e657668-8557-4401-b8fa-5df352f3d644,SYN-WB-13457416E9,PHC Terminal,"Enugu, Nigeria","Enugu, Nigeria",PHC Terminal → ENUGU,400.0,synthetic,8.0,480.0,3,2,0,0,transmission_fluid,20000.0,tanker,20000.0,1.0,10.5,26.9,16.4,37.9,275.0,Synthetic Customer - Enugu,480.0,2026-04-29T11:20:29.956114+00:00
4d82fc93-c927-455c-b8ff-d708164c199a,SYN-WB-60D5E17FA5,Sapele Terminal,"Epe, Nigeria","Epe, Nigeria",Sapele Terminal → EPE,1200.0,synthetic,24.0,1440.0,11,0,0,0,marine_diesel_oil,25000.0,tanker,40000.0,0.625,12.5,33.0,20.5,34.62,308.0,Synthetic Customer - Epe,1440.0,2025-10-07T11:35:29.956114+00:00
a8c04e05-9c5a-452b-8af6-6651c4965996,SYN-WB-8C27AA496F,Kano Terminal,"Mubi, Nigeria","Mubi, Nigeria",Kano Terminal → MUBI,2400.0,synthetic,48.0,2880.0,4,6,1,0,transmission_fluid,20000.0,tanker,20000.0,1.0,11.0,27.4,16.4,34.53,281.0,Synthetic Customer - Mubi,2880.0,2025-11-25T04:18:29.956114+00:00
5b820dc8-1917-47e6-a3f3-13b30d410bce,SYN-WB-07EA3EFBD4,PHC Terminal,"Taraba, Nigeria","Taraba, Nigeria",PHC Terminal → TARABA,2400.0,synthetic,48.0,2880.0,12,4,0,0,cutback_bitumen,33000.0,tanker,40000.0,0.825,13.5,40.56,27.06,28.37,248.0,Synthetic Customer - Taraba,2880.0,2026-03-01T12:19:29.956114+00:00
0746e48d-edc3-405f-9dfa-2d2311d1d908,SYN-WB-06F44B09D4,Sapele Terminal,"Jebba, Nigeria","Jebba, Nigeria",Sapele Terminal → JEBBA,2400.0,synthetic,48.0,2880.0,2,3,0,0,low_pour_fuel_oil,40000.0,tanker,40000.0,1.0,13.5,46.3,32.8,32.22,404.0,Synthetic Customer - Jebba,2880.0,2026-03-21T02:20:29.956114+00:00
7e2700fd-ec25-4f1c-9236-3d88522fe160,SYN-WB-5871BCBBCD,PHC Terminal,"Mayo-Belwa, Nigeria","Mayo-Belwa, Nigeria",PHC Terminal → MAYO BELWA,3600.0,synthetic,72.0,4320.0,12,6,1,0,liquefied_natural_gas,20000.0,tanker,20000.0,1.0,13.5,29.9,16.4,33.25,288.0,Synthetic Customer - Mayo-Belwa,4320.0,2025-11-26T12:57:29.956114+00:00
fc2a8b9d-434e-4e23-a818-4e3c5431db59,SYN-WB-013975809F,Sapele Terminal,"Jebba, Nigeria","Jebba, Nigeria",Sapele Terminal → JEBBA,2400.0,synthetic,48.0,2880.0,10,6,1,0,bitumen_40_50,30000.0,tanker,40000.0,0.75,11.5,36.1,24.6,26.47,222.0,Synthetic Customer - Jebba,2880.0,2026-02-24T10:12:29.956114+00:00
7006f900-576b-4d95-ab29-68f4c5403b09,SYN-WB-6563F67B9A,Kano Terminal,"Gombe, Nigeria","Gombe, Nigeria",Kano Terminal → GOMBE,1200.0,synthetic,24.0,1440.0,8,6,1,1,heavy_fuel_oil,25000.0,tanker,25000.0,1.0,13.0,33.5,20.5,37.45,484.0,Synthetic Customer - Gombe,1440.0,2026-07-20T08:18:29.956114+00:00
a98d12c9-947a-4c23-a44b-c4666e49184e,SYN-WB-E0ACA30FE5,Gwagwalada Terminal,"Port Harcourt, Nigeria","Port Harcourt, Nigeria",Gwagwalada Terminal → PHC,3600.0,synthetic,72.0,4320.0,9,1,0,1,natural_gas,25000.0,tanker,25000.0,1.0,12.0,32.5,20.5,31.74,302.0,Synthetic Customer - Port Harcourt,4320.0,2026-06-19T09:53:29.956114+00:00
c04bfef2-2ac9-48a6-a8f5-30f2d59b8afd,SYN-WB-1C4347292F,PHC Terminal,"Osogbo, Nigeria","Osogbo, Nigeria",PHC Terminal → OSOGBO,1200.0,synthetic,24.0,1440.0,12,6,1,0,bitumen_40_50,35000.0,tanker,35000.0,1.0,11.0,39.7,28.7,27.17,314.0,Synthetic Customer - Osogbo,1440.0,2026-04-27T12:32:29.956114+00:00
da80adab-5744-42d9-812b-2eaacf988c80,SYN-WB-52DEAF3027,PHC Terminal,OBURARA,OBURARA,PHC Terminal → OBURARA,1200.0,synthetic,24.0,1440.0,0,6,1,0,bitumen_80_100,40000.0,tanker,40000.0,1.0,11.0,43.8,32.8,29.55,202.0,Synthetic Customer - Oburara,1440.0,2026-01-26T00:35:29.956114+00:00
eb83b6c5-a32c-48fd-994e-2d46862ae51d,SYN-WB-B8331357C2,Sapele Terminal,"Ebonyi, Nigeria","Ebonyi, Nigeria",Sapele Terminal → EBONYI,1200.0,synthetic,24.0,1440.0,10,6,1,0,dual_purpose_kerosene,20000.0,tanker,25000.0,0.8,13.5,29.9,16.4,33.53,325.0,Synthetic Customer - Ebonyi,1440.0,2026-01-19T10:55:29.956114+00:00
1f001a3a-116a-4a67-9b8c-582dfeb5d0bb,SYN-WB-2F6EE14FA9,Gwagwalada Terminal,FUTUA,FUTUA,Gwagwalada Terminal → FUTUA,1200.0,synthetic,24.0,1440.0,5,4,0,0,engine_oil,33000.0,tanker,35000.0,0.9429,13.5,40.56,27.06,25.04,271.0,Synthetic Customer - Futua,1440.0,2026-04-11T05:47:29.956114+00:00
ea0c107b-e445-497f-acf2-7f1cdab39770,SYN-WB-61FCBBECC7,Gwagwalada Terminal,"Biu, Nigeria","Biu, Nigeria",Gwagwalada Terminal → BIU,2400.0,synthetic,48.0,2880.0,4,5,1,0,engine_oil,35000.0,tanker,35000.0,1.0,12.0,40.7,28.7,31.53,496.0,Synthetic Customer - Biu,2880.0,2026-02-16T04:08:29.956114+00:00
d37fb58e-9998-4f91-b8f6-82d98cc5decd,SYN-WB-E038B6547B,Gwagwalada Terminal,"Jos, Nigeria","Jos, Nigeria",Gwagwalada Terminal → JOS,1200.0,synthetic,24.0,1440.0,7,1,0,1,automotive_gas_oil,35000.0,tanker,35000.0,1.0,13.5,42.2,28.7,33.24,423.0,Synthetic Customer - Jos,1440.0,2026-02-04T07:38:29.956114+00:00
2535d2f2-8303-46af-84fa-af5487d32992,SYN-WB-266B33C6B4,Sapele Terminal,RIVERS,RIVER,Sapele Terminal → RIVERS,300.0,synthetic,6.0,360.0,1,0,0,0,natural_gas,20000.0,tanker,20000.0,1.0,12.0,28.4,16.4,37.58,386.0,Synthetic Customer - Rivers,360.0,2025-09-08T07:18:29.956114+00:00
149c80d2-e7f3-4dd5-b34c-792acde53bfd,SYN-WB-DB176AE7BD,PHC Terminal,"Sokoto, Nigeria","Sokoto, Nigeria",PHC Terminal → SOKOTO,6000.0,synthetic,120.0,7200.0,5,1,0,0,low_pour_fuel_oil,20000.0,tanker,20000.0,1.0,13.5,29.9,16.4,34.01,124.0,Synthetic Customer - Sokoto,7200.0,2026-03-08T05:10:29.956114+00:00
85fc30b2-0853-4635-94b7-eef82f3b606b,SYN-WB-BB4E3DF49E,Sapele Terminal,"Ondo, Nigeria","Ondo, Nigeria",Sapele Terminal → ONDO,300.0,synthetic,6.0,360.0,10,1,0,0,marine_diesel_oil,35000.0,tanker,40000.0,0.875,13.0,41.7,28.7,29.62,444.0,Synthetic Customer - Ondo,360.0,2025-11-25T16:57:29.956114+00:00
bbf88c42-aba8-4dc9-85af-1e66ff50f999,SYN-WB-697BEECBB0,PHC Terminal,"Maiduguri, Nigeria","Maiduguri, Nigeria",PHC Terminal → MAIDUGURI,6000.0,synthetic,120.0,7200.0,14,0,0,0,compressed_natural_gas,20000.0,tanker,20000.0,1.0,13.5,29.9,16.4,28.99,438.0,Synthetic Customer - Maiduguri,7200.0,2025-12-27T14:22:29.956114+00:00
2fa534d4-cfa0-4479-8110-e424f9735318,SYN-WB-3D92FFBD39,Kano Terminal,"Biu, Nigeria","Biu, Nigeria",Kano Terminal → BIU,1200.0,synthetic,24.0,1440.0,2,3,0,0,household_kerosene,25000.0,tanker,25000.0,1.0,13.0,33.5,20.5,30.4,207.0,Synthetic Customer - Biu,1440.0,2026-05-08T02:44:29.956114+00:00
1e6776e3-5f55-411c-8e02-39d842696ca1,SYN-WB-009EC17ECA,PHC Terminal,"Mowe, Nigeria","Mowe, Nigeria",PHC Terminal → MOWE,1200.0,synthetic,24.0,1440.0,5,6,1,0,marine_diesel_oil,33000.0,tanker,35000.0,0.9429,11.5,38.56,27.06,37.32,348.0,Synthetic Customer - Mowe,1440.0,2026-05-04T05:45:29.956114+00:00
c12ce224-43e7-4ef6-a005-5ebbeaeeb914,SYN-WB-21BE0E8F38,Sapele Terminal,"Oyo, Nigeria","Oyo, Nigeria",Sapele Terminal → OYO,1200.0,synthetic,24.0,1440.0,6,4,0,0,liquefied_natural_gas,35000.0,tanker,40000.0,0.875,11.5,40.2,28.7,27.74,303.0,Synthetic Customer - Oyo,1440.0,2026-04-04T06:31:29.956114+00:00
434d2102-68e9-4f91-972e-9955cb6b9abc,SYN-WB-B68E3DA228,PHC Terminal,"Kaiama, Nigeria","Kaiama, Nigeria",PHC Terminal → KAIAMA,2700.0,synthetic,54.0,3240.0,13,1,0,0,engine_oil,30000.0,tanker,40000.0,0.75,10.5,35.1,24.6,36.71,217.0,Synthetic Customer - Kaiama,3240.0,2026-02-26T19:31:29.956114+00:00
c2c1a337-9de3-40c4-bd69-8234ab687daa,SYN-WB-7697F75FAC,Gwagwalada Terminal,"Sokoto, Nigeria","Sokoto, Nigeria",Gwagwalada Terminal → SOKOTO,2400.0,synthetic,48.0,2880.0,8,6,1,1,aviation_turbine_kerosene,20000.0,tanker,25000.0,0.8,11.5,27.9,16.4,28.99,308.0,Synthetic Customer - Sokoto,2880.0,2025-10-07T08:44:29.956114+00:00
677d65f0-96c5-4e48-a281-f87073b92e57,SYN-WB-4352B547A4,Sapele Terminal,FUTUA,FUTUA,Sapele Terminal → FUTUA,4800.0,synthetic,96.0,5760.0,1,2,0,0,liquefied_natural_gas,33000.0,tanker,40000.0,0.825,12.0,39.06,27.06,33.95,260.0,Synthetic Customer - Futua,5760.0,2025-09-21T01:13:29.956114+00:00
7a3f0617-882b-40b4-8741-0f8ba87e8828,SYN-WB-158DBECB05,Sapele Terminal,"Kontagora, Nigeria","Kontagora, Nigeria",Sapele Terminal → KONTAGORA,4800.0,synthetic,96.0,5760.0,1,5,1,0,bitumen_60_70,25000.0,tanker,25000.0,1.0,11.5,32.0,20.5,36.39,394.0,Synthetic Customer - Kontagora,5760.0,2026-05-06T01:42:29.956114+00:00
15bc1306-9a48-44ad-97e7-d01b733233a6,SYN-WB-3E56678B8D,Gwagwalada Terminal,"Enugu, Nigeria","Enugu, Nigeria",Gwagwalada Terminal → ENUGU,2400.0,synthetic,48.0,2880.0,2,0,0,0,cutback_bitumen,33000.0,tanker,40000.0,0.825,11.5,38.56,27.06,36.41,140.0,Synthetic Customer - Enugu,2880.0,2025-08-27T02:43:29.956114+00:00
cd718748-794a-47e7-b385-e70337975165,SYN-WB-8AC9DC1D7C,Sapele Terminal,"Yola, Nigeria","Yola, Nigeria",Sapele Terminal → YOLA,4800.0,synthetic,96.0,5760.0,3,4,0,0,marine_gas_oil,25000.0,tanker,25000.0,1.0,10.5,31.0,20.5,34.3,472.0,Synthetic Customer - Yola,5760.0,2026-04-28T03:20:29.956114+00:00
911a3af8-84d4-4168-8eae-649e2e13eae0,SYN-WB-AB73BEF997,PHC Terminal,"Aba, Nigeria","Taraba, Nigeria",PHC Terminal → ABA,150.0,synthetic,3.0,180.0,1,0,0,0,marine_gas_oil,20000.0,tanker,20000.0,1.0,10.5,26.9,16.4,31.16,358.0,Synthetic Customer - Taraba,180.0,2025-10-13T04:17:29.956114+00:00
4fa9fed7-a1c7-47f6-9b29-9f2ecbd97ed9,SYN-WB-2554B74CFC,Sapele Terminal,RIVERS,"Port Harcourt, Nigeria",Sapele Terminal → RIVERS,300.0,synthetic,6.0,360.0,0,4,0,0,low_pour_fuel_oil,20000.0,tanker,40000.0,0.5,11.0,27.4,16.4,25.87,331.0,Synthetic Customer - Port Harcourt,360.0,2025-11-21T06:02:29.956114+00:00
ef1b486d-f5bf-401a-a888-eddf92b3a35c,SYN-WB-3E68175604,Gwagwalada Terminal,"Jebba, Nigeria","Jebba, Nigeria",Gwagwalada Terminal → JEBBA,2400.0,synthetic,48.0,2880.0,9,0,0,1,dual_purpose_kerosene,20000.0,tanker,20000.0,1.0,12.0,28.4,16.4,32.21,350.0,Synthetic Customer - Jebba,2880.0,2025-10-29T09:15:29.956114+00:00
94250d02-37e6-44d7-aed2-6b3d7149c4b9,SYN-WB-01ACCCB51C,PHC Terminal,"Gombe, Nigeria","Gombe, Nigeria",PHC Terminal → GOMBE,3600.0,synthetic,72.0,4320.0,1,0,0,0,liquefied_natural_gas,20000.0,tanker,20000.0,1.0,11.5,27.9,16.4,25.57,452.0,Synthetic Customer - Gombe,4320.0,2025-12-04T01:49:29.956114+00:00
a254e2dd-2671-47d0-b025-371d13d67f9a,SYN-WB-82C6040B8E,Sapele Terminal,"Kwara, Nigeria","Kwara, Nigeria",Sapele Terminal → KWARA,2400.0,synthetic,48.0,2880.0,1,6,1,0,grease,40000.0,tanker,40000.0,1.0,12.5,45.3,32.8,34.92,370.0,Synthetic Customer - Kwara,2880.0,2025-11-25T01:28:29.956114+00:00
63e73159-d73d-48a0-97b5-2936723fac19,SYN-WB-915746FBBA,Gwagwalada Terminal,"Gombe, Nigeria","Gombe, Nigeria",Gwagwalada Terminal → GOMBE,2400.0,synthetic,48.0,2880.0,5,2,0,0,paraffin_wax,35000.0,tanker,35000.0,1.0,11.5,40.2,28.7,27.66,336.0,Synthetic Customer - Gombe,2880.0,2026-01-16T05:08:29.956114+00:00
3fedfada-9def-44ce-bbcc-59fa67872376,SYN-WB-6BBD2E274A,Sapele Terminal,"Aba, Nigeria","Taraba, Nigeria",Sapele Terminal → ABA,1200.0,synthetic,24.0,1440.0,13,2,0,0,transmission_fluid,33000.0,tanker,33000.0,1.0,11.5,38.56,27.06,26.14,403.0,Synthetic Customer - Taraba,1440.0,2026-05-28T13:29:29.956114+00:00
6ccf4e63-8be6-4872-8435-ef8ef3890ba0,SYN-WB-FF845DC558,Kano Terminal,"Gombe, Nigeria","Gombe, Nigeria",Kano Terminal → GOMBE,1200.0,synthetic,24.0,1440.0,4,0,0,0,crumb_rubber_modified_bitumen,25000.0,tanker,35000.0,0.7143,11.0,31.5,20.5,35.39,356.0,Synthetic Customer - Gombe,1440.0,2026-05-12T04:23:29.956114+00:00
d3bdb6e6-9615-49f2-b1b0-dbe25bc695da,SYN-WB-36A4A038C7,Sapele Terminal,"Bida, Nigeria","Bida, Nigeria",Sapele Terminal → BIDA,4800.0,synthetic,96.0,5760.0,12,0,0,0,solvent,25000.0,tanker,25000.0,1.0,12.0,32.5,20.5,29.15,338.0,Synthetic Customer - Bida,5760.0,2026-01-30T12:37:29.956114+00:00
6b5a6914-5c8c-4f1a-8675-1bb7d1ad6ee3,SYN-WB-9AE0B23657,Kano Terminal,"Talata Mafara, Nigeria","Talata Mafara, Nigeria",Kano Terminal → TALATA MAFARA,500.0,synthetic,10.0,600.0,12,0,0,0,heavy_fuel_oil,25000.0,tanker,25000.0,1.0,13.5,34.0,20.5,28.2,374.0,Synthetic Customer - Talata Mafara,600.0,2026-05-25T22:29:29.956114+00:00
a4b39534-af6a-4d09-b00f-96d9e0497abf,SYN-WB-4352EAAD6B,Sapele Terminal,"Nasarawa, Nigeria","Nasarawa, Nigeria",Sapele Terminal → NASARAWA,3600.0,synthetic,72.0,4320.0,2,5,1,0,liquefied_natural_gas,20000.0,tanker,33000.0,0.6061,11.5,27.9,16.4,37.52,196.0,Synthetic Customer - Nasarawa,4320.0,2026-07-21T02:22:29.956114+00:00
df1a0136-91dc-4dbc-9d48-d5159f8d6ee6,SYN-WB-4A5695B8EE,PHC Terminal,"Calabar, Nigeria","Calabar, Nigeria",PHC Terminal → CALABAR,1200.0,synthetic,24.0,1440.0,12,5,1,0,liquefied_natural_gas,20000.0,tanker,20000.0,1.0,11.0,27.4,16.4,26.0,454.0,Synthetic Customer - Calabar,1440.0,2025-12-28T12:34:29.956114+00:00
0167fca8-9411-4205-805e-7ff04a9b6894,SYN-WB-65C58172FF,Kano Terminal,"Sokoto, Nigeria","Sokoto, Nigeria",Kano Terminal → SOKOTO,2400.0,synthetic,48.0,2880.0,4,6,1,0,crumb_rubber_modified_bitumen,35000.0,tanker,35000.0,1.0,12.5,41.2,28.7,34.25,307.0,Synthetic Customer - Sokoto,2880.0,2025-09-02T04:54:29.956114+00:00
efa24d96-9bba-430d-98f2-2ffdb348613b,SYN-WB-43EDAB86AD,Sapele Terminal,"Port Harcourt, Nigeria","Port Harcourt, Nigeria",Sapele Terminal → PORT-HAROURT,200.0,synthetic,4.0,240.0,4,2,0,0,marine_gas_oil,25000.0,tanker,25000.0,1.0,13.0,33.5,20.5,25.2,372.0,Synthetic Customer - Port Harcourt,240.0,2025-08-20T08:28:29.956114+00:00
62c13dc8-a16c-4d6a-8f03-46e6c0b32291,SYN-WB-C65AB26B90,Gwagwalada Terminal,"Dutse, Nigeria","Dutse, Nigeria",Gwagwalada Terminal → DUTSE,1200.0,synthetic,24.0,1440.0,12,6,1,0,liquefied_petroleum_gas,20000.0,tanker,25000.0,0.8,13.5,29.9,16.4,26.28,213.0,Synthetic Customer - Dutse,1440.0,2026-06-01T12:03:29.956114+00:00
8066bd95-77b0-42a2-9645-180f04bd04a1,SYN-WB-679AB42637,Gwagwalada Terminal,"Sapele, Nigeria","Sapele, Nigeria",Gwagwalada Terminal → SAPELE,2400.0,synthetic,48.0,2880.0,2,2,0,0,heavy_fuel_oil,30000.0,tanker,30000.0,1.0,12.5,37.1,24.6,37.98,178.0,Synthetic Customer - Sapele,2880.0,2026-05-08T02:19:29.956114+00:00
525918cd-1028-4207-8d63-ed95d8ef5866,SYN-WB-824E10DC34,PHC Terminal,"Damaturu, Nigeria","Damaturu, Nigeria",PHC Terminal → DAMATURU,6000.0,synthetic,120.0,7200.0,13,5,1,0,premium_motor_spirit,25000.0,tanker,25000.0,1.0,13.5,34.0,20.5,31.96,153.0,Synthetic Customer - Damaturu,7200.0,2025-12-25T13:46:29.956114+00:00
0ad8afa5-ea0b-4cd1-886a-a81944436e3a,SYN-WB-76EF0E6AF9,Sapele Terminal,OBURARA,OBURARA,Sapele Terminal → OBURARA,2400.0,synthetic,48.0,2880.0,1,4,0,0,hydraulic_oil,40000.0,tanker,40000.0,1.0,11.0,43.8,32.8,31.23,270.0,Synthetic Customer - Oburara,2880.0,2025-11-23T01:03:29.956114+00:00
1787c1e5-7cfb-4d3e-903a-e6cccf9cc83f,SYN-WB-24F19C1EC9,PHC Terminal,"Ilorin, Nigeria","Ilorin, Nigeria",PHC Terminal → ILORIN,1200.0,synthetic,24.0,1440.0,11,2,0,0,low_pour_fuel_oil,20000.0,tanker,20000.0,1.0,11.0,27.4,16.4,35.1,390.0,Synthetic Customer - Ilorin,1440.0,2025-10-02T11:58:29.956114+00:00
ddabb862-e3b7-4ad8-9aeb-b1d45db8e6f3,SYN-WB-259698ADF2,Kano Terminal,"Okene, Nigeria","Okene, Nigeria",Kano Terminal → OKENE,1450.0,synthetic,29.0,1740.0,13,5,1,0,grease,25000.0,tanker,35000.0,0.7143,12.5,33.0,20.5,36.42,133.0,Synthetic Customer - Okene,1740.0,2026-02-22T18:45:29.956114+00:00
127d3ed5-1278-4d79-9926-59724b29ee57,SYN-WB-C01ADCFD32,Gwagwalada Terminal,"Bida, Nigeria","Bida, Nigeria",Gwagwalada Terminal → BIDA,1200.0,synthetic,24.0,1440.0,2,3,0,0,bitumen_60_70,35000.0,tanker,40000.0,0.875,10.5,39.2,28.7,32.17,426.0,Synthetic Customer - Bida,1440.0,2025-10-10T02:27:29.956114+00:00
71a6bc2c-60ba-411f-9fee-a5b821ebb434,SYN-WB-28FE7E008E,PHC Terminal,"Ogbomoso, Nigeria","Ogbomoso, Nigeria",PHC Terminal → OGBOMOSO,1500.0,synthetic,30.0,1800.0,9,4,0,1,crumb_rubber_modified_bitumen,35000.0,tanker,35000.0,1.0,13.5,42.2,28.7,25.68,346.0,Synthetic Customer - Ogbomoso,1800.0,2026-02-28T15:24:29.956114+00:00
4ba9577e-7f32-4d2c-bec8-739bf4e2f885,SYN-WB-5CE6AE4A97,Sapele Terminal,"Mowe, Nigeria","Mowe, Nigeria",Sapele Terminal → MOWE,1200.0,synthetic,24.0,1440.0,8,4,0,1,base_oil,40000.0,tanker,40000.0,1.0,11.5,44.3,32.8,32.13,221.0,Synthetic Customer - Mowe,1440.0,2026-05-09T08:46:29.956114+00:00
8e5e337e-421b-4bf3-ba26-4281b53dce95,SYN-WB-0C4FB89000,PHC Terminal,"Mowe, Nigeria","Mowe, Nigeria",PHC Terminal → MOWE,1200.0,synthetic,24.0,1440.0,5,6,1,0,gear_oil,20000.0,tanker,20000.0,1.0,12.0,28.4,16.4,34.78,472.0,Synthetic Customer - Mowe,1440.0,2026-03-23T05:20:29.956114+00:00
682dc435-f6ef-411d-b6fc-acb3f82423a3,SYN-WB-9206BA461B,Gwagwalada Terminal,"Talata Mafara, Nigeria","Talata Mafara, Nigeria",Gwagwalada Terminal → TALATA MAFARA,1600.0,synthetic,32.0,1920.0,5,6,1,0,solvent,25000.0,tanker,25000.0,1.0,13.0,33.5,20.5,34.63,101.0,Synthetic Customer - Talata Mafara,1920.0,2025-11-10T13:40:29.956114+00:00
a0202f89-2e4f-4309-88c6-18a06e9158cb,SYN-WB-397586F260,PHC Terminal,YENOGOA,YENOGOA,PHC Terminal → YENOGOA,250.0,synthetic,5.0,300.0,8,2,0,1,marine_gas_oil,33000.0,tanker,35000.0,0.9429,11.5,38.56,27.06,33.31,129.0,Synthetic Customer - Yenogoa,300.0,2026-02-11T13:33:29.956114+00:00
d2ca1ef4-c418-4b8f-a317-9b8986b084e6,SYN-WB-9714656742,Gwagwalada Terminal,"Jos, Nigeria","Jos, Nigeria",Gwagwalada Terminal → JOS,1200.0,synthetic,24.0,1440.0,14,2,0,0,base_oil,20000.0,tanker,40000.0,0.5,10.5,26.9,16.4,30.37,273.0,Synthetic Customer - Jos,1440.0,2025-10-30T14:51:29.956114+00:00
8d6567cf-38b4-4b3d-8966-11cc3cb7cce5,SYN-WB-58097A8A79,Sapele Terminal,"Kogi, Nigeria","Kogi, Nigeria",Sapele Terminal → KOGI,1200.0,synthetic,24.0,1440.0,4,4,0,0,low_pour_fuel_oil,33000.0,tanker,40000.0,0.825,13.5,40.56,27.06,29.8,413.0,Synthetic Customer - Kogi,1440.0,2026-04-25T04:03:29.956114+00:00
bf555b59-4190-46cf-9cd7-d4696cd32d43,SYN-WB-D3C034272A,PHC Terminal,"Biu, Nigeria","Biu, Nigeria",PHC Terminal → BIU,3600.0,synthetic,72.0,4320.0,8,3,0,1,cationic_bitumen_emulsion,20000.0,tanker,25000.0,0.8,12.5,28.9,16.4,27.42,365.0,Synthetic Customer - Biu,4320.0,2026-06-28T08:47:29.956114+00:00
d5e5526a-4314-4651-9406-7dbb0c4222cf,SYN-WB-0EB28BB13B,PHC Terminal,"Jalingo, Nigeria","Jalingo, Nigeria",PHC Terminal → JALINGO,3600.0,synthetic,72.0,4320.0,8,2,0,1,liquefied_natural_gas,20000.0,tanker,25000.0,0.8,13.5,29.9,16.4,37.88,107.0,Synthetic Customer - Jalingo,4320.0,2025-12-13T08:21:29.956114+00:00
71eb88c2-49f8-4cc5-9829-b532ea02a376,SYN-WB-0362C808C9,Gwagwalada Terminal,"Umuahia, Nigeria","Umuahia, Nigeria",Gwagwalada Terminal → UMUAHIA,2400.0,synthetic,48.0,2880.0,1,5,1,0,bitumen_40_50,25000.0,tanker,40000.0,0.625,13.5,34.0,20.5,26.53,167.0,Synthetic Customer - Umuahia,2880.0,2026-08-17T01:03:29.956114+00:00
41e3c79e-6929-4bb1-abfc-4069f88b3c94,SYN-WB-560C6FB61A,PHC Terminal,"Gusau, Nigeria","Gusau, Nigeria",PHC Terminal → GUSAU,4800.0,synthetic,96.0,5760.0,6,4,0,0,bitumen_80_100,20000.0,tanker,20000.0,1.0,12.0,28.4,16.4,30.06,334.0,Synthetic Customer - Gusau,5760.0,2026-03-10T06:34:29.956114+00:00
944f06e9-1413-42a8-9299-87163569f82c,SYN-WB-D5FF73E9DD,PHC Terminal,"Gusau, Nigeria","Gusau, Nigeria",PHC Terminal → GUSAU,4800.0,synthetic,96.0,5760.0,8,2,0,1,anionic_bitumen_emulsion,20000.0,tanker,35000.0,0.5714,13.0,29.4,16.4,29.94,254.0,Synthetic Customer - Gusau,5760.0,2025-10-26T08:23:29.956114+00:00
41ebbc6a-75a0-459a-a624-511b84898669,SYN-WB-53709CB8A4,PHC Terminal,"Ebonyi, Nigeria","Ebonyi, Nigeria",PHC Terminal → EBONYI,1200.0,synthetic,24.0,1440.0,3,6,1,0,cutback_bitumen,20000.0,tanker,40000.0,0.5,12.0,28.4,16.4,32.62,421.0,Synthetic Customer - Ebonyi,1440.0,2026-04-20T03:22:29.956114+00:00
ebab4dd5-53e2-4a69-8e1a-73e30bd41f0a,SYN-WB-D3EBDCBBBA,Kano Terminal,"Birnin Kebbi, Nigeria","Birnin Kebbi, Nigeria",Kano Terminal → BIRNIN KEBBI,2400.0,synthetic,48.0,2880.0,0,0,0,0,crumb_rubber_modified_bitumen,20000.0,tanker,20000.0,1.0,13.5,29.9,16.4,35.71,351.0,Synthetic Customer - Birnin Kebbi,2880.0,2025-10-08T00:45:29.956114+00:00
bfa133c9-53c9-45ea-bee0-0c9412f39f11,SYN-WB-DC5690F4C5,Gwagwalada Terminal,"Katsina, Nigeria","Katsina, Nigeria",Gwagwalada Terminal → KATSINA,2400.0,synthetic,48.0,2880.0,12,1,0,0,anionic_bitumen_emulsion,30000.0,tanker,40000.0,0.75,10.5,35.1,24.6,30.49,285.0,Synthetic Customer - Katsina,2880.0,2025-09-25T12:06:29.956114+00:00
69f200f8-130b-468b-ac33-f6f3959643c3,SYN-WB-02AA6C3B5B,PHC Terminal,FUTUA,FUTUA,PHC Terminal → FUTUA,3600.0,synthetic,72.0,4320.0,6,6,1,0,liquefied_natural_gas,35000.0,tanker,40000.0,0.875,12.0,40.7,28.7,29.75,274.0,Synthetic Customer - Futua,4320.0,2026-02-18T06:19:29.956114+00:00
820b2c8b-97c0-4e46-b408-7505d6c3ee47,SYN-WB-AF826A98D3,Sapele Terminal,"Lagos, Nigeria","Lagos, Nigeria",Sapele Terminal → LAGOS,1350.0,synthetic,27.0,1620.0,10,0,0,0,engine_oil,25000.0,tanker,25000.0,1.0,12.0,32.5,20.5,37.53,132.0,Synthetic Customer - Lagos,1620.0,2025-11-25T13:11:29.956114+00:00
02f41a35-c814-4c62-8b66-482927c4f0cf,SYN-WB-26B036AADD,Gwagwalada Terminal,"Sokoto, Nigeria","Sokoto, Nigeria",Gwagwalada Terminal → SOKOTO,2400.0,synthetic,48.0,2880.0,5,5,1,0,automotive_gas_oil,35000.0,tanker,35000.0,1.0,11.5,40.2,28.7,36.45,137.0,Synthetic Customer - Sokoto,2880.0,2026-02-09T05:19:29.956114+00:00
fdb54772-1c5f-4498-b892-6ca5d445b2dd,SYN-WB-A6C76CD98C,PHC Terminal,"Osun, Nigeria","Osun, Nigeria",PHC Terminal → OSUN,1200.0,synthetic,24.0,1440.0,3,2,0,0,gear_oil,35000.0,tanker,35000.0,1.0,10.5,39.2,28.7,25.29,218.0,Synthetic Customer - Osun,1440.0,2026-05-21T03:12:29.956114+00:00
04c636f7-00c0-44d8-b900-ca94f3bceb55,SYN-WB-736967A5BE,PHC Terminal,"Kwara, Nigeria","Kwara, Nigeria",PHC Terminal → KWARA,2400.0,synthetic,48.0,2880.0,3,3,0,0,low_pour_fuel_oil,30000.0,tanker,35000.0,0.8571,11.5,36.1,24.6,26.36,126.0,Synthetic Customer - Kwara,2880.0,2026-01-10T03:57:29.956114+00:00
e06d6d70-534a-4250-8170-8fbc2a43cb65,SYN-WB-6EB13445C6,Gwagwalada Terminal,"Umuahia, Nigeria","Umuahia, Nigeria",Gwagwalada Terminal → UMUAHIA,2400.0,synthetic,48.0,2880.0,11,1,0,0,cutback_bitumen,25000.0,tanker,35000.0,0.7143,11.0,31.5,20.5,30.56,349.0,Synthetic Customer - Umuahia,2880.0,2026-07-30T11:46:29.956114+00:00
f644c626-f934-4b7c-ac17-f3b773bb4536,SYN-WB-D5D4614DFB,Sapele Terminal,"Jigawa, Nigeria","Jigawa, Nigeria",Sapele Terminal → JIGAWA,4800.0,synthetic,96.0,5760.0,3,5,1,0,hydraulic_oil,35000.0,tanker,40000.0,0.875,11.0,39.7,28.7,27.11,334.0,Synthetic Customer - Jigawa,5760.0,2026-04-29T03:56:29.956114+00:00
ee1ee3d8-d12b-4dd8-8a7a-74ec88b43275,SYN-WB-3EC2821CF4,Gwagwalada Terminal,"Uyo, Nigeria","Uyo, Nigeria",Gwagwalada Terminal → UYO,3600.0,synthetic,72.0,4320.0,7,5,1,1,bitumen_80_100,20000.0,tanker,25000.0,0.8,12.0,28.4,16.4,28.71,429.0,Synthetic Customer - Uyo,4320.0,2026-04-28T07:35:29.956114+00:00
3008ff00-6ef0-44fc-b2b0-b358c2a6df4c,SYN-WB-35B2386C0D,PHC Terminal,"Kano, Nigeria","Kano, Nigeria",PHC Terminal → KANO,3600.0,synthetic,72.0,4320.0,6,1,0,0,crumb_rubber_modified_bitumen,30000.0,tanker,40000.0,0.75,10.5,35.1,24.6,29.27,324.0,Synthetic Customer - Kano,4320.0,2026-07-31T06:59:29.956114+00:00
d06903b3-b414-4b9c-ae2d-76be482dd5b1,SYN-WB-F3D5CE3D8A,Gwagwalada Terminal,"Epe, Nigeria","Epe, Nigeria",Gwagwalada Terminal → EPE,4800.0,synthetic,96.0,5760.0,12,4,0,0,aviation_turbine_kerosene,30000.0,tanker,30000.0,1.0,12.5,37.1,24.6,37.54,376.0,Synthetic Customer - Epe,5760.0,2026-05-19T12:22:29.956114+00:00
d3243374-5271-443c-9b8f-5c04a47f70f1,SYN-WB-8163483AFF,Sapele Terminal,"Minna, Nigeria","Minna, Nigeria",Sapele Terminal → MINNA,3600.0,synthetic,72.0,4320.0,9,0,0,1,bitumen_80_100,20000.0,tanker,25000.0,0.8,13.0,29.4,16.4,30.23,219.0,Synthetic Customer - Minna,4320.0,2025-10-09T09:57:29.956114+00:00
14617339-8d2b-423f-86f4-9f8866d94352,SYN-WB-BCFDB3430F,PHC Terminal,"Sokoto, Nigeria","Sokoto, Nigeria",PHC Terminal → SOKOTO,6000.0,synthetic,120.0,7200.0,5,6,1,0,compressed_natural_gas,20000.0,tanker,20000.0,1.0,13.0,29.4,16.4,26.73,280.0,Synthetic Customer - Sokoto,7200.0,2025-08-29T05:56:29.956114+00:00
8d54bda7-45d6-4c0b-bd75-d2513a7e0bfa,SYN-WB-FD21D96308,Gwagwalada Terminal,"Minna, Nigeria","Minna, Nigeria",Gwagwalada Terminal → MINNA,300.0,synthetic,6.0,360.0,14,0,0,0,bitumen_40_50,40000.0,tanker,40000.0,1.0,11.5,44.3,32.8,28.14,300.0,Synthetic Customer - Minna,360.0,2026-02-23T20:56:29.956114+00:00
beb0ca31-5abc-437a-8420-1ece6eb2164a,SYN-WB-A9BB7B289D,Gwagwalada Terminal,"Ilorin, Nigeria","Ilorin, Nigeria",Gwagwalada Terminal → ILORIN,3600.0,synthetic,72.0,4320.0,6,2,0,0,paraffin_wax,35000.0,tanker,35000.0,1.0,12.0,40.7,28.7,32.74,365.0,Synthetic Customer - Ilorin,4320.0,2025-12-27T06:23:29.956114+00:00
4195110f-1840-4e01-9e92-bc6f65a5a207,SYN-WB-7F22464E24,PHC Terminal,"Osogbo, Nigeria","Osogbo, Nigeria",PHC Terminal → OSOGBO,1200.0,synthetic,24.0,1440.0,4,1,0,0,paraffin_wax,33000.0,tanker,40000.0,0.825,11.5,38.56,27.06,33.37,218.0,Synthetic Customer - Osogbo,1440.0,2026-08-12T04:08:29.956114+00:00
95a8206b-ae34-4e50-9694-2ea776fe60e7,SYN-WB-76AB371376,PHC Terminal,"Talata Mafara, Nigeria","Talata Mafara, Nigeria",PHC Terminal → TALATA MAFARA,6000.0,synthetic,120.0,7200.0,9,2,0,1,natural_gas,30000.0,tanker,35000.0,0.8571,13.0,37.6,24.6,36.34,394.0,Synthetic Customer - Talata Mafara,7200.0,2026-07-27T09:20:29.956114+00:00
d65f6242-7c87-470b-9e6e-00d3ea4e34e4,SYN-WB-FF57F051A7,Sapele Terminal,"Lagos, Nigeria","Lagos, Nigeria",Sapele Terminal → LAGOS,1350.0,synthetic,27.0,1620.0,7,5,1,1,bitumen_60_70,20000.0,tanker,20000.0,1.0,11.0,27.4,16.4,35.83,445.0,Synthetic Customer - Lagos,1620.0,2025-09-07T10:02:29.956114+00:00
5363ed83-426d-45be-a933-017497e03156,SYN-WB-803D57CCBF,PHC Terminal,"Sapele, Nigeria","Sapele, Nigeria",PHC Terminal → SAPELE,300.0,synthetic,6.0,360.0,11,4,0,0,liquefied_natural_gas,30000.0,tanker,40000.0,0.75,13.0,37.6,24.6,30.95,390.0,Synthetic Customer - Sapele,360.0,2026-07-17T17:29:29.956114+00:00
1a3d759b-7091-45b3-9866-08ca2453d7d4,SYN-WB-51E26CB41E,Sapele Terminal,"Birnin Kebbi, Nigeria","Birnin Kebbi, Nigeria",Sapele Terminal → BIRNIN KEBBI,7200.0,synthetic,144.0,8640.0,5,4,0,0,natural_gas,40000.0,tanker,40000.0,1.0,13.0,45.8,32.8,30.79,496.0,Synthetic Customer - Birnin Kebbi,8640.0,2026-04-02T05:37:29.956114+00:00
d8469360-64b4-4cdb-bd7d-425c498b1b82,SYN-WB-705CF255F8,Sapele Terminal,AKWAIBOM,"Uyo, Nigeria",Sapele Terminal → AKWAIBOM,1200.0,synthetic,24.0,1440.0,13,2,0,0,liquefied_petroleum_gas,20000.0,tanker,40000.0,0.5,12.0,28.4,16.4,31.16,373.0,Synthetic Customer - Uyo,1440.0,2026-01-08T13:53:29.956114+00:00
fdff6d48-662e-4e43-83ed-04926608cc94,SYN-WB-312C13AA2B,Kano Terminal,"Uyo, Nigeria","Uyo, Nigeria",Kano Terminal → UYO,3600.0,synthetic,72.0,4320.0,6,5,1,0,transmission_fluid,20000.0,tanker,20000.0,1.0,13.5,29.9,16.4,33.1,332.0,Synthetic Customer - Uyo,4320.0,2026-07-21T06:16:29.956114+00:00
14b97875-52fb-48b3-b3a4-6427f7705132,SYN-WB-37486329D7,Sapele Terminal,"Abeokuta, Nigeria","Abeokuta, Nigeria",Sapele Terminal → ABEOKUTA,1200.0,synthetic,24.0,1440.0,1,1,0,0,liquefied_natural_gas,40000.0,tanker,40000.0,1.0,13.0,45.8,32.8,32.23,463.0,Synthetic Customer - Abeokuta,1440.0,2026-02-25T01:50:29.956114+00:00
f050d988-419a-4048-badc-fc5c366ca6b2,SYN-WB-2F56E37A42,Kano Terminal,"Mubi, Nigeria","Mubi, Nigeria",Kano Terminal → MUBI,2400.0,synthetic,48.0,2880.0,2,2,0,0,solvent,20000.0,tanker,20000.0,1.0,11.0,27.4,16.4,37.54,344.0,Synthetic Customer - Mubi,2880.0,2025-10-17T02:44:29.956114+00:00
00a0cbf5-50eb-4617-90e4-332f7619d3fe,SYN-WB-83BA52EACF,PHC Terminal,"Gusau, Nigeria","Gusau, Nigeria",PHC Terminal → GUSAU,4800.0,synthetic,96.0,5760.0,15,1,0,0,paraffin_wax,40000.0,tanker,40000.0,1.0,11.0,43.8,32.8,26.3,357.0,Synthetic Customer - Gusau,5760.0,2025-08-23T15:13:29.956114+00:00
70977e07-0b68-4077-8e54-39e0ed28ad3c,SYN-WB-A33DFCF6C3,Gwagwalada Terminal,"Maiduguri, Nigeria","Maiduguri, Nigeria",Gwagwalada Terminal → MAIDUGURI,2400.0,synthetic,48.0,2880.0,3,1,0,0,compressed_natural_gas,20000.0,tanker,20000.0,1.0,13.5,29.9,16.4,29.74,489.0,Synthetic Customer - Maiduguri,2880.0,2025-11-06T03:26:29.956114+00:00
ade2c4d0-b9ee-4af6-a9dd-fdb2913e7826,SYN-WB-C60DFC16DF,Kano Terminal,"Talata Mafara, Nigeria","Talata Mafara, Nigeria",Kano Terminal → TALATA MAFARA,500.0,synthetic,10.0,600.0,14,3,0,0,marine_diesel_oil,25000.0,tanker,25000.0,1.0,13.0,33.5,20.5,25.92,486.0,Synthetic Customer - Talata Mafara,600.0,2026-01-16T00:14:29.956114+00:00
62e2f0d9-59c9-4c57-a037-84bb736ab32a,SYN-WB-476A89D758,Gwagwalada Terminal,"Damaturu, Nigeria","Damaturu, Nigeria",Gwagwalada Terminal → DAMATURU,2400.0,synthetic,48.0,2880.0,11,5,1,0,engine_oil,20000.0,tanker,40000.0,0.5,13.0,29.4,16.4,33.4,486.0,Synthetic Customer - Damaturu,2880.0,2025-11-24T11:31:29.956114+00:00
e86c4874-b136-4d1d-9f97-7fe6a8f27294,SYN-WB-7BD1924854,Gwagwalada Terminal,"Enugu, Nigeria","Enugu, Nigeria",Gwagwalada Terminal → ENUGU,2400.0,synthetic,48.0,2880.0,12,2,0,0,heavy_fuel_oil,35000.0,tanker,40000.0,0.875,13.0,41.7,28.7,33.52,140.0,Synthetic Customer - Enugu,2880.0,2026-07-03T12:07:29.956114+00:00
5e649f4f-b576-4378-b7ff-69c40bfa43af,SYN-WB-48AB0F3B88,Gwagwalada Terminal,FUTUA,FUTUA,Gwagwalada Terminal → FUTUA,1200.0,synthetic,24.0,1440.0,15,4,0,0,engine_oil,20000.0,tanker,20000.0,1.0,10.5,26.9,16.4,35.86,183.0,Synthetic Customer - Futua,1440.0,2025-09-27T15:15:29.956114+00:00
7a97e46f-a875-4803-b8de-2be82a94d63d,SYN-WB-35185A7340,Gwagwalada Terminal,"Gusau, Nigeria","Gusau, Nigeria",Gwagwalada Terminal → GUSAU,1200.0,synthetic,24.0,1440.0,3,3,0,0,heavy_fuel_oil,40000.0,tanker,40000.0,1.0,12.0,44.8,32.8,25.79,472.0,Synthetic Customer - Gusau,1440.0,2026-03-13T03:16:29.956114+00:00
751eb572-4d40-4b8b-9ed6-657e6e9c6366,SYN-WB-AF9605545D,Sapele Terminal,"Sokoto, Nigeria","Sokoto, Nigeria",Sapele Terminal → SOKOTO,6000.0,synthetic,120.0,7200.0,12,3,0,0,marine_diesel_oil,33000.0,tanker,40000.0,0.825,11.5,38.56,27.06,33.26,403.0,Synthetic Customer - Sokoto,7200.0,2025-08-26T12:14:29.956114+00:00
7bec892c-9bea-442d-be3d-2b578815f6b1,SYN-WB-114CB2EABB,Gwagwalada Terminal,"Kaduna, Nigeria","Kaduna, Nigeria",Gwagwalada Terminal → KADUNA,300.0,synthetic,6.0,360.0,8,0,0,1,household_kerosene,20000.0,tanker,35000.0,0.5714,13.0,29.4,16.4,34.79,394.0,Synthetic Customer - Kaduna,360.0,2026-01-26T14:53:29.956114+00:00
0248a718-fa42-4833-87d7-268c1854c73e,SYN-WB-0838674604,PHC Terminal,"Damaturu, Nigeria","Damaturu, Nigeria",PHC Terminal → DAMATURU,6000.0,synthetic,120.0,7200.0,1,1,0,0,heavy_fuel_oil,33000.0,tanker,35000.0,0.9429,13.5,40.56,27.06,30.33,184.0,Synthetic Customer - Damaturu,7200.0,2026-05-31T01:30:29.956114+00:00
e95acea1-a32d-45ca-88a2-2e40b6ca1f08,SYN-WB-E98D1B1864,Sapele Terminal,"Dutse, Nigeria","Dutse, Nigeria",Sapele Terminal → DUTSE,4800.0,synthetic,96.0,5760.0,8,1,0,1,grease,30000.0,tanker,33000.0,0.9091,12.0,36.6,24.6,29.96,423.0,Synthetic Customer - Dutse,5760.0,2026-03-14T08:52:29.956114+00:00
b50f34b7-1e9b-403b-8517-2ffbf0500819,SYN-WB-97D491D645,Kano Terminal,"Birnin Kebbi, Nigeria","Birnin Kebbi, Nigeria",Kano Terminal → BIRNIN KEBBI,2400.0,synthetic,48.0,2880.0,4,2,0,0,polymer_modified_bitumen,25000.0,tanker,35000.0,0.7143,10.5,31.0,20.5,34.59,206.0,Synthetic Customer - Birnin Kebbi,2880.0,2026-06-26T04:20:29.956114+00:00
2a044756-e0c2-4cb3-b4fb-7cad0a6c9520,SYN-WB-D677856C1D,Gwagwalada Terminal,"Kwara, Nigeria","Kwara, Nigeria",Gwagwalada Terminal → KWARA,3600.0,synthetic,72.0,4320.0,8,2,0,1,bitumen_40_50,35000.0,tanker,35000.0,1.0,11.5,40.2,28.7,27.88,463.0,Synthetic Customer - Kwara,4320.0,2026-01-10T08:52:29.956114+00:00
58c32588-be71-46c2-a239-de295982c073,SYN-WB-2E45F78A1A,Sapele Terminal,"Port Harcourt, Nigeria","Port Harcourt, Nigeria",Sapele Terminal → PORT-HAROURT,200.0,synthetic,4.0,240.0,4,5,1,0,marine_diesel_oil,33000.0,tanker,40000.0,0.825,13.5,40.56,27.06,29.14,168.0,Synthetic Customer - Port Harcourt,240.0,2026-08-08T08:56:29.956114+00:00
723115aa-ff1d-4369-a255-c47611dab5b6,SYN-WB-66FFC3052A,Gwagwalada Terminal,"Sokoto, Nigeria","Sokoto, Nigeria",Gwagwalada Terminal → SOKOTO,2400.0,synthetic,48.0,2880.0,12,1,0,0,transmission_fluid,20000.0,tanker,20000.0,1.0,12.5,28.9,16.4,31.45,361.0,Synthetic Customer - Sokoto,2880.0,2026-02-05T12:59:29.956114+00:00
cecbab8d-9e0e-4717-b1db-57d7d73965cf,SYN-WB-BD47EC086A,Sapele Terminal,"Kogi, Nigeria","Kogi, Nigeria",Sapele Terminal → KOGI,1200.0,synthetic,24.0,1440.0,2,3,0,0,bitumen_80_100,20000.0,tanker,20000.0,1.0,13.0,29.4,16.4,30.33,132.0,Synthetic Customer - Kogi,1440.0,2026-04-10T02:32:29.956114+00:00
02f700f5-9bcf-43f9-aa61-4717e5eae8f0,SYN-WB-F81619AB26,Gwagwalada Terminal,"Bauchi, Nigeria","Bauchi, Nigeria",Gwagwalada Terminal → BAUCHI,1200.0,synthetic,24.0,1440.0,8,3,0,1,bitumen_60_70,20000.0,tanker,20000.0,1.0,12.0,28.4,16.4,30.1,481.0,Synthetic Customer - Bauchi,1440.0,2025-10-03T08:38:29.956114+00:00
e9667ea9-bec0-4ae3-a91f-7c988a6f725f,SYN-WB-6AC2D2CA71,PHC Terminal,"Abeokuta, Nigeria","Abeokuta, Nigeria",PHC Terminal → ABEOKUTA,1200.0,synthetic,24.0,1440.0,10,0,0,0,grease,20000.0,tanker,20000.0,1.0,12.0,28.4,16.4,27.18,455.0,Synthetic Customer - Abeokuta,1440.0,2026-04-14T10:26:29.956114+00:00
aab47a20-7779-420d-ab2e-4483456f22db,SYN-WB-34934CA369,Sapele Terminal,"Jigawa, Nigeria","Jigawa, Nigeria",Sapele Terminal → JIGAWA,4800.0,synthetic,96.0,5760.0,12,4,0,0,liquefied_natural_gas,35000.0,tanker,40000.0,0.875,13.0,41.7,28.7,34.85,218.0,Synthetic Customer - Jigawa,5760.0,2026-02-10T12:53:29.956114+00:00
06e723f5-dc98-4e33-a33c-d667b0e71780,SYN-WB-C0DC18A8D3,Gwagwalada Terminal,"Ilorin, Nigeria","Ilorin, Nigeria",Gwagwalada Terminal → ILORIN,3600.0,synthetic,72.0,4320.0,9,2,0,1,cutback_bitumen,20000.0,tanker,20000.0,1.0,12.0,28.4,16.4,25.04,196.0,Synthetic Customer - Ilorin,4320.0,2025-12-27T09:34:29.956114+00:00
b08bb3d2-83bb-48ba-b9e1-d3090ca52101,SYN-WB-47ED13796D,PHC Terminal,"Aba, Nigeria","Taraba, Nigeria",PHC Terminal → ABA,150.0,synthetic,3.0,180.0,9,6,1,1,household_kerosene,20000.0,tanker,40000.0,0.5,10.5,26.9,16.4,32.97,275.0,Synthetic Customer - Taraba,180.0,2026-05-10T12:34:29.956114+00:00
27cfaf21-f7df-4541-b9e7-511022c31f7a,SYN-WB-6A640718FB,Gwagwalada Terminal,FUTUA,FUTUA,Gwagwalada Terminal → FUTUA,1200.0,synthetic,24.0,1440.0,9,1,0,1,transmission_fluid,20000.0,tanker,20000.0,1.0,13.0,29.4,16.4,32.77,442.0,Synthetic Customer - Futua,1440.0,2025-12-17T09:54:29.956114+00:00
76676823-4e19-4a0b-9361-e0ef88769bf6,SYN-WB-C6778A3AA7,PHC Terminal,"Maiduguri, Nigeria","Maiduguri, Nigeria",PHC Terminal → MAIDUGURI,6000.0,synthetic,120.0,7200.0,13,6,1,0,cationic_bitumen_emulsion,40000.0,tanker,40000.0,1.0,11.0,43.8,32.8,25.71,323.0,Synthetic Customer - Maiduguri,7200.0,2026-03-20T13:58:29.956114+00:00
c9186bc6-9b51-49f2-b9a9-bbc6c556d3eb,SYN-WB-D6D92259A4,PHC Terminal,"Umuahia, Nigeria","Umuahia, Nigeria",PHC Terminal → UMUAHIA,200.0,synthetic,4.0,240.0,7,4,0,1,base_oil,20000.0,tanker,20000.0,1.0,12.0,28.4,16.4,34.0,288.0,Synthetic Customer - Umuahia,240.0,2026-02-20T11:45:29.956114+00:00
0f5f0570-fe21-4a48-b9db-05383221546c,SYN-WB-307E0773E4,Kano Terminal,"Enugu, Nigeria","Enugu, Nigeria",Kano Terminal → ENUGU,2400.0,synthetic,48.0,2880.0,9,5,1,1,bitumen_40_50,20000.0,tanker,20000.0,1.0,11.0,27.4,16.4,25.37,390.0,Synthetic Customer - Enugu,2880.0,2025-10-20T09:58:29.956114+00:00
5e075ada-94d2-4bb6-81a7-5d6077efc321,SYN-WB-36350FA583,Gwagwalada Terminal,"Uyo, Nigeria","Uyo, Nigeria",Gwagwalada Terminal → UYO,3600.0,synthetic,72.0,4320.0,8,4,0,1,paraffin_wax,30000.0,tanker,35000.0,0.8571,12.5,37.1,24.6,30.33,140.0,Synthetic Customer - Uyo,4320.0,2025-08-25T08:32:29.956114+00:00
b293d099-1ab8-41f7-b918-3b2c17124f91,SYN-WB-094A875AAA,Gwagwalada Terminal,"Gombe, Nigeria","Gombe, Nigeria",Gwagwalada Terminal → GOMBE,2400.0,synthetic,48.0,2880.0,10,5,1,0,paraffin_wax,25000.0,tanker,35000.0,0.7143,13.0,33.5,20.5,27.58,241.0,Synthetic Customer - Gombe,2880.0,2026-07-13T10:47:29.956114+00:00
05861be2-ad0a-41d3-82f2-071c4792329f,SYN-WB-24FE171000,Sapele Terminal,"Mayo-Belwa, Nigeria","Mayo-Belwa, Nigeria",Sapele Terminal → MAYO BELWA,3600.0,synthetic,72.0,4320.0,4,3,0,0,engine_oil,33000.0,tanker,33000.0,1.0,13.0,40.06,27.06,35.52,314.0,Synthetic Customer - Mayo-Belwa,4320.0,2025-12-14T04:11:29.956114+00:00
5668e982-2f95-41e2-95ac-e670348a1ce8,SYN-WB-5BCF7D1AB9,Kano Terminal,"Uyo, Nigeria","Uyo, Nigeria",Kano Terminal → UYO,3600.0,synthetic,72.0,4320.0,11,0,0,0,household_kerosene,25000.0,tanker,25000.0,1.0,11.0,31.5,20.5,33.06,223.0,Synthetic Customer - Uyo,4320.0,2026-06-04T11:11:29.956114+00:00
97f5fee9-76b6-4c34-a4e4-7fb48f82349e,SYN-WB-4A7061190D,Kano Terminal,"Dutse, Nigeria","Dutse, Nigeria",Kano Terminal → DUTSE,200.0,synthetic,4.0,240.0,8,4,0,1,automotive_gas_oil,35000.0,tanker,35000.0,1.0,11.5,40.2,28.7,35.86,253.0,Synthetic Customer - Dutse,240.0,2025-10-24T12:27:29.956114+00:00
ba982749-9b54-4b29-8342-5484a3c1e750,SYN-WB-6DFFE50DE5,PHC Terminal,"Mayo-Belwa, Nigeria","Mayo-Belwa, Nigeria",PHC Terminal → MAYO BELWA,3600.0,synthetic,72.0,4320.0,0,3,0,0,bitumen_60_70,33000.0,tanker,40000.0,0.825,12.0,39.06,27.06,30.31,396.0,Synthetic Customer - Mayo-Belwa,4320.0,2026-04-12T00:27:29.956114+00:00
248bde52-3fb4-4006-aa84-9681a5efd400,SYN-WB-D7422AFE5B,Gwagwalada Terminal,"Jos, Nigeria","Jos, Nigeria",Gwagwalada Terminal → JOS,1200.0,synthetic,24.0,1440.0,10,0,0,0,liquefied_natural_gas,25000.0,tanker,35000.0,0.7143,10.5,31.0,20.5,37.15,204.0,Synthetic Customer - Jos,1440.0,2026-06-09T10:19:29.956114+00:00
48addbf9-27b4-4a36-98ba-4c4cb42db75e,SYN-WB-10FD5251F8,Sapele Terminal,"Anambra, Nigeria","Anambra, Nigeria",Sapele Terminal → ANAMBRA,1200.0,synthetic,24.0,1440.0,7,5,1,1,compressed_natural_gas,25000.0,tanker,25000.0,1.0,11.5,32.0,20.5,35.54,490.0,Synthetic Customer - Anambra,1440.0,2025-11-23T07:50:29.956114+00:00
747b40d1-564b-42fb-a57d-e39a1209c6c4,SYN-WB-B0A30ACDD8,Sapele Terminal,"Ogun, Nigeria","Ogun, Nigeria",Sapele Terminal → OGUN,1200.0,synthetic,24.0,1440.0,5,1,0,0,low_pour_fuel_oil,20000.0,tanker,40000.0,0.5,13.5,29.9,16.4,31.91,239.0,Synthetic Customer - Ogun,1440.0,2026-03-04T05:12:29.956114+00:00
a7a670bf-c856-4261-be99-03d99012620d,SYN-WB-7FA05B9ADD,PHC Terminal,"Ondo, Nigeria","Ondo, Nigeria",PHC Terminal → ONDO,1200.0,synthetic,24.0,1440.0,10,6,1,0,low_pour_fuel_oil,25000.0,tanker,25000.0,1.0,13.0,33.5,20.5,30.69,122.0,Synthetic Customer - Ondo,1440.0,2026-08-03T10:10:29.956114+00:00
39c811a0-53e6-467f-8c5b-65f2a3d7b8d7,SYN-WB-B03F1B5E3A,PHC Terminal,"Mubi, Nigeria","Mubi, Nigeria",PHC Terminal → MUBI,4800.0,synthetic,96.0,5760.0,13,1,0,0,crumb_rubber_modified_bitumen,35000.0,tanker,35000.0,1.0,10.5,39.2,28.7,30.29,223.0,Synthetic Customer - Mubi,5760.0,2025-11-15T13:22:29.956114+00:00
babc2a0c-c56c-42fe-a4c7-ce054fb047cb,SYN-WB-7EB234E1BA,Kano Terminal,"Uyo, Nigeria","Uyo, Nigeria",Kano Terminal → UYO,3600.0,synthetic,72.0,4320.0,4,0,0,0,bitumen_60_70,25000.0,tanker,25000.0,1.0,12.0,32.5,20.5,32.59,338.0,Synthetic Customer - Uyo,4320.0,2026-02-26T04:43:29.956114+00:00
c73857a3-97de-4ce1-bcc0-35b49ff5d518,SYN-WB-CAFC4DBC5C,Gwagwalada Terminal,"Anambra, Nigeria","Anambra, Nigeria",Gwagwalada Terminal → ANAMBRA,1200.0,synthetic,24.0,1440.0,2,4,0,0,bitumen_40_50,20000.0,tanker,40000.0,0.5,12.0,28.4,16.4,36.95,356.0,Synthetic Customer - Anambra,1440.0,2026-07-11T02:12:29.956114+00:00
f5bf94ba-dd79-417e-95fc-0b0eea679e90,SYN-WB-82AF18A628,Gwagwalada Terminal,"Mowe, Nigeria","Mowe, Nigeria",Gwagwalada Terminal → MOWE,2400.0,synthetic,48.0,2880.0,11,1,0,0,compressed_natural_gas,20000.0,tanker,20000.0,1.0,10.5,26.9,16.4,26.97,301.0,Synthetic Customer - Mowe,2880.0,2025-09-18T11:03:29.956114+00:00
3df8d57f-0cb0-4062-8826-a2f981564de8,SYN-WB-4466555706,Gwagwalada Terminal,"Sapele, Nigeria","Sapele, Nigeria",Gwagwalada Terminal → SAPELE,2400.0,synthetic,48.0,2880.0,8,3,0,1,bitumen_80_100,40000.0,tanker,40000.0,1.0,13.0,45.8,32.8,31.2,280.0,Synthetic Customer - Sapele,2880.0,2026-03-21T08:33:29.956114+00:00
9c932ee6-c077-4646-8c5b-2b99aa5d5138,SYN-WB-828221728D,Kano Terminal,"Gusau, Nigeria","Gusau, Nigeria",Kano Terminal → GUSAU,400.0,synthetic,8.0,480.0,8,1,0,1,gear_oil,20000.0,tanker,20000.0,1.0,11.5,27.9,16.4,37.85,157.0,Synthetic Customer - Gusau,480.0,2026-05-19T16:02:29.956114+00:00
95e3794f-0a7e-48ca-895a-ed20280ea90a,SYN-WB-7A340F0CE2,Gwagwalada Terminal,"Zamfara, Nigeria","Zamfara, Nigeria",Gwagwalada Terminal → ZAMFARA,1200.0,synthetic,24.0,1440.0,11,3,0,0,solvent,20000.0,tanker,25000.0,0.8,10.5,26.9,16.4,27.1,245.0,Synthetic Customer - Zamfara,1440.0,2026-07-24T11:08:29.956114+00:00
bb670778-bbf8-441f-9016-6dd48c9d3bc3,SYN-WB-6774F3A747,PHC Terminal,"Mokwa, Nigeria","Mokwa, Nigeria",PHC Terminal → MOKWA,4800.0,synthetic,96.0,5760.0,9,4,0,1,engine_oil,33000.0,tanker,40000.0,0.825,11.0,38.06,27.06,26.15,470.0,Synthetic Customer - Mokwa,5760.0,2025-09-09T09:24:29.956114+00:00
ea65aa23-0843-4d54-832a-6cece2b802d5,SYN-WB-553796D971,Kano Terminal,"Talata Mafara, Nigeria","Talata Mafara, Nigeria",Kano Terminal → TALATA MAFARA,500.0,synthetic,10.0,600.0,14,1,0,0,paraffin_wax,25000.0,tanker,25000.0,1.0,10.5,31.0,20.5,28.81,291.0,Synthetic Customer - Talata Mafara,600.0,2026-08-12T00:00:29.956114+00:00
4246f068-aebf-42dd-8ca2-3e050ea51d22,SYN-WB-B7398C0131,PHC Terminal,"Yola, Nigeria","Yola, Nigeria",PHC Terminal → YOLA,3600.0,synthetic,72.0,4320.0,7,4,0,1,transmission_fluid,25000.0,tanker,40000.0,0.625,12.5,33.0,20.5,34.1,243.0,Synthetic Customer - Yola,4320.0,2025-11-10T07:13:29.956114+00:00
af6386db-4570-4f71-a494-bd61f7cfa3b9,SYN-WB-55E3DAEE37,Kano Terminal,"Kaduna, Nigeria","Kaduna, Nigeria",Kano Terminal → KADUNA,300.0,synthetic,6.0,360.0,9,6,1,1,grease,20000.0,tanker,20000.0,1.0,11.5,27.9,16.4,32.53,117.0,Synthetic Customer - Kaduna,360.0,2026-06-14T15:44:29.956114+00:00
c4c01564-d95b-438d-bf9c-1aa9e9201911,SYN-WB-6A74FEF10B,Sapele Terminal,"Anambra, Nigeria","Anambra, Nigeria",Sapele Terminal → ANAMBRA,1200.0,synthetic,24.0,1440.0,11,5,1,0,automotive_gas_oil,25000.0,tanker,40000.0,0.625,10.5,31.0,20.5,30.87,455.0,Synthetic Customer - Anambra,1440.0,2025-12-14T11:39:29.956114+00:00
5ea4ae68-3749-45af-b2c3-35e28a6f360e,SYN-WB-464D57A749,Sapele Terminal,"Minna, Nigeria","Minna, Nigeria",Sapele Terminal → MINNA,3600.0,synthetic,72.0,4320.0,8,5,1,1,solvent,33000.0,tanker,33000.0,1.0,12.5,39.56,27.06,37.52,174.0,Synthetic Customer - Minna,4320.0,2025-09-16T08:19:29.956114+00:00
777fea9d-b304-412b-b16d-bace28bc362f,SYN-WB-1343E7299A,Kano Terminal,"Kaduna, Nigeria","Kaduna, Nigeria",Kano Terminal → KADUNA,300.0,synthetic,6.0,360.0,3,3,0,0,cationic_bitumen_emulsion,20000.0,tanker,20000.0,1.0,13.5,29.9,16.4,35.45,271.0,Synthetic Customer - Kaduna,360.0,2026-04-30T09:04:29.956114+00:00
0846a56d-4142-420e-a376-1feaa7545602,SYN-WB-FB95C63AAC,Sapele Terminal,"Damaturu, Nigeria","Damaturu, Nigeria",Sapele Terminal → DAMATURU,6000.0,synthetic,120.0,7200.0,6,2,0,0,bitumen_80_100,40000.0,tanker,40000.0,1.0,11.5,44.3,32.8,30.18,176.0,Synthetic Customer - Damaturu,7200.0,2026-05-18T06:17:29.956114+00:00
e016fa3d-e2aa-4d95-872f-6910c4f1c561,SYN-WB-6C641C41AF,Sapele Terminal,"Gusau, Nigeria","Gusau, Nigeria",Sapele Terminal → GUSAU,4800.0,synthetic,96.0,5760.0,6,2,0,0,household_kerosene,30000.0,tanker,40000.0,0.75,10.5,35.1,24.6,30.85,292.0,Synthetic Customer - Gusau,5760.0,2026-05-24T06:58:29.956114+00:00
b25afe47-00ed-4b44-830d-4d69aa89e9cd,SYN-WB-1D4E0FCB46,Gwagwalada Terminal,"Jebba, Nigeria","Jebba, Nigeria",Gwagwalada Terminal → JEBBA,2400.0,synthetic,48.0,2880.0,12,1,0,0,cationic_bitumen_emulsion,25000.0,tanker,25000.0,1.0,12.0,32.5,20.5,31.97,438.0,Synthetic Customer - Jebba,2880.0,2026-07-02T12:11:29.956114+00:00
37731489-95ee-4907-b9ae-90ccb98afb2a,SYN-WB-0D8A06D489,Gwagwalada Terminal,"Epe, Nigeria","Epe, Nigeria",Gwagwalada Terminal → EPE,4800.0,synthetic,96.0,5760.0,15,0,0,0,hydraulic_oil,40000.0,tanker,40000.0,1.0,13.0,45.8,32.8,31.88,475.0,Synthetic Customer - Epe,5760.0,2026-03-20T15:02:29.956114+00:00
c3e57bf8-4ff4-4304-a2b2-ae5da2d0dc56,SYN-WB-5D85AE413D,Sapele Terminal,"Katsina, Nigeria","Katsina, Nigeria",Sapele Terminal → KATSINA,4800.0,synthetic,96.0,5760.0,3,5,1,0,low_pour_fuel_oil,20000.0,tanker,20000.0,1.0,13.5,29.9,16.4,31.51,265.0,Synthetic Customer - Katsina,5760.0,2026-08-12T03:33:29.956114+00:00
949016a0-425b-4955-9c6e-3bc12c1253c0,SYN-WB-F46E6AA14A,PHC Terminal,YENOGOA,YENOGOA,PHC Terminal → YENOGOA,250.0,synthetic,5.0,300.0,9,1,0,1,liquefied_petroleum_gas,20000.0,tanker,40000.0,0.5,13.5,29.9,16.4,27.64,392.0,Synthetic Customer - Yenagoa,300.0,2026-05-19T14:13:29.956114+00:00
